text,intent
I need help closing a platinum account,account_access
how do I use the freemium account?,account_access
I need assistance with opening a {{Account Type}} acount,account_access
chnge data on {{Account Category}} account,account_access
help me to report damn sign-up erors,account_access
I do not know what I have to do to cancel my {{Account Type}} account,account_access
I can't report errors with signup,account_access
can I change to the premium account?,account_access
switch to platinum account,account_access
have a problem with creating my standard account,account_access
want help closing the  standard account,account_access
I want a {{Account Type}} account,account_access
where to notify of an issue with a sign-up,account_access
I need help to inform of problems with a sign-up,account_access
I want help informing of an issue with a sign-up,account_access
I need assistance resetting the PIN of my profile,account_access
i want information about the removal of a standard account,account_access
create new {{Account Type}} account for daughter,account_access
can I create a different bloody {{Account Type}} account for my father?,account_access
what d I have to do to notify of an issue with a signup?,account_access
"I cannot create a user, help to inform of a signup problem",account_access
i dont know what i need to do to create a premium account,account_access
modify information on standard account,account_access
is it possible to reset the keyof my user account,account_access
can I report issues with sign-up?,account_access
open platinum account for wife,account_access
I want informatoin about the cancellation of my {{Account Type}} account,account_access
problem with standard account terminations,account_access
i dont know what to do to notify of an issdue with a sign-up,account_access
where to inform of errorswith registrations?,account_access
how could I edit my damn user?,account_access
can you help me recover my user profile password?,account_access
where to inform of an issue witha sign-up,account_access
i want a {{Account Category}} account for my dad,account_access
how can I recover my user account PIN?,account_access
I need information about the termination of my {{Account Type}} account,account_access
modify details on standard account,account_access
I'm experiencing a registration error,account_access
how can I create a standard account for my fiance?,account_access
I do not know what to do to cancel the {{Account Type}} account,account_access
have problems with the cancellation of my {{Account Type}} account,account_access
can I inform of a problem with registrations?,account_access
give me information about the removal of a premium account,account_access
"I need to use the gold profile, how can I do it?",account_access
I don't know how to delete my standard account,account_access
i do not know what to od to cancel the freemium account,account_access
how to reset the apssword of my account,account_access
I want to correct my user info,account_access
question about a pass recovery,account_access
I have problems with the deletion of a {{Account Type}} account,account_access
I don't know how to report problems with a registration,account_access
creating new standard account for daughter,account_access
I do not know how I can cancel my {{Account Category}} account,account_access
I need help to retrieve my pass,account_access
help me nltifying of issues with a sign-up,account_access
"I want astandard account, could I open it?",account_access
I try to notify of issues with registrations,account_access
"I have got to reset my profile access key, can you help me?",account_access
could i open a goddamn standard account for mh mom,account_access
open platinum account,account_access
I am trying to change to the {{Account Type}} account,account_access
delete account,account_access
how can i switch to the standard account,account_access
need hepl switching to the {{Account Category}} account,account_access
delete gold acvount,account_access
i do not know what to do to modify the user info,account_access
opening new gold account,account_access
notifying of issue creating user account,account_access
"I need to change to the {{Account Category}} account, how to do it?",account_access
create freemium account for wife,account_access
"I don't use my {{Account Category}} account, I want help to close it",account_access
what do I have to do to report errors with a registration?,account_access
edit {{Account Category}} account,account_access
new freemium account,account_access
editing freemium  account,account_access
need help using the platinum profile,account_access
i dont know what i need to do to delete the standard account,account_access
help me retrieve my user  account pin,account_access
want help opening a premium account for my daughter,account_access
can you give me information about standard account removals?,account_access
I try to recover the PIN of my account,account_access
cnange info on standard account,account_access
I want help cancelling the {{Account Category}} account,account_access
I don't know what to do to change to the gold account,account_access
what do i need to do to report an issue with a signup,account_access
assistance to report errors with sign-up,account_access
I don't know how to close my {{Account Category}} account,account_access
modifying info on platinum account,account_access
"I would like to edit my personal information, I need help",account_access
help me to use the platinum profile,account_access
how do I edit some of the details included on my account?,account_access
new {{Account Type}} acount,account_access
i want assistance reporting an issue with a registration,account_access
want help restoring the pin code of my user,account_access
i need assistance to reset my pwd,account_access
I have to inform of na issue with signup,account_access
change to the platinum account,account_access
I do not know what I have to do to delete a {{Account Category}} account,account_access
wanna change the user information can uhelp me,account_access
I want assistance changing to the goddamn {{Account Category}} account,account_access
I do not know how to change to the {{Account Category}} account,account_access
what do I have to do to restore my user account pwd?,account_access
want help recovering the pass of my profile,account_access
can you help me resetting my user account key?,account_access
i have got ot use the freemium account how could i do it,account_access
modifying info on standard account,account_access
want assistance to inform of a problem with signup,account_access
I don't know what I have to do to cancel a premium account,account_access
where do I open a {{Account Type}} account?,account_access
I have a problem with creating a {{Account Category}} account,account_access
i cannot sign up help me reporting sign-up errors,account_access
i want help to create a fucking {{Account Category}} account for my mom,account_access
csn ya help me reset the password of my account,account_access
i  have lost my account access key where can i recover it,account_access
where do I notify of an error with signup?,account_access
I don't know what to do to switch to the standard account,account_access
i canno notify of errors with a sign-up,account_access
updating detais on standard account,account_access
i cant create an account were can i report a sign-up problem,account_access
need assistance to restore the pin of my profile,account_access
how do  i open a {{Account Category}} account for my daughter,account_access
update platinum account,account_access
need to modify the user details how can i do it,account_access
what do i have to do to cancel a standard account,account_access
changing to {{Account Category}} account,account_access
i cannot inform of an issue with signup,account_access
can ya help me to switch to the standard account,account_access
change information on {{Account Category}} account,account_access
I don't know what I have to do to remove my {{Account Category}} account,account_access
need to edit my account can ya help me,account_access
I want help to inform of an error with registrations,account_access
"I cannot open an account, I have to inform of a signup issue",account_access
"I have got to use the bloody {{Account Category}} profile, I need help",account_access
how do i use the premium account,account_access
closing premium account,account_access
i cant sign up want assistance to report a signup issue,account_access
I am experiencing an issue trying to sign up,account_access
changing details on standard account,account_access
i need informqtion about creating platinum accounts,account_access
how do I use the pro account?,account_access
I would like to report a fucking registration error,account_access
problem with {{Account Type}} account removals,account_access
I try to inform of an error with a sign-up,account_access
changing details on platinum account,account_access
can you help me to report issues with registrations?,account_access
i do notuse the bloody {{Account Type}} account i try to delete it,account_access
I do not know how to retrieve the key of my user,account_access
can you help me resetting my user profile PIN?,account_access
i need assistance with creating a platinum account,account_access
modifying information on freemium account,account_access
need help informing of rergistration errors,account_access
"I can't remember my user profile PIN, I have got to reset it",account_access
I want help creating a new damn standard account,account_access
I want help notifying of issues with a sign-up,account_access
modify details on platinum account,account_access
I cannot switch to the {{Account Type}} account,account_access
change to platinum acount,account_access
changkng to pro account,account_access
cancelling {{Account Category}} account,account_access
want assistance opening a premium account,account_access
I have got to restore the password of my account,account_access
I don't know how to inform of a signup problem,account_access
is it possible to switch to the {{Account Category}} account,account_access
creating user,account_access
updating info on standard account,account_access
I need assistance opening a {{Account Category}} account,account_access
i want help removing my standard account,account_access
"I cannot create a user, help informing of a signup problem",account_access
what do I have to do to change my user data?,account_access
i no lomger need my damn gold account can uhelp me delete it,account_access
i have a question about the removal of my {{Account Category}} account,account_access
cancelin standard account,account_access
"I can't remember the PIN of my user, help restoring it",account_access
i dont know how to change to the platinum account,account_access
can you help me to recober the PIN of my account?,account_access
i do not know what to do to reset the password of my profile,account_access
what do i need to do to reset my profile pwd,account_access
how do i inform of issues with a signup,account_access
I want information about opening a standard account,account_access
I don't know whar I need to do to notify of signup errors,account_access
notify of issue with ergistration,account_access
create new freemium account for daughter,account_access
"I want to modify the information on my user, help me",account_access
I don't know what to do to delete a freemium account,account_access
I have problems with the removal of my {{Account Category}} account,account_access
help me to use the gold profile,account_access
can uhelp me informing of problems with sign-up,account_access
can ya help me to close my {{Account Type}} account,account_access
i dont use m platinum account i try to remove it,account_access
update info on gold account,account_access
i have got to create a {{Account Category}} account,account_access
I don't know how to inform of sign-up errrors,account_access
help me create a {{Account Category}} account,account_access
"someoe stole my account PIN code, where could I retrieve it?",account_access
I want assistance to delete a bloody gold account,account_access
I want assistance restoring my profile PIN code,account_access
I have got to recover my user pwd,account_access
I don't know what I haqve to do to close a pro account,account_access
I do not know how to retrieve my key,account_access
"I cannot remember my user account password, help me reset it",account_access
I try to retrieve my profile access key,account_access
i do not know how i can report a registration issue,account_access
wanna correct the personal information,account_access
I don't know what I have to do to reset my user account ppwd,account_access
I do not know how I can cancel the standard account,account_access
want assistance opening a {{Account Category}} account for my dad,account_access
modify information on freemium account,account_access
how do I restore the password of my account?,account_access
need ot cancel my premium account,account_access
new {{Account Category}} acount for wife,account_access
need to inform of problems with registrations,account_access
I would like to retrieve the goddamn PIN code of my profile,account_access
need help to create a {{Account Category}} account,account_access
how could I get information about opening {{Account Category}} accounts?,account_access
need to inform o a signup error,account_access
problem with standard account removals,account_access
question about the pwd recovery,account_access
problems with {{Account Category}} account deletions,account_access
can you help me update the data included on my profile?,account_access
i cant sign up I'd ilke to inform of a bloody signup problem,account_access
create new {{Account Category}} account,account_access
delete user,account_access
i dont know what i need to do to delete a {{Account Category}} account,account_access
is it possible to create a standard account for my dad,account_access
correcting info on standard aqccount,account_access
closing {{Account Category}} account,account_access
I want to change to the premium account,account_access
editing details on {{Account Category}} account,account_access
could you help me to remove the damn standard account?,account_access
how can I find information about openinga pro account?,account_access
need assistance to create a standard account for my fiance,account_access
is it possible to notify of registration problems,account_access
wluld you give me information about the key retrieval?,account_access
modify freemium account,account_access
could you help me create a {{Account Type}} account for my daughter?,account_access
how do I restore my  user profile pass?,account_access
remove premium account,account_access
I'd like to notify of a problem with a goddamn signup,account_access
I need information about opening a {{Account Category}} account,account_access
i need a {{Account Type}} account could i openm it,account_access
I don't know what I have to do to cancel my {{Account Type}} account,account_access
correct information on freeaccount,account_access
"I would like to create a {{Account Type}} account, how can I do it?",account_access
remove standard accoint,account_access
use another user,account_access
can i use the freemium rpofile,account_access
have problems with the removal of a {{Account Type}} account,account_access
can ya help me to change to the gold account,account_access
editing info on {{Account Type}} account,account_access
correcting details on {{Account Type}} account,account_access
i cant restore my key,account_access
i do not know what i have to do to delete my premium account,account_access
wanna notify of an signup issue can uhelp me,account_access
can you help me to inform of signup errors?,account_access
updating details on {{Account Type}} account,account_access
want help recovering the key of my account,account_access
i dfo not know what i have to do to create a {{Account Type}} account,account_access
I want information about my {{Account Category}} account termination,account_access
I need to remove a standard account,account_access
I am trying to find information about {{Account Type}} account removals,account_access
I am experiencing errors signing up,account_access
modify info on premium account,account_access
help me recovering the password of my account,account_access
I can't notify of errors with a signup,account_access
help me to recover my pin,account_access
assistance to notify of a problem with registrations,account_access
I need assistance to report an error with registrations,account_access
I want assistance to notify of a problem with sign-up,account_access
I don't know how I could oen a premium account for my fiance,account_access
question about opening standard accounts,account_access
have a question about the termination of a Freemiumaccount,account_access
is it possible to cancel a platinum account,account_access
can i update the information included on my user profile,account_access
I want assistance to open a {{Account Type}} account for my fiance,account_access
can I use the {{Account Category}} account?,account_access
I do not know what to do to create a {{Account Type}} account for my dad,account_access
wanna modify the details on my user profile can ya help me,account_access
"I lost my PIN code, I want assistance retrieving it",account_access
could you help me opening a gold account?,account_access
I do not know what to do to create a {{Account Category}} account,account_access
help recovering my profile access key,account_access
I have to change to the {{Account Type}} account,account_access
i do not know what to do to reset my access key,account_access
I do not know what to do to open a {{Account Category}} account,account_access
need to inform of a sign-up error,account_access
edit freemium account,account_access
updating freemium accojnt,account_access
I don't know what to do to restore my user profikle PIN,account_access
open a platinum account,account_access
correct data on standard account,account_access
i want information about the deletion of my {{Account Type}} accounnt,account_access
I don't know what to do to change to the premium account,account_access
"I ain't registered, how to open a {{Account Category}} account?",account_access
mldifying {{Account Category}} account,account_access
assistance changing to the premium account,account_access
i have to retrieve my user account key,account_access
"I have got to report an issue with a signup, I need help",account_access
I want help to cancel the freemium account,account_access
I don't know what I have to do to inform of sign-up issues,account_access
"someone stole my profile PIN, how can I reset it?",account_access
I need help to change to the {{Account Type}} account,account_access
editing {{Account Category}} account,account_access
"I have to report a sign-up issue, can you help me?",account_access
I have got to use the {{Account Type}} profile,account_access
open a platinum acocunt,account_access
how to use the {{Account Category}} account,account_access
can you help me to use the standard profile?,account_access
i want assistance removing my {{Account Type}} account,account_access
how to  use the platinum account,account_access
can you help me to delete the platinum account?,account_access
I don't know how to create a premium account for my fiance,account_access
I don't know what to do to switch to the {{Account Category}} account,account_access
I do not know how to reset the pass of my profile,account_access
edit details on {{Account Category}} account,account_access
need help using the {{Account Type}} account,account_access
can ya help me to modify the info on my account,account_access
I want assistance deleting my premium account,account_access
open a freemium acocunt,account_access
new bloody {{Account Category}} account for father,account_access
I do not know how to reset my user profile PIN code,account_access
I'm trying to report errors with signup,account_access
wanna use the pro pprofile,account_access
need help canging to the {{Account Category}} account,account_access
I need assistance to report a problem with a sign-up,account_access
"I need to cancel a {{Account Type}} account, could you help me?",account_access
how can I notify of an error with a registration?,account_access
need assistance to notify of an issue with sign-up,account_access
canyou help me reset the access key of my user account?,account_access
update details on premium account,account_access
I want help restoring my user account PIN,account_access
I'm trying to notify of errors with signup,account_access
i want help to inform of a registration issue,account_access
i dont know what to do to notify of sign-up issues,account_access
assistance correcting the damn data on my user account,account_access
I want to report problems with a damn sign-up,account_access
updating info on premium account,account_access
I have got to delete a standard account,account_access
need help informing of signup issues,account_access
want assistance retrieving my user account PIN,account_access
I would like to create a freemium account,account_access
have an question about the removal of my {{Account Type}} account,account_access
opening gold account,account_access
I don't know what I have to do to delete a premium account,account_access
wannaclose a pro account,account_access
update data on premium account,account_access
can i restoire my pass,account_access
I don't know what to do to close my freemium account,account_access
can uhelp me restore the password of my user profile,account_access
how to use the standard profile?,account_access
wanna use the {{Account Type}} account i need help,account_access
I do not know how I can cancel a platinum account,account_access
update personal data,account_access
have a problem with opening a {{Account Category}} acount,account_access
how to inform of issues with a sign-up?,account_access
I want help canceling my {{Account Type}} account,account_access
edit standard account,account_access
can uhelp me to retrieve the pass of my account,account_access
have a question about the deletion of my {{Account Category}} account,account_access
help me reset my PIN,account_access
how to use the {{Account Type}} profile,account_access
I hav a question about a password recovery,account_access
notify of problem with signup,account_access
where to inform of an error with a registration?,account_access
i need help with creating my platinum account,account_access
registration issue,account_access
what do i have to do to edit my goddamn profile,account_access
i need assistance to open a pro account for my dad,account_access
i cannot notify of a problem with a sign-up,account_access
I have to report a problem with a registration,account_access
find information about my access key retrieval,account_access
editing details on gold account,account_access
creating account,account_access
could you help me notify of problems with a sign-up?,account_access
is it possible to remove my {{Account Category}} account ?,account_access
"I cannot open a profile, help me to report signup problems",account_access
could you help me to create a {{Account Type}} account for my fiance?,account_access
help me to inform of a registration issue,account_access
i dont know how i could inform of a problem with a sign-up,account_access
where can i report a sign-up issue,account_access
"I cannot sign up, inform of sign-up problems",account_access
i have to use the freemium account could ya help m,account_access
i need assistance removing my pro account,account_access
"I am experiencing issues trying to sign up, can you help me?",account_access
i do not know what to do to notify of registration issues,account_access
I need assistance to recover the PIN code of my account,account_access
"I want to use the standard profile, how can I do it?",account_access
i do not know how i could create a {{Account Type}} account,account_access
where to change to the freemium account,account_access
how can i get information about  my pro account deletion,account_access
i want help to notify of registration problems,account_access
i dont know what i need to do to change to the pro account,account_access
I have got to notify of an issue with registrtions,account_access
"I have got to edit my account, will you help me?",account_access
cancelling {{Account Type}} account,account_access
i cant open a user i wanna report signup issues,account_access
i dont know what i need to do to remove the {{Account Category}} account,account_access
need assistance to notify of issues with a sign-up,account_access
"I can't create a profile, I want to inform of signup issues",account_access
I don't know how I can report registration errors,account_access
how to inform of problems with signup?,account_access
how could I change to the goddamn {{Account Category}} account?,account_access
updating platinum account,account_access
switch to the {{Account Category}} account,account_access
I do not know how to reset my profile key,account_access
correct details on premium account,account_access
want help to retrieve the key of my prtofile,account_access
is it possible to retrieve my account PIN?,account_access
can you help me create a freemium account?,account_access
help me retrieving the password of my user,account_access
how to open a standard account?,account_access
want assistance informing of sign-up errors,account_access
I want help to notify of a registration error,account_access
help me report an issue with registrations,account_access
acn i switch to the pro account,account_access
"I have to edit the info on my profile, how to do it?",account_access
edit information on platinum account,account_access
"I can't remember my bloody access key, can I restore it?",account_access
"I need to edit my bloody user, will you help me?",account_access
i try to switch to the standard account,account_access
I need assistance opening a pro account for my daughter,account_access
"I want to delete the goddamn pro account, how can I do it?",account_access
editing information on standard account,account_access
where to open a {{Account Category}} account?,account_access
help me cancel my standard account,account_access
have a problem with creating a Premiumaccount,account_access
problem with my PIN reset,account_access
where can I restore the PIN of my user?,account_access
give me information about {{Account Type}} account cancellations,account_access
i want assistance creating a pro account,account_access
how could I change to the {{Account Category}} account?,account_access
I have got to inform of an error with registrations,account_access
"I can't open a user , want help reporting a signup problem",account_access
"I do not need the {{Account Category}} account, can I close it?",account_access
creating new freemium account for daughter,account_access
assistance using the bloody platinum profile,account_access
how can I find information about {{Account Type}} account deletions?,account_access
I don't know how I could recover my user profile access key,account_access
"I have got to switch to the standard account , help me",account_access
assistance deleting the secondary account,account_access
I do not know how to switch to the standard account,account_access
how do I use the {{Account Category}} profile?,account_access
I am looking for information about my password reset,account_access
where do I report an issue wiht signup?,account_access
want assistance to recover my profile pass,account_access
question about my {{Account Type}} account removal,account_access
"I need to modify the data on my profile, could you help me?",account_access
question about my {{Account Type}} account cancellation,account_access
how can I create a {{Account Type}} account for my fiance?,account_access
need assistance using the {{Account Type}} profile,account_access
help me reset my user access key,account_access
I need assistance to retrieve my user profile pass,account_access
creating freemium account,account_access
I do not know how to close a {{Account Category}} account,account_access
I can't retrieve my user account key,account_access
can I change to the freemium account?,account_access
can i open a pro account for my dad,account_access
deleting freemium account,account_access
want assistance to report an issue with sign-up,account_access
could you tell me more about opening platinum accounts?,account_access
"I cannot open a user, how do I inform of signup problems?",account_access
where to notify of an issue with a registration,account_access
I need assistance retrieving the damn PIN code of my profile,account_access
"I need to edit my personal information, will you help me?",account_access
help to use the {{Account Type}} account,account_access
help canceling my standard account,account_access
I do not know how to report a signup error,account_access
what do i need to do to inform of an error with a isgnup,account_access
modifying information on premium account,account_access
help to ccreate a goddamn {{Account Type}} account,account_access
editing data on premium account,account_access
problem with my forgotten PIN code,account_access
assistance to reset the pin of my account,account_access
I need assistance to change to the {{Account Category}} account,account_access
reset my pwd,account_access
where do i retrieve my profile key,account_access
need to change the info included on my user,account_access
howdo i use the gold account,account_access
i have to inform of registration errors,account_access
i have to switch to the pro account,account_access
canceling freemium account,account_access
I cannot reset my user profile PIN,account_access
i dont have a {{Account Category}} account eyt i need to sign up,account_access
need help touse the freemium account,account_access
i dont know what i need to do to retrieve my pin,account_access
i dont know how i can reset my profile pin code,account_access
can I open a gold account?,account_access
I want help opening a {{Account Category}} account,account_access
I need help closing a freemium account,account_access
I cannot reset the key of my account,account_access
can ya help me opening a {{Account Category}} account,account_access
could y help me notifying of an issue with sign-up,account_access
how do i create a premium account,account_access
how do I change to the {{Account Category}} account?,account_access
I don't know how to notify of an error with a sign-up,account_access
open a freemium account,account_access
I do not know what to do to switch to the {{Account Category}} account,account_access
can you help me opening a pro account?,account_access
what do i need to do to change to the pro account,account_access
correct details on freemium account,account_access
I want help resetting my user profile PIN,account_access
help me see when my item is going to arrive,delivery
I am trying to see order {{Order Number}} status,delivery
"I have to see order {{Order Number}} status, I need assistance",delivery
there is an issue submitting a deilvery address,delivery
I do not know how I could change my shipping address,delivery
"the shipping address has changed, how can I correct it?",delivery
what do I have to do to submit the goddamn shipping address?,delivery
want help seeing the ETA of the purchase {{Order Number}},delivery
I am trying to submit a new shipping address,delivery
i dont know how i can submit my secondary shipping address,delivery
y i cannot set a srcondary shipping address valid up,delivery
want help to see how soon can i expect the purchase,delivery
I want assistance checking how soon can I expect my package,delivery
is it possible to check how soon can I expect the item?,delivery
can you help me seeing when my product is going to arrive?,delivery
problems with the methods for shipment,delivery
troubles entering the secondary delivery address,delivery
would ugive me information about editing my delivery address,delivery
help me updating my shipping address,delivery
I don't know how to check the goddamn shipment methods,delivery
y i cannot set up the secondary shipping address valid,delivery
how can I update the delivery address?,delivery
"I have to see when will my product arrive, can you help me?",delivery
wanna know more about updating my delivery address,delivery
"I need to see the ETA of the purchase {{Order Number}}, help me",delivery
were to check order {{Order Number}} current status,delivery
assistance checking what bloody shipping options you offer,delivery
i dont know how i can see the eta of the order {{Order Number}},delivery
want assistance locating purchase {{Order Number}},delivery
information about updating the shipping address,delivery
I get error messages when I try to submit a delivery address,delivery
i have got to set a new shipping address up,delivery
how do I check what shipment methods are available?,delivery
"I want to check the shipping options, can I get some help?",delivery
I have got to set my new delivery address up,delivery
"I want information about shipping periods, how can I get it?",delivery
can you give me information about delivery periods?,delivery
how can I see how long it takes for my item to arrive?,delivery
is it possible to see when will my package arrive?,delivery
can you help me checking the ETA of the order {{Order Number}} ?,delivery
need to set up my delivery address,delivery
where can i check how soon can i expect my item,delivery
problem setting up a secondary delivery address,delivery
i nedd supports editing my address,delivery
have problems with a shipping address modification,delivery
is it possible to check how long the shipment takes?,delivery
icant see the eta of purchase {{Order Number}},delivery
I try to submit a different delivery address,delivery
i tfy to see how soon can i expect my shipment,delivery
what do I need to do to update the shipping address?,delivery
how to see how long it takes for my order to arrive?,delivery
I am trying to update my shipping address,delivery
I call to check when my delivery is going to arrive,delivery
I call to check how long it takes for the purchase to arrive,delivery
seeing order {{Order Number}} status,delivery
"I want to see when will my product arrive, how can I do it?",delivery
help me to see what shipment methods you offer,delivery
how do I check how soon can I expect my purchase?,delivery
"I want to see how long the shipping takes, help me",delivery
I have problems setting a secondary shipping address up,delivery
could I place an order from {{Delivery Country}} ?,delivery
i dont know how i can see the ETA of order {{Order Number}},delivery
can you show me what delivery methods are available?,delivery
i have got to see how soon can i expect the product,delivery
I want support trying to edit my shipping address,delivery
can i see how long it usually takes for my item to arrive,delivery
can you tell me more about modifying my shipping address?,delivery
there are issues setting up the shipping address,delivery
I try to check how soon can I expect my product,delivery
can you show me when my product is going to arrive?,delivery
"I have to set a shipping address up, I need assistance",delivery
help me to see the ETA of order {{Order Number}},delivery
I need help seeing how soon can I expect my parcel,delivery
there are issues entering my new shipping address,delivery
need assistance to set my new shipping address up,delivery
I am trying to check what shipping methods are available,delivery
i need help to see when will my article arrive,delivery
can you give me information about editing my address?,delivery
I have issues setting up a secondary delivery address,delivery
I need to see what delivery methods you offer,delivery
I have entered a wrong delivery address,delivery
need help to change my delivery address,delivery
i need help seeing the status of purchase {{Order Number}},delivery
there is an issue modifying the shipping address,delivery
I have issues setting up a new delivery address,delivery
assistance to check when will my product arrive,delivery
would it be possible to check the shipping methods?,delivery
show me ETA of purchase {{Order Number}},delivery
there is an error submitting the shipping address,delivery
"I am trying to find the shipping methods, I need help",delivery
I try to submit the new delivery address,delivery
i want information about correcting the shiping address,delivery
how do I see how long it takes for the item to arrive?,delivery
I need help seeing the ETA of the purchase {{Order Number}},delivery
where could I set the new shipping address up?,delivery
I need information about the methods for shipment,delivery
help to check how long it takes for the package to asrrive,delivery
want help setting a new delivery address up,delivery
i cant set up my new shipping address,delivery
I don't know what to do to correct my shipping address,delivery
I try to see how long it takes for my parcel to arrive,delivery
i chose a wrong delivery address,delivery
I am trying to set up a different shipping address,delivery
want assistance to update the address,delivery
i have got to set the new deliver address up how do i do it,delivery
i want assisyance to see how soon can i expect my product,delivery
I want help to check what options for delivery you offer,delivery
I cannot edit the shipping address,delivery
I have problems correcting my address,delivery
i call to check how long it takes for my delivery to arrive,delivery
II need support trying to edit the address,delivery
I try to seethe status of purchase {{Order Number}},delivery
there is an issue setting up a shipping address,delivery
I have a problem setting up a new shipping address,delivery
I need to edit the delivery  address,delivery
"I have entered a wrong address, can I modify it?",delivery
want help to check when will my article arrive,delivery
order 370795561790current status,delivery
"I have got to see when will my item arrive, can you help me?",delivery
"I need to check how long the shipment takes, how do I do it?",delivery
troubles setting up the delivery address,delivery
I need help to check what shipment methods are there,delivery
i have a problem with an adress update,delivery
ETA of oorder {{Order Number}},delivery
I have troubles setting another delivery address up,delivery
assistance seeing the methods for shipping,delivery
how to see the shipment options,delivery
their is an issue trying to update my address,delivery
there are issues setting a shipping address up,delivery
where to see order {{Order Number}} status?,delivery
how to check how soon can I expect my parcel?,delivery
there are errors setting a different delivery address up,delivery
where can I see what shipping methods I can choose?,delivery
supports trying to modify theaddress,delivery
I don't know how to update my delivery address,delivery
I want supports changing my sxhipping address,delivery
i haqve got to check when my delivery is gonna arrive,delivery
where do I see the status of purchase {{Order Number}}?,delivery
how long does it take for a delivery to arrive?,delivery
show me what shipping methods I have,delivery
I want assistance to check what shipping options are there,delivery
need help to check order {{Order Number}} status,delivery
I need assistance to see when will my article arrive,delivery
I call to check when my product is going to arrive,delivery
I need support changing the delivery address,delivery
assistance to check what shipping options uoffer,delivery
I need assistance checking how soon can I expect the package,delivery
help me check how soon can I expect the fucking purchase,delivery
can you tell me more about a shipping address correction?,delivery
I need to enter a shipping address,delivery
i have to enter  a different shipping address,delivery
how can I update my bloody address?,delivery
"I am looking for the delivery methods, help me find them",delivery
have a question about the methods for shipment,delivery
i have got to enter an delivery address help me,delivery
want assistance to see how soon can i expect the shipment,delivery
what do i have to do to see the status of purchase {{Order Number}},delivery
do ya ship toJapan,delivery
there are errors setting up a delivery address,delivery
i dont know what i have to do to submit my delivery address,delivery
i cant enter the shipping address,delivery
where can I modify my delivery address?,delivery
there is an ixsue setting my shipping address up,delivery
is it possible to set up the secondary shipping address,delivery
check my last parcel eta,delivery
I want help checking what shipment options I can choose,delivery
where can i see how long the shipping takes,delivery
"I have to see what delivery options you offer, help me",delivery
there are troubles submitting another delivery address,delivery
I call to see when my parcel is going to arrive,delivery
I have problems setting my secondary shipping address up,delivery
i dont know how to check the eta of purchase {{Order Number}},delivery
can i check purchase {{Order Number}} status,delivery
I have a problem updating the delivery address,delivery
I have got to check how soon can I expect my shipment,delivery
I am trying to see how soon can I expect the shipment,delivery
help seeing the shipment methods,delivery
submitting differemt shipping address,delivery
how can i get information about the options for delivery,delivery
i call to chevk when my product is gonna arrive,delivery
y i cant set my secondary deilvery address valid up,delivery
want assistanmce checking how soon can I expect the shipment,delivery
problem updating delivery address,delivery
I have issues entering a new delivery address,delivery
"I have to see how soon can I expect the item, help me",delivery
want help seeing what options for delivery i can choose,delivery
wanna check when will my article arrive how can i do it,delivery
supports trying to edit the address,delivery
I don't know how to see when my item is going to arrive,delivery
need assistance to set my secondary delivery address up,delivery
I don't know how to set up another delivery address,delivery
want assistance updating my address,delivery
I havd problems with a shipping address update,delivery
where could I edit my delivery address?,delivery
"I am looking for shipping periods, where could I find them?",delivery
can you help me to check purchase {{Order Number}} status?,delivery
"I want to see the methods for delivery, how could I do it?",delivery
there is an error trying to update the shipping address,delivery
"I have to see when will my product arrive, how to do it?",delivery
what do I have to do to change the address?,delivery
help me to see when my purchase is gonn arrive,delivery
"the shipping address changed, how can I edit it?",delivery
help me check what shipping methods are available,delivery
how can I find information about a shipping address update?,delivery
where can i submit a new delivery address,delivery
"I have got to check how soon can I expect my order, help me",delivery
how soon can i expect my purchase,delivery
"I want to submit my new shipping address, how do I do it?",delivery
have a question about an address update,delivery
i dont know how to check what methods for delivery are there,delivery
wanna check when will my parcel arrive can i get some help,delivery
where can I enter the new shipping address?,delivery
I am trying to update my delivery address,delivery
i want assistance seeing howlong the shipment takes,delivery
I have problems submitting a different shipping address,delivery
can you help me check how soon can I expect the shipment?,delivery
how do I check how long it takes for my package to arrive?,delivery
want assistance to see how soon can I expect my product,delivery
can you show me when will myparcel arrive?,delivery
i put my old address by mistake i need help updating it,delivery
where do I see what methods for delivery are there?,delivery
can you tell me more about correcting my delivery address?,delivery
how to correct my delivery address,delivery
do ya ship toUSA,delivery
assistance to check how soon can I expect the product,delivery
give me information about the shippong periods,delivery
i try to see how long it takes for the purchase to arrive,delivery
I want assistance to enter a damn different delivery address,delivery
what do I have to do to submit thw delivery address?,delivery
I do not know how to set up the secondary shipping address,delivery
is it possible to see how soon can i expect my delivery,delivery
support updating my address,delivery
I'm looking for the options for delivery can i get some help,delivery
help to locate purchaes {{Order Number}},delivery
I try to see what shipment options are available,delivery
"I have got to see the methods for shipment, how do I do it?",delivery
"I have to see how soon can I expect my shipment, I need help",delivery
supports trying to change the address,delivery
could you help me setting up my shipping address?,delivery
need assistance checking order {{Order Number}} current status,delivery
I have problems editing the shipping address,delivery
I want help trying to edit my addreds,delivery
need help to  enter my delivery address,delivery
I do not know how to see the status of purchase {{Order Number}},delivery
need to change my shipping address,delivery
need assistance seeing when my shipment is gonna arrive,delivery
need to subit my new shipping address will uhelp me,delivery
I want to see how long it takes for the dewlivery to arrive,delivery
I want to check when my item is going to arrivd,delivery
can ya help me to check when my product is gonna arrive,delivery
could i place an orde from {{Delivery Country}},delivery
I am trying to find information about modifying the address,delivery
need assistance with a address update,delivery
can ya help me to see what shipment options i can choose,delivery
"the shipping address has changed, can you correct it?",delivery
help me checking purchase {{Order Number}} current status,delivery
I have issues setting up a secondary shipping address,delivery
can i see the ETA of the order {{Order Number}},delivery
I want help to set a delivery address up,delivery
help to see when my purchase is going to arrive,delivery
I try to edit the address,delivery
how do i sett up my fucking delivery address,delivery
I do not know how I can see what shipment methods you offer,delivery
want supports trying to modify the address,delivery
is it possible to set up my shipping address?,delivery
where can i find infirmation about correcting the address,delivery
i have to enter my secondary shipping address,delivery
need help to see how long it takes for my shipment to arrive,delivery
need assistance to see the status of purchase {{Order Number}},delivery
I need to submit my delivery address,delivery
I want to know about updating my delivery address,delivery
I have to see when will my article arrive,delivery
can i place a  fucking order from {{Delivery City}},delivery
is it possible to place a damn order from {{Delivery Country}}?,delivery
I need assistance to check order {{Order Number}} current status,delivery
their is a problem trying to correct my delivery address,delivery
need assistance checking order {{Order Number}} status,delivery
need help to check order {{Order Number}} current status,delivery
I don't know what to do to seeorder {{Order Number}} status,delivery
I don't know what to do to check when will my article arrive,delivery
I don't know what I need to do to modify my delivery address,delivery
I need to check the status of purchase {{Order Number}},delivery
I have an error trying to edit the delivery address,delivery
where can I see when my damn package is going to arrive?,delivery
help me see the ETA of the order {{Order Number}},delivery
is it plssible to order from {{Delivery Country}}?,delivery
"I have got to correct the delivery address, how to do it?",delivery
need help editing m address,delivery
checking status of order,delivery
i have got to see the current status of order {{Order Number}},delivery
can ya help me change my address,delivery
tell me about a shipping address modification,delivery
I want help trying to correct my shipping address,delivery
wht I cannot submit my new shipping address valid,delivery
I do not know how to set a secondary shippung address up,delivery
shipping to {{Delivery Country}},delivery
can you help me to check how soon can I expect the parcel?,delivery
I want support updating the shipping address,delivery
can you help me see how soon can I expect the product?,delivery
I am calling to see what delivery methods are available,delivery
what do I need to do to see what delivery options you offer?,delivery
I need assistance changing the address,delivery
I do not know how to see what shipment methods I can choose,delivery
I want assistance seeing the options for shipping,delivery
there is an error submitting my secondary delivery address,delivery
help me see the options for shipping,delivery
I have an issue setting a new delivery address up,delivery
there are issues setting up the delivery address,delivery
how to set up another delivery dadress?,delivery
information about a delivery address correction,delivery
I want assitsance to see when my package is going to arrive,delivery
I want assistance checking how soon can I expect my article,delivery
want help to see the status of purchase {{Order Number}},delivery
error entering my new shipping address,delivery
is it possible to set up a damn different delivery address?,delivery
there are troubles setting up a differnet delivery address,delivery
need to set my new shipping address up,delivery
need to track purchase {{Order Number}},delivery
I want help to set up another delivery address,delivery
need help checking how soon can I expect my item,delivery
help me to change the delivery address,delivery
I have problems submitting my new delivery address,delivery
help me seeing what delivery options I can choose,delivery
I need assistance to omdify my address,delivery
I'm trying to submit my secondary delivery address,delivery
I don't know how to check how soon can I expect my product,delivery
I do not know how I could enter my new delivery address,delivery
problems submitting a delivery address,delivery
where to see the ETA of order {{Order Number}},delivery
where do I submit the new shipping address?,delivery
I want information about shipping period,delivery
I am calling to check how long the shipment takes,delivery
trouble setting up my secondarydelivery address,delivery
"I chose a wrong shipping address, how do I update it?",delivery
where do i set tbe shipping address up,delivery
"the damn shipping address has changed, can I correct it?",delivery
when is my purchase gonna arrive,delivery
wanna know more about correcting the deilvery address,delivery
would it be possible to place a fucking order from {{Delivery City}},delivery
can uhelp me to check the ETA of purchase {{Order Number}},delivery
i do not know what i need to do to correct my address,delivery
can i set a shipping address up,delivery
where could I get information about shipping period?,delivery
I need help to edit the address,delivery
I need assistance to check how soon can I expect the package,delivery
i dont know how to see when will my item arrive,delivery
how do I check when my package is going to arrive?,delivery
check the eta of the order {{Order Number}},delivery
is it possible to change the delivery address?,delivery
their is an error trying to update the shipping address,delivery
is it possible to see the eta of order {{Order Number}},delivery
there is a problem setting up my delivery address,delivery
"I need to set up a delivery address, help me",delivery
i do not know how to set my shipping address up,delivery
problems with a delivery address modification,delivery
i acnt see purchase {{Order Number}} status,delivery
assistance to set up a secondary shipping address,delivery
check options for delivery,delivery
I need to update the address,delivery
how can i enter another shipipng address,delivery
I try to see how soon can I expect my shipment,delivery
help locating purchase {{Order Number}},delivery
i have an trouble editing the address,delivery
order status,delivery
assistance checking what damn shipping methods I have,delivery
I want assistance to see when will my item arrive,delivery
can uhelp me locating order {{Order Number}},delivery
i dont know how to set a different shipping address up,delivery
"my delivery address changed, help me update it",delivery
I need help seeing the options for shipment,delivery
wanna know more about the shipping periods,delivery
where can I check when my package is going to arrive?,delivery
find information about the shipping methods,delivery
i have problems editing my delivery address,delivery
want help trying to correct the address,delivery
I want to update my address,delivery
I need help to check what shipment methods are available,delivery
there are problems changing the address,delivery
chek order {{Order Number}} status,delivery
"I entered a wrong address, update it",delivery
I want help seeing when will my item arrive,delivery
I have a trouble trying to change my delivery address,delivery
I want help to see order {{Order Number}} status,delivery
how can I set my new shipping address up?,delivery
I need support trying to update my address,delivery
I need help to submit my delivery address,delivery
i want help to see when will my packag arrive,delivery
their are errors submitting my fucking shipping address,delivery
why I cannot submit the delivery address valid,delivery
can i see the eta of the order {{Order Number}},delivery
checking order {{Order Number}} status,delivery
how can i edit my delivery address,delivery
i have to see order {{Order Number}} current status i need help,delivery
I have to check when will my package arrive,delivery
assistance to see purchase {{Order Number}} status,delivery
I need help seeing what options for delivery you offer,delivery
I want help to see how long it takes for the order to arrive,delivery
i need help seeing order {{Order Number}} current status,delivery
how could I check how soon can I expect my order?,delivery
where can I set up the secondary delivery address?,delivery
i want help checking how soon can i expect the order,delivery
can you help me seeing the methods for shipping?,delivery
help me setting another delivery address up,delivery
need help to see how long it takes for my parcel to arrive,delivery
want assistance to check purchase {{Order Number}} status,delivery
there are errors entering my delivery address,delivery
is it possible to check the eta of order {{Order Number}},delivery
"I would like to set the shipping address up, I need help",delivery
can you help me to see how long the delivery takes?,delivery
help deiting the address,delivery
can you help me seeing how soon can I expect my order?,delivery
i have to set up another shipping address i need help,delivery
sumbitting new shipping address,delivery
help to see thje ETA of purchase {{Order Number}},delivery
where do I correct the fucking shipping address?,delivery
could i check when my package is gonna arive,delivery
assistance checking the ETA of the purchase {{Order Number}},delivery
there is a problem submitting the secondary delivery address,delivery
i have problems submitting a secondary shipping address,delivery
see ETA ob order {{Order Number}},delivery
need help to see what shipment options I can choose,delivery
hwy I cannot set up a shipping address valid,delivery
I have to see how long it takes for the shipment to arrive,delivery
I want help to submit the new delivery address,delivery
assistance seeing what shipment methods you offer,delivery
can I order from {{Delivery City}}?,delivery
were could i locate purchase {{Order Number}},delivery
need to see how soon can i expect the order could uhelp me,delivery
I need help to see how soon can I expect the damn item,delivery
I need support updating the delivery address,delivery
I am trying to see how soon can I expect my fucking product,delivery
I have to set my new delivery address up,delivery
help me seeing the ETA of the purchase {{Order Number}},delivery
purchase {{Order Number}} status,delivery
is it possible to enter the new delivery address?,delivery
I cannot enter a new delivery address,delivery
where can I edit my delivery address?,delivery
trouble setting the shipping address up,delivery
i need help checking how soon can i expect my parcel,delivery
I have got to enter a delivery address,delivery
order 00123842current status,delivery
need assistance checking how soon can I expect the shipment,delivery
I need to check when my parcel is going to arrive,delivery
can huelp me setting the secondary delivery address up,delivery
i do not know what to do to set up my new shipping address,delivery
"I want to locate purchase {{Order Number}}, help me",delivery
where can i get information about the delivery period,delivery
need assistance entering my new shipping address,delivery
i want help to check the ETA of the oder {{Order Number}},delivery
i have to see the status of order {{Order Number}},delivery
can you help me to set a shipping address up?,delivery
where could I submit the shipping address?,delivery
I have to edit my delivery address,delivery
"I entered a wrong shipping address, I need help to modify it",delivery
could ya help me set a new shipping address up,delivery
where can I see order {{Order Number}} status?,delivery
i need supports trying to modify my delivery address,delivery
can you tell me more about updating the address?,delivery
"I want to track purchase {{Order Number}}, I need help",delivery
I have an issue submitting a shipping address,delivery
I want help seeing order {{Order Number}} current status,delivery
need assiwtance seeing the ETA of the order {{Order Number}},delivery
how can I find information about changing my address?,delivery
where to submit a new delivery address?,delivery
"I chose a wrong delivery address, can you help me update it?",delivery
wanna submit a secondary shipping address how can i d it,delivery
is it possible to check when will my parcel arrive?,delivery
"I want to see the status of order {{Order Number}}, I need help",delivery
i want assistance trying to change ym shipping address,delivery
"I have got to modify my address, how can I do it?",delivery
checking current status of purchase {{Order Number}},delivery
is it possible to see what shipping options I have?,delivery
where can I see when my item is going to arrive?,delivery
what do I have to do to enter my new shipping address?,delivery
assistance to see what options for delivery you offer,delivery
I want help checking when my delivery is going to arrive,delivery
i want assistance checking what delivery methods i have,delivery
I don't know how to set a secondary shipping address up,delivery
how do I see how long it takes for my bloody item to arrive?,delivery
I want help to sdt up the new shipping address,delivery
wanna see orer {{Order Number}} current status can ya help me,delivery
how do I see what shipping methods you offer?,delivery
"I want to see what shipping options I have, how to do it?",delivery
there are problems submitting my new shipping address,delivery
can you help me seeing the options for delivery?,delivery
seeing the available options for shipping,delivery
can you tell me about updating the shipping address?,delivery
i cant see order {{Order Number}} goddamn current satus,delivery
assistance checking the status of purchase {{Order Number}},delivery
I'm trying to correct my shipping address,delivery
ned to locate order {{Order Number}} how could i do it,delivery
I am trying to see when my article is gonig to arrive,delivery
i dont know how i can ese how soon can i expect the order,delivery
is it possible to place a goddamn order from {{Delivery Country}},delivery
where to edit my shipping address?,delivery
there is an issue trying to change my shipping address,delivery
I want help to enter my secondary delivery adrdess,delivery
how can I see when my delivery is going to arrive?,delivery
help to modify my fucking shipping address,delivery
I have got to see when will my aprcel arrive,delivery
need help seeing what damn payment options are accepted,other
I don't know what to do to download my invoice #00108,other
i do not know how i can see ur payhment options,other
help to leave my goddamn feedback for your company,other
wanna leave a review about a service,other
I want help to purchase something,other
how could I file a complaont?,other
need to check ur allowed payment methods,other
remove several items from purchase {{Order Number}},other
uhave a method to leave an opinion about ur services,other
I want to unsubscribe from your company newsletter,other
help me orderng several of ur article,other
i dont know what i have to do to receive thenewsletter,other
I need assistance to lodge a complaint against your company,other
I don't know how to talk with someone,other
I need help seeing my invoices from {{Person Name}},other
assistance to lodge a complaint against your business,other
I do not know how I could buy an article,other
help me download the bill from {{Person Name}},other
I wan assistance purchasing several of your article,other
i do not know how i can take a quick look at the bill #37777,other
i want assistance to contact somebody,other
where can i take a quick look at the invoice #00108,other
help me calling customer service,other
"I have got to submitmy feedback, help me",other
help ascquiring a few of your article,other
I call to get the bill from {{Person Name}},other
give a quick look at the damn invoices from {{Person Name}},other
speak to assistant,other
"you aren't helpful, assistance chatting with an operator",other
I have got to unsubscribe to the company newsletter,other
I need help downloading my invoice #12588,other
I have to leave my feedback for a product,other
can you help me order several products?,other
assistance earning a damn product,other
I need to check the termination charge,other
want assistance seeing your payment methods,other
seemy bill from {{Person Name}},other
i dont know what i need to do to find ibll #12588,other
I need help giving a quick look at the invoice #37777,other
I have to leave some feedback about a service,other
can you help me toorder a few of your product?,other
can you help me listing your accepted payment modalities?,other
Iwant assistance to leave my feedback,other
chcek bills from {{Person Name}},other
can you help me downloading invoice #12588?,other
could i file a revlamation against ur organization,other
I don't know how I can chat with a damn assistant,other
lodging reclamation against your company,other
help  me cancelling purchase {{Order Number}},other
"I need to unsubscribe from the newsletter, can yyou help me?",other
"I missed an item in purchase {{Order Number}}, can you add it?",other
what do I have to do to receive your company newsletter?,other
how to add an item to order {{Order Number}}?,other
what do i have to do to make a consumer compoaint,other
assistance leaving a bloody opinion about a product,other
i need assistance to unsubscribe to the company newsletter,other
I'm calling to lodge a compaint,other
help me talking to customer service,other
problem with cancelling purchase {{Order Number}},other
I want help to see your available payment modalities,other
help making a customer complaint against your business,other
i want assistance to send feedback for ur company,other
show withdrawal fees,other
help filing a damn customer reclamation,other
i have to see the early termination penalties how to doo it,other
I don't know what I need to do to file a customer claim,other
i have made a mistake  help me modify purchase {{Order Number}},other
need help lpocating the bloody invoice from {{Person Name}},other
how to check what payment options are available,other
i want help sending some feedback about a product,other
I need help with cancellng order {{Order Number}},other
can you tell me about the subscription to your newsletter?,other
I need help to see what payment options you accept,other
how do I check the accepted payment methods?,other
want help to file a claim against your organization,other
how to check at what time i can call customer support,other
can i sde the termination fee,other
how could ilook for the bills from {{Person Name}},other
I don't know what to do to downlod bill #12588,other
i want help taking a quick look at the invoice #12588,other
i want help talking with someone,other
makepurchase,other
how could I check the early termination charges?,other
I do not know how to earn a product,other
I need assistance shopping an article,other
i dont know what to do to see the termination penalty,other
"I would like to shop several of your article, I need help",other
"I need to change an item of purchase {{Order Number}}, help me",other
help me adding several articles to purchase {{Order Number}},other
I want help unsubscribing to your company newsletter,other
i dont know what to do to look for the invoice #37777,other
i need help calling customer service,other
i need assistance swapping an article of order {{Order Number}},other
getting invoices from last month,other
I want to check what hours customer support available is,other
i need assistance to look for the invoice from {{Person Name}},other
I need assistance to buy several products,other
I do not know how I could chat with an agent,other
earning something,other
I'm tryingto download my invoice from {{Person Name}},other
is there a section to send feedback about a service?,other
can ya help me see the accepted payment modalities,other
want help filing a claim,other
"I have to speak with customer support, how to do it?",other
i  want assistance to leave feedback for ur company,other
help me to check the withdrawal fees,other
where do I check the cancellation penalties ?,other
i need assistance ordering some articles,other
i cant talk to anassistant,other
I don't know what I have to do to speak with a person,other
earn several  products,other
see early exit fee,other
send me bill #12588,other
I need help listing your payment modalities,other
wanna igve a quick look at the bill #12588,other
see invoicefrom {{Person Name}},other
can uhelp me see ur available payment options,other
I awnt to lodge a customer complaint against your company,other
I need help to look for bill #00108,other
"I would like to cancel purchase {{Order Number}}, I need help",other
getting invoice from last purchase,other
I have to find the bills from {{Person Name}},other
where can I see what hours I can reach customer assistance?,other
I need assistance shopping something,other
i try to make a consumer reclamation against ur company,other
i need help to contact an agent,other
wanna know about the subscription to the company newsletter,other
i have got to lodge a reclamaion i need help,other
I'm trying to write a review for ur company,other
I try to check what hours customer assistance available is,other
can you help me checking the early exit fee?,other
"I need to talk with customer assistance, can you help me?",other
i hae to talk to customer support i need help,other
can you help me seeing the early termination charges?,other
can you help me to check the bills from {{Person Name}}?,other
can I check what hours I can reach customer support?,other
I don't know how I can see your payment methods,other
"I hav got to change order {{Order Number}}, help me",other
I don't know how I can talk to a live ahent,other
"I have got to order some items, can you help me?",other
i dont want this order cancel purchase {{Order Number}},other
"I need to check the payment methods, how can I do it?",other
edtiing order {{Order Number}},other
i cannot find the withdrawal penalties,other
assistance to speak with bloody customer support,other
where can i order an article,other
I don't know what I have to do to download bill #00108,other
"I no longer want order {{Order Number}}, how do I cancel it?",other
I do not know what to do to purchase some articles,other
help to leave a comment for your services,other
I need help getting in touch with customer assistance,other
help to locate the bill from {{Person Name}},other
I try to cancel the newsletter subscription,other
where do I submit feedback about a service?,other
"I need to cancel my damn newsletter subscription, help me",other
I do not know what to do to acquire several articles,other
I do not know what to do to see the termination charge,other
I want to file a reclamation,other
where to send some feedback about your products?,other
how do I sign up to the corporate newsletter?,other
help me to see the early exit fee,other
I do not know how to speak to an assistant,other
help buying some products,other
wanna add some products to order {{Order Number}},other
I am trying to check the accepted payment modalities,other
i need assistanceto chat with a live agent,other
can i speak with an operator,other
chnaging order {{Order Number}},other
I cannot speak to a goddamn live agent,other
i dont know wwhat i need to do to check invoice #85632,other
I do not know how I can take a quick look at my bill #12588,other
i need help to look for the bill #12588,other
need assistance talking to someone,other
need to see the payment potions how to do it,other
i try to see the withdrawal fees,other
"the experience with you was too bad, make a bloody claim",other
I want help to check the early termination fees,other
"I no longer want purchase {{Order Number}}, can you cancel it?",other
"I have to list the payment modalities, I need assistance",other
subscribing to newsletter,other
i have to leave an opinion about an service i need help,other
tell me what hours I can call customer service,other
I'd like to list the fucking payment methods how do i do it,other
I need assistance to see the cancellation  penalty,other
I want to speak with somebody,other
"I can't find the early exit penalty, will you help me?",other
i cantg unsubscribe to ur corporate newsletter,other
I dln't know how I can see the termination penalties,other
how do I purchase several of your product ?,other
I do not know how I can check the payment options,other
where could I check the goddamn cancellation charge?,other
would it be possible to talk with somebody?,other
talk with customer support,other
I need assistance to list the allowed payment methods,other
i want help to delete some products from order {{Order Number}},other
how to shop some articles?,other
how to contact customer assistance?,other
help to speak to customer assistance,other
uhave an address to send some feedback for a product,other
I need help downloading my bill #00108,other
see early termination charges,other
I don't know how to buy some of your item,other
is it possible to find bill #00108?,other
what do I have to do to see my invoice #85632?,other
want help to file a customer reclamation against ur business,other
where could I send feedback for your services?,other
want help to shop a few of ur article,other
i try to check the early exit penalties,other
check invoice #37777,other
I want help to talk to an operator,other
problems wiuth changing order {{Order Number}},other
have a question abut canceling purchase {{Order Number}},other
how can I lodge a customer claim?,other
i try to see whay hours i can reach customer support,other
what do i need to do to shop several products,other
I need to change some articles of order {{Order Number}},other
"I want to talk with customer support, can you help me?",other
how do I look for the fucking invoices from {{Person Name}}?,other
how to file a customer claim against your organization?,other
I do not know how to see the early exit penalty,other
I want help to earn some articles,other
I need help to see the early exit penalties,other
remove item from order,other
see the bill #37777,other
can I send feedback for a service?,other
transfering to person,other
I do not know what to do to speak with an assistant,other
want help to make a complaint against your business,other
I need help to see the termination fees,other
swap several items of order {{Order Number}},other
"I want to receive the corporate newsletter, can you help me?",other
i have to list the accepted payment methods,other
can I delete a damn article from order {{Order Number}}?,other
help to see your accepted payment modalities,other
want help to see the withdrawal charges,other
i do not know what to do to check the termination penalty,other
"I have lost my invoices from {{Person Name}}, show it tome",other
could uhelp me chat with somebody,other
how to swap several items of purchase {{Order Number}},other
help me to call customer support,other
I need to write an opinion for your products,other
earn a product,other
assistance to ujnsubscribe to ur newsletter,other
"I want to correct order {{Order Number}}, can you help me?",other
I need help to make a claim,other
I need help to see the status of my newsletter subscription,other
I don't know what I need to do to downloa the invoice #00108,other
I want help to leave fucking feedback for your services,other
how do i lodge a consumer complaint,other
I am trying to edit orde {{Order Number}},other
do you have a free number to talk to customer assistance?,other
need assistance buying some items,other
"I have to see my bill, help me",other
want assistance downloading the bill #12588,other
I cannot check the status of my newsletter subscription,other
is there a way to send a review for ur services,other
I can't find the early termination fee,other
tell me what hours I can reach customer service,other
how could I file a claim against your organization?,other
can you help me unsubscribing from the corporate newsletter?,other
how do I speak with a fucking operator?,other
need to earn some of ur product,other
"I have to order something, can I get some help?",other
could I check at what time I can call customer service?,other
need assistance to switch a product of order {{Order Number}},other
where do I cancel my subscription to the company newsletter?,other
I do not know how I could download the bill #00108,other
can ya hlp me talk to an assistant,other
could you help me check hte cancellation penalties?,other
I acn't chat with an assistant,other
need to cancel my subscription to the company newsletter,other
is it possible tl unsubscribe from ur corporate newsletter,other
wanna see the bill from {{Person Name}},other
check the status of my corporate newsletter subscription,other
help me to file a customer claim,other
cance order {{Order Number}},other
modify order370795561790,other
can uhelp me to list the allowed payment mehtods,other
the experience with ur brand ws bad how to make a complaint,other
help top speak with customer assistance,other
where can I get the invoices from {{Person Name}}?,other
"I want to check the payment modalities, I need  help",other
I would like to sign up to the corporate newsletter,other
can you help me to speak to someone?,other
I want to see your accepted payment options,other
I do not know how I can see my invoices from {{Person Name}},other
what do I have to do to earn some items?,other
what do I have to do to acquire some articles?,other
need  help to talk with a person,other
is it possible to shop a few of your item?,other
do you have a section to send a comment for a product?,other
can you help me find invoice #37777?,other
want assistanfe to shop several damn articles,other
how can i see the accepted payment modalities,other
earn several of your prodcuct,other
i have to correct purchase {{Order Number}} how can i do it,other
need help to check ur payment methods,other
"I lost the bills from {{Person Name}}, will you show them to me?",other
how to receive ur newseltter,other
I do not know what I need to do to chat with somebody,other
where to check my bills from {{Person Name}},other
I want to know more about receiging your company newsletter,other
I do not know how I can purchase a few of your article,other
I don't know what I have to do to check the withdrawal fees,other
need help ordering some products,other
i do not know what i need to do to download the bioll #12588,other
i do not know what to do to shop several of ur item,other
can i check thew status of my newsletter subscription,other
how much would ucharge me for breaking the contract,other
can i lodge a consumer complaint against ur business,other
where do I order something?,other
assistanc to see what payment options are allowed,other
i havd to buy some products,other
I need to make a claim against your company,other
want assistance to submit feedback about ur products,other
I do not know how to send feedback about your services,other
i do not know how to buy several of ur item,other
I have got to send some feedback for a product,other
assistance to make a customer claim,other
I want help making a complaint against your organization,other
want help to get the invokces from {{Person Name}},other
I do not know what I have to do to contact an assistant,other
want assistance to check the withdrawal fees,other
I'm trying to make a  customer claim against ur company,other
wana correct order {{Order Number}},other
is it possible to lodge a bloody customer claim?,other
where to purchase some items,other
find ionvoice #85632,other
"I want to acquire a few of your product, how can I do it?",other
where to filr a consumer complaint?,other
can I send feedback about a product?,other
"I missed a product in order {{Order Number}}, can I add it?",other
"I need to see the allowed payment options, help me",other
I don't know how I can write an opinion for a service,other
I do not know what I have to do to speak with someone,other
I do not know how I can get in touch with customer service,other
help me edit order {{Order Number}},other
can I see at what time I can contact customer support?,other
I'd like to talk to an operatro,other
I have to see what payment methods you acecpt,other
wanna get my bloody bll from {{Person Name}},other
seeing available payment methods,other
I call to get my bills from {{Person Name}},other
"I have got to leave feedback about your company, I need help",other
I try to send my feedback about a product,other
I cannot find the early termination charges,other
want assistance switching an item of purchase {{Order Number}},other
"I want to receive the company newsletter, how to do it?",other
i dont knwo how i can cancel purchase {{Order Number}},other
help seeing what hours I can contact customer assistance,other
can uhelp me to get in touch with customer support,other
assistance giving aquick look at invoice #85632,other
I want to sign up to your corporate newsletter,other
I need assistance unsubscribing to the newsletter,other
I need to make a customer complaint against your company,other
wanna make a consumer reclamation against ur company,other
I do not know what I need to do to check the payment options,other
I do't know how to download my bills from {{Person Name}},other
could you help me to talk to a person?,other
contcat an agent,other
"I have to contact customer assistance, can I get some help?",other
I need assistance to see the early termination fees,other
i dont know how i can contact somebody,other
want help to change several items of purchase {{Order Number}},other
where do i receive ur company newsletter,other
help to talk with a fucking live agent,other
wanna see ur accepted payment options can ya help me,other
i dont know what i have to do to get my invoice #37777,other
show me what hours i can call customer assistance,other
information about cancel the company newsletter subscription,other
I am trying to see your allowed payment modalities,other
could you help me checking the available payment options?,other
is there a e-mail to send some feedback for ur company,other
I do not know what to do to download my invoice #12588,other
I do not know what I have to do to download invoice #00108,other
where can I buy some of your article?,other
want heop downloading the bill from {{Person Name}},other
i do not know how i can checkj the termination penalties,other
where do i make a complaint,other
I can't see the status of my subscription to your newsletter,other
need help signing up to the newsletter,other
want assistance to acquire several items,other
I want to know about my corporate newsletter subscription,other
how to unsubsribe to the corporate newsletter,other
i want help contacting customer support,other
how can I acquire several of your article?,other
want help leaving some feedback,other
how can I file a customer complaint against your company?,other
help me to take a quick look at my bills from {{Person Name}},other
need help taking a quick look at the bill #37777,other
help mke chatting with a person,other
"I can't pay for this item, cancel order {{Order Number}}",other
i dont know how to earn a product,other
tell me what hours i can contact customer sasistance,other
need help getting the bill from  {{Person Name}},other
"I nede to see the early exit fees, how can I do it?",other
I need help submitting some feedback about a product,other
I don't know what to do to earn some of your item,other
"I have to order a bloody product, how can I do it?",other
"I have to acquire some of your article, how to do it?",other
can i speak with someone,other
I want to speak with customer esrvice,other
how can i remove some articles from purchase {{Order Number}},other
I need to leave a comment for your company,other
is there a section to submit fedback for your company?,other
I need help to see the early exit charge,other
I need help cancelling my subscription to your newsletter,other
assistance to speak to a live agent,other
I can't correct purchase {{Order Number}},other
are there any withdrawal charges?,other
is it possible to give a quick look at the invoice #12588,other
I don't know how I can unsubscribe to the newsletter,other
how can I check your payment methods?,other
swap an item of purchase {{Order Number}},other
"I purchased some damn product, help me cancel order {{Order Number}}",other
want help chceking invoice #85632,other
I do not know what I need to do to talk with somebody,other
help ordering an item,other
i call to downbload my invoices from {{Person Name}},other
is it possible to list the allowed payment mthods?,other
I want help to download the invoice #85632,other
need help with switching an item of purchase {{Order Number}},other
i have to see what hours i can call customer support,other
I want assistance chatting with someone,other
I do not know how I can submit feedback about a product,other
want asistance to download the bill #85632,other
want help to file a consumer claim against your organization,other
"I do not understand you, direct to me a human agent",other
can i get the bill #12588,other
contact a fucking live agent,other
i dont know what i need to do to buy some products,other
i tr to file a consumer complaint against ur organization,other
can you help me talk with customer support?,other
how do i see ur accepted payment options,other
I cannot talk  to a person,other
I am trying to list your acceoted payment options,other
can I update order00004587345?,other
can you tell me what hours customer support available is?,other
i do not knowhow i can list the payment options,other
can you help me buy a product?,other
I do not know how I can get bill #37777,other
awnt help to receive your corporate newsletter,other
can I see the termination charges?,other
need assistance cancelinv purchase {{Order Number}},other
"I have to leave some feedback about a product, help me",other
what do I have to do to chat with an operator?,other
where can I see your available payment modalities?,other
I want help to switch something of order {{Order Number}},other
I need assistance to send some feedback for your company,other
i want help to shop some producgs,other
assistance to edit order {{Order Number}},other
help switching something of purchase {{Order Number}},other
speak with human agent,other
assistance to unsubscribe from the company newsletter,other
list accepted payment methods,other
where to check your payment methods?,other
"I need to get my bill from {{Person Name}}, how can I do it?",other
how to add an article to order {{Order Number}},other
i want help getting my bills from {{Person Name}},other
I do not know ohw to acquire an item,other
need help acquiring a few of your article,other
I have to speak to fucking ucstomer support,other
need to write a review about ur company how can i do it,other
help to check the status of my subscription to ur newsletter,other
is it possible to order a few of your product?,other
assistance to cancel the newsletter subscription,other
"you aren't helpful at all, direct to me a damn assistant",other
help switching several items of order {{Order Number}},other
"I want to speak with damn customer support, help me",other
I have got to see the early exit penalties,other
"I have to earn a damn product , how could I do it?",other
help me unsubscribe from ur corporate newsletter,other
"I made a mistake, I want help editing order {{Order Number}}",other
I want help to see what hours I can call customer support,other
assistance seeing ur available payment options,other
buy several articles,other
how can I make a consumer reclamation against your business?,other
help filing a cosnumer reclamation against ur company,other
what do i need to do to leave some feedback,other
how can isubmit my feedback for ur company,other
I need assistance seeing the available payment options,other
i want help to see the termination charges,other
i do not know what to do to get my bills from {{Person Name}},other
i want help unsubscribing to the company newsletter,other
download ibll #37777,other
need help to talk to customer assistance,other
I want assistance chatting with an operator,other
how can i switch something of purchase {{Order Number}},other
whree to check what payment methods are available?,other
what do i need to do to look for my bill #37777,other
can uhelp me check the bloody allowed paymentmethods,other
I don't know what I have to do to download my bill #12588,other
how to get bill #85632,other
neerd help buying some bloody products,other
can you help me file a customer complaint?,other
help me to check my bill from {{Person Name}},other
where can i shop something,other
how do I download the goddamn invoice from {{Person Name}}?,other
need assistance to see the withdrawal fee,other
where can i notify of a problem with payment,payment
I want help to report issues with online payment,payment
I want help solving payment problems,payment
can you help me report a payment issue?,payment
reporting issues with payments,payment
inform of error with online payments,payment
i need assistance solving an error with payments,payment
where do i report an issue with paynents,payment
want assistance solving an problem with payments,payment
can you help me solve issues with payment?,payment
payment issues,payment
I need help to report a trouble with online payment,payment
I want assistance informing of a payment issue,payment
assistance informing of problems with payment,payment
how can i report problems with online payments,payment
I want assistance to solve a problem with payments,payment
I want assistance to notify of an issue with payments,payment
i want assistance to notify of errors with online payment,payment
what do i have to do to inform of a error with payments,payment
what do i have to do to report a trouble with payments,payment
help me rport a trouble with online payments,payment
want help to inform of errors with payments,payment
help to notify of a payment issue,payment
where can I notify of problems with payent?,payment
could ya help me to report an isue with payment,payment
assistance to solve a fucking payment error,payment
i do not know how i can notify of errors with payment,payment
need help to notify of an error with online paymemts,payment
i need assistance to solve na issue with payment,payment
"my card did not work, assistance reporting payment problems",payment
need to inform of problems with online payment,payment
how do i notify of a problem with online payments,payment
"I cannot pay, I want to report bloody problems with payment",payment
is it possible to notify of troubles with online payments?,payment
help me inform of an error with online payment,payment
I want assistance solving troubles with online payment,payment
notify of issues wiht payment,payment
need help notifying of an error with payment,payment
I don't know how I can report a problem with payments,payment
I am trying to inform of a payment error,payment
i need help to inform of troubles with payment,payment
"my credit card was declined, I have to report payment errors",payment
i dont know how i can notify of a trouble with payments,payment
how can I report a trouble with online payment?,payment
I try to report errors with payment,payment
"I have to inform of damn payment errors, how can I do it?",payment
I try to notify of an error with online payments,payment
what do I need to do to inform of isues with payments?,payment
want assistance notifying of problems with online payment,payment
wanna notify of a trouble with online payments,payment
I do not know what I have to do to report payment issues,payment
I want help solving a problem with online payment,payment
I don't knowe how to inform of problems with payments,payment
I want assistance to inform of errors with online payment,payment
can you help me informing of errors with payment?,payment
I have got to notify of issues wit payments,payment
I want assistance to solve a trouble with online payment,payment
help me inform of a problem withpayment,payment
I do not know how to report errors with payments,payment
want assistance to notify of an erro with payment,payment
is it possible to inform of payment issues?,payment
help em to report an issue with payment,payment
want assistance solving a payment issue,payment
i  have got to inform of troubles with online payment,payment
solve issue with payment,payment
help me solving a trouble with payment,payment
assistancesolving a trouble with payment,payment
I'm trying to notify of errors with online payments,payment
need help to report an issue with payment,payment
how can i notify of issues with online payment,payment
what do i need to do to report prbolems with payment,payment
i want help informing of troubles with online payment,payment
i want assistance to notify of troubles with payment,payment
help me noitfy of an error with online payments,payment
"I can't make a transfer, I need to inform of payment issues",payment
I have to inform of issues with payments,payment
I want to notify of an error with payments,payment
I want to report payment errors,payment
I want help to notify of errors with payments,payment
I don't know how to inform of a trouble with payment,payment
i wan help to report payment problems,payment
I would like to report fucking errors with payment,payment
"the payment failed, could I notify of an error with payment?",payment
help me report problems with online payment,payment
want assistance to notify of a payment problem,payment
need help to solv problems with online payment,payment
need to report an issue with paymentr,payment
I  need assistance reporting an issue with online payment,payment
I am trying to inform of an error with paymenys,payment
can you help me notify of errors with payment?,payment
"I want to report problems with payments, I need assistance",payment
I don't know what I need to do to inform of payment errors,payment
help solving a payment problem,payment
can ya help mw to solve errors with payment,payment
I am trying to inform of a trouble with online payment,payment
solve a damn error with online payments,payment
i canr pay can ya help me report issues with online payment,payment
need assistance solving problems with payment,payment
i want assistance solving issues with online payments,payment
I don't know what to do to notify of  a payment problem,payment
my card was declined report payment issues,payment
"I can't pay, how could I notify of a payment problem?",payment
I need help to report a payment problem,payment
help me notifying of an error with payment,payment
what do I need to do to notify of a problem with payments?,payment
i want help informing of issues with online payment,payment
I need help to inform of a problem with payments,payment
i dont know what i have to do to report issues with payments,payment
can uhelp me report problems with payments,payment
I need help notifying of a problem with payment,payment
can ya help me to solve a payment problem,payment
i want assistance reporting issueswith online payment,payment
I don't know how I can notify of a payment issue,payment
how can I report troubles with online payments?,payment
need help to notify of problems with payment,payment
report anissue with payment,payment
I don't know how to notify of an issue with online payment,payment
can you help me to solve errors with payment?,payment
want help notifying of a trouble with paymenst,payment
"I can't make a  payment, how do I notify of fucking errors?",payment
i get an error when i try to make a transfer report it,payment
how to report problems with payment?,payment
i want help solving issues with online payment,payment
I need to inform of damn issues with online payment,payment
i cannot pay i have to report goddamn payment issues,payment
i want help solving a trouble with online payments,payment
can you help me to solve an issue with payment?,payment
notifying of problems with payments,payment
i cant make a payment where do i inform of a problem,payment
could ya help  me to report a payment problem,payment
need help solving an error wity online payments,payment
where can I report errors with payments?,payment
i need assistance to solve payment errors,payment
could you help me to report an error with online payment?,payment
i do not know what to do to report a trouble with payment,payment
I need help to notify of a trouble with payment,payment
how can I notify of problems with online payments?,payment
can you help me report fucking errors with payment?,payment
could ya help me solving an error with payments,payment
help me notify of an issue with payment,payment
i need help to inform of troubls with payment,payment
notify of fucking payment issues,payment
help me to notify of issues with payments,payment
how to report errors with payment,payment
payment help,payment
want help to report an issue with online payments,payment
want help to solve a payment problem,payment
what do i need to do to report troubles with online payment,payment
where can i notify of errors with online payments,payment
I want assistance to notify of goddamn issues with payments,payment
help me notify of a payment issue,payment
where do I report an issue with payments ?,payment
want assistance to report a trouble with online payments,payment
i cant make transfers notify of a trouble with payment,payment
"I can't make transfers, help to inform of a payment issue",payment
"my card was declined, can I report problems with payments?",payment
issues with payment,payment
i dont know how to inform of a trouble with payment,payment
I'm trying to inform of problems with online payments,payment
"the payment did not go through, report an error",payment
help notifying of problems with payment,payment
inform of problems with payments,payment
how to notify of issues with payment?,payment
can you help me to notify of a trouble with payment?,payment
i want help to inform of errors with payments,payment
can you help me notify of problems with online payments?,payment
"I want to inform of a problem with online payments, help me",payment
solve troubles with payment,payment
need help informing of a payment error,payment
I don't know how I can notify of a problem with payments,payment
I'm trying to report troubles with online  payment,payment
how could I report trfoubles with payment?,payment
i need assistance to inform of problems with online payment,payment
can you help me notifying of an issue with payment?,payment
how to report  troubles with payments,payment
where could I inform of bloody issues with payment?,payment
I need assistance solving a trouble with payment,payment
"I cannot make a transfer, how to notify of a payment issue?",payment
I need to inform of an error with online payments,payment
i want help to report a payment issue,payment
help me to inform of an issue with online payment,payment
I need help to notify of an error with payments,payment
where to report an error with payments?,payment
I'm trying to notify of a trouble with online payments,payment
is it possible to inform of an error with online payments?,payment
want assistance reporting troubles with payment,payment
how could I inform of payment errors?,payment
where could I inform of issues with payment?,payment
"I can't make a payment, inform of an error with payment",payment
"I can't pay, help to inform of issues with payment",payment
help me solve payment problems,payment
where can i report issues with payment,payment
help me solve a trouble with online payments,payment
"I can't make a transfer, help to inform of a payment error",payment
i cant makr a transfer help me report a payment error,payment
want help norifying of a payment issue,payment
i want assistance to notify of errors with payment,payment
i have to notify of errors with online payment,payment
report payment issues,payment
i have got to notify of issues with online payment,payment
help to report an issue with online payment,payment
I need assistance to repor errors with online payments,payment
i try to report issues with payments,payment
"I can't make payments, need  help to report an issue",payment
could you help me to report troubles with online payments?,payment
I need help notifying of issues with online payment,payment
I want help informingof troubles with online payments,payment
assistance to report troubles with payments,payment
i cant make payments help to report issues with payments,payment
I need assistance reporting errors  with online payment,payment
I need help to solve a problem with payments,payment
i  have to report troubles with online payments,payment
i want help solving errors with online payments,payment
where to report errors with online payment?,payment
I need to notify of problems with payments,payment
where do I inform of payment errors?,payment
i dont know how i can notify of issues with online payments,payment
help informing of an error with online payments,payment
I am trying to inform of issues with payment,payment
can uhelp me solve an error with payments,payment
can ya help me solving issues with online payment,payment
i cant pay help informing of issues with payment,payment
report payment issue,payment
I need assistance to notify of a payment error,payment
how do I inform of a problem with online payments?,payment
"I can't pay, assistance reporting troubles with payment",payment
want assistance solving an error with payment,payment
I want help to report an issue with online payment,payment
I want to report a problem with payment,payment
assistance to notify of an error with online payment,payment
"the payment failed, I want to notify of issues",payment
I don't know how to inform of troubles with payment,payment
wanna report issues with online pahment,payment
where to report probles with online payment,payment
i need help informing of a trouble with payment,payment
I don't know how I could report  a payment problem,payment
where can I iinform of errors with online payment?,payment
what do I have to do to report problems with online payment?,payment
how to report a problem with payment,payment
I want assistance to inform of problems with payment,payment
would it be possible to inform of damn errors with payments?,payment
inform of ikssue with online payment,payment
I want help to report a bloody error with onlien payments,payment
help to solve an error withonline payments,payment
can uhelp me to report a trouble with online payment,payment
I want ehlp to solve troubles with online payment,payment
report an error with payments,payment
how can I inform of a payment error?,payment
i need assistance solving errors with payment,payment
assistance to solve issues with online payment,payment
can uhelpme informing of a problem with payments,payment
i want help informing of problems with payment,payment
I need help notifying of a problem with online payment,payment
help notifying of an error with payment,payment
I need assistance to notify of an error with online payments,payment
I need help to inform of errors with online payment,payment
I do not know how I can notify of a payment issue,payment
hgow can I inform of issues with payments?,payment
where can I inform of problems with payment?,payment
I do not know how to report a problem with payments,payment
"the payment failed, how to report an error with payment?",payment
where can I notify of troubles with payments?,payment
i cannot pay help me to report issues with payment,payment
help informing of a problem with online payments,payment
where to report issues with online payments,payment
i need help to report a problem with online payments,payment
I'm trying to inform of an issue with payments,payment
"the payment failed, where do I notify of errors?",payment
i need assistance to solve a problem with  payments,payment
the payment failed i need help to report errors with payment,payment
want help to report a problem with payments,payment
can you help me inform of fucking troubles with payments?,payment
where can I inform of issues with payments?,payment
I do not know what to do to notify of payment problems,payment
wantr help to solve issues with payment,payment
wanna inform of errors with online payment can uhelp me,payment
how to notify of a trouble with online payment,payment
I need assistance to inform of a payment issue,payment
can you help me notify of an error with payments?,payment
how to inform of a payment issue,payment
I want help notifying of problems with online payment,payment
I need hnelp to solve a trouble with online payment,payment
report issue with payments,payment
could you help me inform of troubles with payment?,payment
where can I notify of issues with online payment?,payment
help me notify of errors with online payment,payment
"I cannot pay, help reporting goddamn problems with payments",payment
where could I notify of a problem with payment?,payment
i cannot pay want help to report errors with payments,payment
help to notify of an issue with payments,payment
where can I report a problem with online payments?,payment
I need assistance to report a trouble with online payments,payment
help solving troubles with online payment,payment
can you help me to solve issues with online payment?,payment
i cannot make a transfer help to report damn payment issues,payment
i dont know how to inform of a payment problem,payment
i need assistance to report problems with online payments,payment
i want assistance to notify of payment errors,payment
is it possible to inform of issues with online payments,payment
what do i have to do to report a bloody issue with payments,payment
Iam trying to notify of troubles with online payment,payment
"I cannot pay, help notifying of a problem with payment",payment
i dot know what to do to notify of damn payment issues,payment
I want help informing of problems with payment,payment
want help reporting an error with online payments,payment
report issue with payment,payment
reporting payment issue,payment
I need assistance reporting issues with online payments,payment
I want help to report payment problems,payment
I try to notify of an error with online payment,payment
where do i inform of a trouble with payments,payment
I am trying to report bloody troubles with payment,payment
i cant pay  inform of a problem with payment,payment
I don't know how to inform of troubles with online payments,payment
help me reporting an issue wigh online payment,payment
I don't knoq how I can inform of an issue with payment,payment
can ya help me to solve probelms with payment,payment
where can I report an issue with payments?,payment
need assistance to report problems with online payments,payment
"I can't make a transfer, can I notify of payment errors?",payment
I don't know how I can report an error with online payment,payment
"I can't pay, where do I report errors with payment?",payment
i need help to report a payment error,payment
I am trying to inform of issues with online payment,payment
reporting payment issues,payment
how to notify of problems with payment?,payment
troubles with online payments,payment
problem with payments,payment
can you help me to report a problem with online payment?,payment
I don't know how I can report an issue with online payment,payment
i do not know what to do toi inform of payment problems,payment
I have got to report issues with online payment,payment
I do not know what I have to do to notify of payment issues,payment
report a goddamn problem with payment,payment
I do not know how to notify of a payment problem,payment
I have to notify of a payment error,payment
would it be possible to notfy of an error with payments,payment
can youhelp me reporting troubles with online payments?,payment
I am trying to notify of an issue with payment,payment
I have to reporta trouble with payment,payment
I want assistance solving errors with payments,payment
"I cam't make a transfer, can I report payment errors?",payment
need assistance informing of problems with online payment,payment
could uhelp me report a trouble with online payment,payment
I don't know what to do to inform of a problem with payment,payment
assistance to solve an issue with online payment,payment
want assistance to notify of a problem with payment,payment
help with payment,payment
how could I inform of errors with payment?,payment
need help informing of errors with online payment,payment
i want help to oslve a bloody issue with payment,payment
I need to notify of troubles with payment,payment
how can I report errors with online payments?,payment
help me to inform of an error with payment,payment
could you help me solve troubles with payments?,payment
i do ont know how i can report an issue with payment,payment
assistance to inform of a trouble with online payments,payment
notifyu of payment issues,payment
i dont know how i can notify of an error with online payment,payment
"I cannot make a transfer, notify of payment issues",payment
can ya help me to solve atrouble with payments,payment
want assistance informing of problems with payments,payment
can you help me notify of a payment issue?,payment
help solving a trouble with online payment,payment
I don't know how I can report problems with payment,payment
I do not know what to do to report an error with payment,payment
i need assistance informing of an issue with online payments,payment
I have a queston about the payment,payment
i need help reporting problems with online payment,payment
"I cannot make payments, could I report a problem?",payment
assistance notifying of an issue with payments,payment
my card was declined help to inform oof a payment issue,payment
I ned assistance solving an error with payments,payment
I need help to report issues with payment,payment
where to notify of problems with online payments?,payment
can you help me to notify of errors with payment?,payment
i need help to notify of issues with online payments,payment
I ened help reporting problems with payment,payment
can you help me to notify of a problem with online payment?,payment
want assistance to notify of issues with payments,payment
want assistance to report issues with payment,payment
I want help reporting payment problems,payment
I have to inform of an error with online payment,payment
I don't know what to do t report issues with online payment,payment
want help reporting issues with online payments,payment
where can i notify of troubles with payments,payment
I want help reporting a payment issue,payment
can ya help me to inform of a problem with payment,payment
i need help sollving a trouble with payments,payment
my card was declined i wanna inform of troubles with payment,payment
can you help me report an issue with online payments?,payment
help me to notify of issues with payment,payment
can you help me notifying of troubles with online payments?,payment
how could I inform of issues with payment?,payment
I have to report problems with online payment,payment
"I cannot pay, I have to inform of a problem with payments",payment
solve problems with apyment,payment
I want to report an error with payment,payment
"I cannot pay, help to inform of problems with payment",payment
I have to inform of a bloody payment issue,payment
i dont know how to inform of an issue with payments,payment
I need assistamce to inform of a payment issue,payment
I'm trying to report issues with online payment,payment
i need assistance to inform of problems with payment,payment
I'm trying to notify of payment problems,payment
need help informing of a problem with online payments,payment
want help to  notify of a fucking error with payments,payment
"I have got to report a payment problem, will you help me?",payment
want assistance to solve a payment problem,payment
help me to  report issues with payment,payment
assistance  to report issues with payment,payment
"I have to report an issue with online payments, help me",payment
I want to inform of an issue with online payment,payment
assistance to notify of problems with payment,payment
i dont know how to inform of payment errors,payment
can you help me to inform of an error with online payment?,payment
"I need to notify of issues with online payments, help me",payment
help me to solve a payment problem,payment
were do i report troubles with payment,payment
i try to inform of issues with payment,payment
solving payment errors,payment
need assistance notifying of a problen with payment,payment
I need help informing of an issue with payment,payment
is it possible to notify of troubles with online payment ?,payment
report issues with payment,payment
I need assistance to inform of issues with payments,payment
i need assistance notifying of a payment probelm,payment
how can I notify of an error with online payments?,payment
can you help me reporting troubles with payments?,payment
want help to notify of troubles with online payment,payment
how can i inform of problems with online payment,payment
I want help to report an error with payments,payment
i have to report issues with online payment,payment
hw to report troubles with payment?,payment
can ya help me report payment issues,payment
help me solving troubles with payments,payment
where do I report an error with online payment?,payment
"I can't pay, how do I inform of payment errors?",payment
help to notify of errors with online payments,payment
can uhelp me informing of a payment issue,payment
how can I inform of an issue with payment?,payment
i try to report a problem with payment,payment
could you help me to solve payment errors?,payment
i want help reporting an issue with online payments,payment
how could i report errors with online payments,payment
i do not know what to do to report an issue withpayment,payment
where do i inform of goddamn problems with online paymnts,payment
I want to notify of troubles with online payments,payment
want help to report problems with online payment,payment
want help informing of a problem with online payments,payment
want assistance to report issues with payments,payment
I need assistance to inform of a problem with payments,payment
help reporfting a trouble with payments,payment
where do i inform of a trouble with online payment,payment
where do i notify of a trouble with payments,payment
want assistance notifying of errors with payments,payment
can uhelp me to inform of  issues with payments,payment
I need help solving a troouble with online payments,payment
I need assistance to solve a problem with payment,payment
I have got to report payment problems,payment
assistance notifying of troubles with payments,payment
I need to inform of a trouble with online payment,payment
issues with payments,payment
I want assistance informing of an error with payments,payment
i want assistance to inform of problwms with payment,payment
I don't know how I can report an error with payment,payment
i do not know how to notify of a trouble with online payment,payment
assistance informing of errors with payments,payment
I need assistance notifying of errors with online payments,payment
i cannot make a  payment where do i report an error,payment
could you help me reporting errors with online payment?,payment
"I cannot pay, where canI report problems with payment?",payment
I need help reporting a trouble with online payment,payment
I do not know how to infgorm of payment problems,payment
Iwant to report an issue with online payments,payment
I want help notifying of a payment problem,payment
I want to inform of problems with payment,payment
could you help me solve an error with online payment?,payment
i want assistance to report issues with payments,payment
notifying of trouble with payment,payment
help me informing of a payment problem,payment
I want assistance to solve a problem with payment,payment
where can I notify of troubles with payment?,payment
is it possible to notify of issues with online payment?,payment
I nerd to report a trouble with online payment,payment
I don't know what to do to notify of payment errors,payment
"I want to notify of errors with payment, how to do it?",payment
I don't know how I can inform of issues with payments,payment
I do not know how to inform of errors with online payments,payment
what do I have to do to notify of a damn payment problem?,payment
how do I report a problem with payments?,payment
can you help me inform of a problem with payment?,payment
how do I report issues with online payment?,payment
need assistance informing of a trouble with payment,payment
"I cannot make a payment, how could I report bloody problems?",payment
want help solving a problem with payments,payment
want assistance reporting an error with payments,payment
assistance to inform of a damn payment issue,payment
what do I need to do to notify of a payment error?,payment
how to inform of a problem with online payments?,payment
check my refund status,refund
want assistance to check the status of the rebate,refund
i dont know what i need to do to receive a rebate,refund
I need assistance to request refunds of my money,refund
can you help me check in which cases can I ask for a refund?,refund
rebate  {{Currency Symbol}}{{Refund Amount}},refund
what do I need to do to track my reimbursement?,refund
"I have to see how long reimbursements usually take, help me",refund
I want help to see if there are any news on the compensation,refund
could I check the goddamn status of the refund?,refund
assistance to see the status of my compensation,refund
I am waiting for a compensation of {{Refund Amount}} doolars,refund
when am i getting a reimbursement,refund
i dont know how i can see my rebate current status,refund
could you help me to see the status of the reimbursement?,refund
wanna ask for a compensatin of money,refund
help me check in what cases can I request my money back,refund
i want help to demand reimbursements,refund
can you help me receiving rebates of money?,refund
help me request damn restitutions of money,refund
i need assistance to checck ur money back policy,refund
I am waiting for a restitution of {{Refund Amount}} dollars,refund
i dont know how to request a refund,refund
is it possible to see in which cases can I ask for a refund?,refund
I expect a compendation of {{Currency Symbol}}{{Refund Amount}},refund
where can I ask for restitutions of my money?,refund
"I wwould like to see your damn money back policy, help me",refund
need help requesting restitutions of my money,refund
I need help tracking the restitution,refund
help to see if there is anything wrong with my restitution,refund
I don't know what I have to do to see the restitution status,refund
I want to see my compensation current status,refund
am I entitled to a refund according to your policy?,refund
I need assistance demanding compensations,refund
I expect a restitution of {{Currency Symbol}}{{Refund Amount}},refund
ho do i get a refund,refund
I don't know what to do to get a reimbursement,refund
can i see under what circumstances can i ask for a refund,refund
"I have to check the rebate status, I need assistance",refund
I am waiting for a reimbursement of {{Refund Amount}} dollras,refund
need help to check in which cases can Irequest refunds,refund
i want help to get a rebate of my money,refund
I need to check if there are any updates on my bloody rebate,refund
I don't know what to do to get compensations of my money,refund
in which cases can i ask for reimbursements,refund
"I have to see the bloody status of the refund, how to do it?",refund
assitsance seeing in which cases can i request a refund,refund
I want help to check in what cases can I request a refund,refund
I need assistance seeing how long reimbursements take,refund
I'd like to see in which situations can i ask for reunds,refund
i expect a refund of {{Refund Amount}} dollars has it been processed,refund
assistance checking in which cases can i ask to be refunded,refund
where can i ask for compensations of money,refund
assistance seeing in which cases can I ask for a refund,refund
where to see if there are any updates on my restitution,refund
where to demand reimbursements of money?,refund
how to get a rebate of money?,refund
how long till I receive my refund of money ?,refund
i dont know how to request restitutions of my money,refund
I need to see in what situations can I ask to be reimbursed,refund
need assistance to see in what cases can i ask for refunds,refund
I have to check in what situations can I request a refund,refund
I want to see in what cases can I ask for refunds,refund
i need help requesting rebates of money,refund
assistance knowing if there are any news on my rebate,refund
I don't know how I could track the compensation,refund
I do not know what I have to do to get a refund,refund
can I see in what cases can I request an reimbursement?,refund
get money back,refund
i have paid {{Currency Symbol}}{{Refund Amount}} for an item i wanna get my money back,refund
is it possible to check in what cases can I request refunds?,refund
I am trying to see your reimbursement policy,refund
can uhelp me to see how long reimbursements usually take,refund
I want help to ask for an rebate of money,refund
check your money back policy,refund
I cannotcheck your money back policy,refund
I cannot see your reimbursement policy,refund
check in which situations can i ask for a reimbursement,refund
i do not know what i need to do to get retsitutions of money,refund
show me in which situations can I ask to be reimbursed,refund
how can I check your reimbursement policy?,refund
I have got to see in what cases can I ask for a refund,refund
when am I getting a rebate?,refund
i dont kno how to request a refund of my money,refund
I try to see in what situations can I ask to be refunded,refund
I am trying to see in what cases can I request my money back,refund
I try to see in which cases can I request a refund,refund
how can I check the refund current status?,refund
want help receiving a restitution of my money,refund
I need help seeing your money back guarantee,refund
help to see the status of my rebate,refund
i dont know how i can see ur reimbursement policy,refund
I need to see in which cases can I ask for reimbursements,refund
I am trying to see in what cases can I request a refund,refund
how do I get restitutions of money?,refund
need help tyo obtain fucking compensations,refund
getting refund of money,refund
assistance to see in what cases can I request refunds,refund
need to check in which cases can i request an refund,refund
help to see inwhich situations can I ask to be refunded,refund
"I have to see in which cases can I ask for refunds, help me",refund
can ya help me see u refund policy,refund
can uhelp me getting reimbursements of my money,refund
I try to see in what cases can I ask to be refunded,refund
help me see the current status of my compensation,refund
want help demanding a rebate of my money,refund
help to see in what cases can I request to be reimbursed,refund
I need to check in what cases can I request reimbursements,refund
I need help to see in what cases can I ask to be refunded,refund
I want to see in which cases can I ask for reimbursements,refund
chwck under which circumstances can I request reimbursements,refund
help me see in what case can i request the bloody refunds,refund
can i see in which situtaions can i request refunds,refund
show me in which cases can I request to be refunded,refund
help me check in which cases can i ask for reimbursements,refund
i need assistance checking my rebate status,refund
I want help to see in what situations can I ask for refunds,refund
I want to check in which cases can I request reimbursements,refund
I am waiting for an restitution of {{Refund Amount}} dollars,refund
need help seeing my rebate status,refund
i have to see in what cases can i ask for reimbursements,refund
I need to demnand reimbursements of money,refund
i do not know what i have to do to request refunds of money,refund
can uhelp me check the compensation current status,refund
i have paid {{Currency Symbol}}{{Refund Amount}} for an order help me to obtain a refund,refund
i have to see in which cases can i ask for erimbursements,refund
i need help checking in what cases can i ask to be refunded,refund
I try to check your damn money back guarantee,refund
wanna get a rebate of my mney,refund
help me seeing in which cases can I ask for my money back,refund
i dont know how to ask for compensations of money,refund
i try to see ur reimbursement policy,refund
show me in what casescan i request my money back,refund
i expect a restitution of {{Refund Amount}} dollars was it processed,refund
I try to see in which situationscan I ask for refunds,refund
help me checking ur reimbursement policy,refund
how can i see if there are any news on my rebate,refund
I want assistance to see your money back policy,refund
I do not know how to check the status of the reimbursement,refund
i need assistance asking for a compensation of my money,refund
can I see in which cases can I ask to be reimbursed?,refund
I do not know what to do to see the compensation status,refund
assistance to see my compensation status,refund
where to get reimbursements of money?,refund
i have to check how long reufnds take how to do it,refund
can ushow me ur refund policy,refund
check in what situations can I ask for reimbursements,refund
want help to obtain a compensation of money,refund
i have to check in what cases can i ask for refunds,refund
help to check in whatcases can I request my money back,refund
can I see under what circumstances can I request a refund?,refund
I need help seeing how long reimbursements usually take,refund
check under which circumstances can I ask to be refunded,refund
I want help to check in which cases can I ask for refunds,refund
where can I see the status of the restitution?,refund
i have got to see in which situations can i request a refund,refund
where do I demand a reimbursement of my money?,refund
I'm waiting for a damn refund of {{Currency Symbol}}{{Refund Amount}},refund
i dont know how to track my refund,refund
I don't know how I can obtain rebates,refund
"I want to see how long refunds take, how to do it?",refund
what do I have to do to track the refund?,refund
need help checking in what situations can I request refunds,refund
what do I have to do to see my compensation current status?,refund
i ned assistance to ask for a reimbursement,refund
how to ask for my money back,refund
can you help me demand refunds ?,refund
what do I need to do to request a fucking refund?,refund
can you help me to ask for compensations?,refund
need help to see in what cases can I ask to be reimbursed,refund
"I have to see the status of my reimbursement, I need help",refund
help me to see your goddamn refund policy,refund
help me check in which casesx can I ask for reimbursements,refund
how do i obtain a restitution of money,refund
can you help me see the current status of my reimbursement?,refund
assistance to check ur refund pollicy,refund
I do not know how I could receive a reimbursement of money,refund
help me seeing in which cases can I request my money back,refund
I need help  to get a refund,refund
I try to ask for a compensation of my money,refund
can I see in which cases can I ask for a reimbursement?,refund
help me check the status of the rebate,refund
wanna demand a reimbursement of money,refund
help me seeing your fucking money back policy,refund
I'm waitng for a reimbursement of {{Currency Symbol}}{{Refund Amount}} has it been processed,refund
I have got to reuqest rebates of money,refund
I have got to check in what cases can I request a refund,refund
I have got to know if there are any news on my compensation,refund
I do not know what to do to get a compensation,refund
I want assistance to demand rebates of money,refund
help me checking in what cases can i ask for refunds,refund
in what cases can I request reimbursements?,refund
"I have to see how long refunds take, I need help",refund
i expect a rebate of {{Currency Symbol}}{{Refund Amount}} has it been processd already,refund
help to ask for a rebate of my money,refund
I want help to check in which cases can I ask for a refund,refund
can uhelp me check if there are any updates on the rebate,refund
how do i see if there are any news on the restitution,refund
I need to check in which cases can I ask for my money back,refund
assistance to check in which cases can I request a refund,refund
help me to see if there is anything new on the reimbursement,refund
"I have to see my compensation status, help me",refund
where do I demand compensations?,refund
can uhelp me seeing in which cases can i sak for a refund,refund
"I want to see your money back policy, I need help",refund
help me check in what cases can I request to be reimbursed,refund
i need assistance to obtain reimbursementsof money,refund
assistance to check youe money back guarantee,refund
I need assistance checking my compensation status,refund
want assistance seeing your reimbursement policy,refund
I expect a damn rebate of {{Refund Amount}} dollars,refund
I am trying to check my compensation current status,refund
I do not know what to do to get compensations,refund
want assistance to obtain a restitution of money,refund
I am waiting for a compensation of {{Refund Amount}} dollars,refund
i need assistance to check ur refund policy,refund
want assistance to receive a refund of money,refund
help me seeing the current status of my reimbursement,refund
i need assistance getting compensations of my money,refund
refunding {{Currency Symbol}}{{Refund Amount}},refund
"I expect a goddamn compensation of {{Currency Symbol}}{{Refund Amount}}, was it processed",refund
i do not know how i can see the reimbursement current status,refund
i have to check in which cases can i ask for a refund,refund
I try to see if there are any news on my reimbursement,refund
I would like to track the restitution,refund
I do not know how I can receive a refund of my money,refund
can you help me check the rebate current status?,refund
can you show me in what situations can I request refunds?,refund
I need to see in which cases can I ask for a reimbursement,refund
when am I obtaining a refund?,refund
help me seeing in what cases can I ask for refunds,refund
I would like to see how long reimbursements take,refund
help me obtain a reimbursement,refund
assisance seeing in what cases can i request a refund,refund
where can I check your reimbursement policy?,refund
I don't know how I can request a rebate,refund
assistance seeing if there is anything new on the rebate,refund
can I check if there are any news on my reimbursement?,refund
need to obtain restitutions of money,refund
i have to see in what situations can i ask for refunds,refund
i have paid {{Currency Symbol}}{{Refund Amount}} for thid item i try to receive a rebate,refund
I'm waiting for a reimbursement of 299dollars,refund
I want assistance obtaining a reimbursement of my money,refund
I have to check how long reimbursements usually take,refund
what do i have to do to request restitutions of money,refund
can you help me to request a reimbursement of money?,refund
I watn help to check in what cases can I ask for a refund,refund
would it be possible to ask for compensations of my money?,refund
see under what circumstances can I ask to be refunded,refund
"I need to check the rebate current status, can you help me?",refund
I need to check how long reimbursements usually take,refund
i expect a rebate of {{Currency Symbol}}{{Refund Amount}},refund
i have to check if there are any news on the restitution,refund
help checking in what cases can I request to be reimbursed,refund
i want help to check in what cases can i request refunds,refund
want help obtaining refunds of my money,refund
can ya show me in what situations can i ask to be reimbursed,refund
"I want to see the damn status of my reimbursement, help me",refund
I'm waiting for a restitution of {{Currency Symbol}}{{Refund Amount}} was it processed,refund
i dont know what i have to do to receive a compensation,refund
I need to check in which cases can I request reimbursements,refund
i paid {{Currency Symbol}}{{Refund Amount}} for this purchase i try to receive a rebate,refund
I don't know how to request a refund of money,refund
need help ot check in what cases can I ask for refunds,refund
were could I check your money back policy?,refund
help me to get a rebate,refund
I do notknow how to get refunds of my money,refund
where can I check if there is anything enw on the refund?,refund
help me to see in which cases can I request a reimbursement,refund
what do i have to do to check  ur damn reimbursement policy,refund
could I see in which cases can I ask to be refunded?,refund
I need to demand my money back,refund
I am trying to see how long refunds usually take,refund
help checking in which situations can I ask to be reimbursed,refund
I need assistance tracking my reimbursement,refund
i have to check in what situatins can i ask to be reimbursed,refund
could you help me to see how long reimbursements take?,refund
help me see in what situations can I ask for a refund,refund
can ya help me seeing the refnd status,refund
wanna check how long refunds usuall take can ya help me,refund
how can I see the current status of my refund?,refund
I have got to ask for a rebate,refund
want assistance seeing my compensation current status,refund
how to checkur goddamn money back guarantee,refund
i want assistance to see the compensation current status,refund
"I paid {{Currency Symbol}}{{Refund Amount}} for this item, want help to get a rebate",refund
"I paid {{Currency Symbol}}{{Refund Amount}} for a product, I want to obtain a fucking rebate",refund
I have to see in what cases can I request a refund,refund
show ur money back guarantee,refund
I want to check in which situations czn I ask for a refund,refund
how to see if there is anything new on my compensation,refund
"I paid {{Currency Symbol}}{{Refund Amount}} for a product, is it possible to get a refund?",refund
I want help seeing if there are any news on my reimbursement,refund
help to see in what situationscan I ask to be reimbursed,refund
I expect a reimbursement of {{Currency Symbol}}{{Refund Amount}},refund
show me in which cases can I ask to be refunded,refund
i need help demanding restitutions of money,refund
i need assistance demanding compensations of my money,refund
can you help me getting a reimbursement?,refund
how long till I obtain a refund of money?,refund
can you help me ask for a rebate of money?,refund
is it possible to see if there are any updates on my refund,refund
are service charges reimbursable?,refund
I want assistance to demand refunds of my  money,refund
"I expect a restitution of {{Currency Symbol}}{{Refund Amount}}, was it processed already",refund
need assistance to obtain a refund of my money,refund
help me see if there are any news on the rebate,refund
help me to see how long reimbursements take,refund
can I see if there are any updates on my rebate?,refund
can you help me seeing in what cases can I request a refund?,refund
can I see if there is anything new on the refund?,refund
I need assistance seeing the compensation current status,refund
where do I get reimbursements of my money?,refund
I cannot track the reimbursement,refund
"I paid {{Currency Symbol}}{{Refund Amount}} for this purchase, how can I get a rebate?",refund
how to request a reimbursement of my money?,refund
help me see in which situations cani ask to be refunded,refund
i need assistance requesting reimbursements of my money,refund
i do not know how to obtain rebates of money,refund
can you help me see my reimbursement status?,refund
I have got to receive compensations,refund
need help asking for a reimbursement ofmy money,refund
I need to see in what cases can I ask for a reimbursement,refund
I need to see in what situations can I ask to be refunded,refund
refund {{Refund Amount}} dollars,refund
i dont know how i can ask for compensations of money,refund
need help to request rebates of my money,refund
help me check in what situations can I ask to be reimbursed,refund
can huelp me check ur refund policy,refund
i dont know what i need to do to obtain a rebate of my money,refund
i need help to ask for a refund of my money,refund
I cannot check the current status of the rebate,refund
want assistance to know if there are any news on my rebate,refund
I have got to check your refund policy,refund
need assistance to see my restitution current status,refund
where do i receive a rewfund of money,refund
need assistance to request a compensation of money,refund
help obtaining a reimbursement of money,refund
where do I see if there are any news on the rebate?,refund
"I have to see the status of the rebate, will you help me?",refund
I want help to demand a compensation,refund
I need to see in what situations can I request refunds,refund
I have got to see my compensation current status,refund
I need to check in which cases can I ask for a reimbursement,refund
where can I obtain restitutions of money?,refund
I am trying to check in what cases can I request a refund,refund
help me see in what situations can i request a reimbursement,refund
I try to see in what situations can I ask for reimbursements,refund
I do not know how to obtain a restitution of my money,refund
I expect an restitution of {{Currency Symbol}}{{Refund Amount}},refund
need help to check in which case can i ask to be refunded,refund
I do not know how I can check the status of my rebate,refund
I do not know what I need to do to check your refund policy,refund
could you help me see if there are any news on my rebate?,refund
help me seeing in which situations can I ask for a refund,refund
need to receive a reimbursement of my money,refund
I have to see in what cases can I request my money back,refund
where could I see if there is anything new on my refund?,refund
I would like to see in which cases can I ask to be refunded,refund
I need assistance receiving compensations of my money,refund
check under what circumstances can i request a reimbursement,refund
want help to check the restitution status,refund
can you help me obtaining refunds?,refund
how to know if there is anything new on the reimbursement,refund
I don't know how to demand a restitution of my money,refund
help me checking the reimbursement status,refund
I need help to see the current status of the refund,refund
I cannot see the status of my compensation,refund
where to see the status of my rebate,refund
need help to see in what cases can I request my money back,refund
I need help to se how long the bloody reimbursements take,refund
check in what situations can I request a fucking refund,refund
need help obtaining rebates,refund
I want to check in which situations can I request refunds,refund
"I paid {{Currency Symbol}}{{Refund Amount}} for a product, help me to get a bloody rebate",refund
I want help seeing your reimbursement policy,refund
what do I need to do to demand a refund of my money?,refund
"I want to check your money back guarantee, I need help",refund
"I want to see the status of my rebate, help me",refund
show me ur reimbursement policy,refund
"I need to see your damn money back policy, how do I do it?",refund
need help seeing ur reimbursement policy,refund
II need to see your reimbursement policy,refund
how do I request a compensation of money?,refund
in which cases can i ask to be reimbursed,refund
could I see in what situations can I ask for refunds?,refund
see in what cases can i request refunds,refund
I do not know how I can check your money back guarantee,refund
i expect a restitution of {{Refund Amount}} dollars,refund
"I have to see my refund current status, will you help me?",refund
show me in what cases can I ask for refunds,refund
i expect an reimbursement of {{Refund Amount}} dollars,refund
i paidx {{Currency Symbol}}{{Refund Amount}} for an article want help to obtain a refund,refund
I need help demanding an reimbursement,refund
check in whicch cases can i ask to be refunded,refund
"I paid {{Currency Symbol}}{{Refund Amount}} for a product, I want my rebate",refund
i do not know how i can receive rebates of my money,refund
help me see in what situations can I request a refund,refund
where do I know if there is anything wrong with my rebate?,refund
show me in which cases can I request to be reimbursed,refund
i need assistance seeing my refund current status,refund
where can I see if there is anything new on the restitution?,refund
can i see under which circjmstances can i ask for refunds,refund
I need help to check in which cases can I ask for refunds,refund
assistance to ask for a reimbursement,refund
could you help me demanding rebates of mony?,refund
I don't know how I can see your refund policy,refund
i have got to ask for reabtes,refund
is it possible to demand a rebate of my money?,refund
help to see in what cases can I ask for a reimbursement,refund
i paid {{Currency Symbol}}{{Refund Amount}} for this order want help getting an rebate,refund
i dont know how i can check ur reimbursement policy,refund
I can't see if there is anything new on the compensation,refund
what do I need to do to request a rebate?,refund
where do i receive compensations of my money,refund
I do not know how to check the status of the compensation,refund
I'd like to check in which situations can i ask for a refund,refund
I want assistace to request a compensation of my money,refund
want help checking in what situations can I ask for a refund,refund
I want help to ask for a reimbursement of my money,refund
what do I have to do to get rebates of money?,refund
i have paid {{Currency Symbol}}{{Refund Amount}} for an item help me receive a compensation,refund
wanna check under which circumstances can i ask for a refund,refund
"I paid {{Currency Symbol}}{{Refund Amount}} for these items, help receiving a compensation",refund
I expect an rebate of {{Refund Amount}} dollars,refund
I want assistance to ask for a refund of money,refund
help me see in what situations can I request refunds,refund
wanna see in which situations can i ask for a refund,refund
check in what cases can i request to be refunded,refund
can you help me to see the compensation current status?,refund
can i check under which circumstances can i request a refund,refund
how can I see your reimbursement policy?,refund
I don't know what I need to  do to check your refund policy,refund
I want to check in which situations can I ask to be refunded,refund
assistance t obtain a refund,refund
"I want to check the status of my rebate, I need assistance",refund
I need assistance checking your reimbursement policy,refund
I am trying to see in what situations can I request refunds,refund
I do not know how to request a compensation,refund
show status of refund,refund
i do not know how i can obtain compensations of my money,refund
where do I ask for a compensation?,refund
"I want to see your damn money back policy, I need help",refund
want assistance to request a rebate,refund
I have got to request a refund,refund
i have got to see how long reimbursements take,refund
see in which cases can i ask for a reimbursement,refund
can i check how long reimbursements usually take,refund
"I have paid {{Currency Symbol}}{{Refund Amount}} for an item, help to receive my money back",refund
I need help seeing in which cases can I ask to be reimbursed,refund
"I have to check the status of my rebate, I need help",refund
I'd like to see if there is anything new on the refund,refund
I do not know what I need to do to obtain rebates,refund
help me to check the sxtatus of my reimbursement,refund
i have paid {{Currency Symbol}}{{Refund Amount}} for these products i want my money back,refund
wanna check in which cases can i ask for refunds,refund
I would like to check the status of my rebate,refund
i expect a compensation of1200 dollars has it been processed,refund
I try to see in what cases can I ask for reimbursements,refund
I want assistance checking how long refunds usually take,refund
I'm trying to demand a rebate of my money,refund
I need help to ask for a rebate of my money,refund
I don't know how I can see your money back guarantee,refund
need to check in which cases can i request an reimbursement,refund
want help seeing in which cases can I requesr a refund,refund
i dont know what i need to do to see ur reimbursement policy,refund
how could i get a retsitution of my money,refund
I do not know how to obtain rebates of money,refund
what do i have to do to demand reimbursements of my money,refund
I need to check your reimbursement policy,refund
can you help me obtaining a compensation?,refund
when am i gonna obtain a reimbursement of money,refund
I am trying to see in what cases can I ask for refunds,refund
were do i obtain my money back,refund
i have got to see ur refund poliicy,refund
"I have paid {{Currency Symbol}}{{Refund Amount}} for this article, how to obtain a rebate?",refund
help to see in which cases can i request my money back,refund
could you show me inwhat cases can I ask for refunds?,refund
i paid {{Currency Symbol}}{{Refund Amount}} for an article i try to obain a reimbursement,refund
i have paid {{Currency Symbol}}{{Refund Amount}} for an item i have to obtain a refund,refund
i need help seeing in what cases can i ask for my money back,refund
assistance to check ur money back guarantee,refund
I cannot see if there are any news on my restitution,refund
how can I check the status of the restitution?,refund
could ya help me receive a  rebate,refund
see in what situations can I request my money back,refund
I'm waiting for a ocmpensation of {{Refund Amount}} dollars,refund
i want help seeing in what cases can i ask to be refunded,refund
assistance to request a reimbursement of my money,refund
I need help to demand a compensation of money,refund
is it possible toreceive refunds of money?,refund
need help requesting reimbursements of my money,refund
how long till i get a compensation of mnoney,refund
"I need to see if there are any news on the refund, help me",refund
I have got to track the compensation,refund
I don't know how I could request my money back,refund
i cant see if there are any updates on the refund,refund
see under which circumstances can I ask for refunds,refund
need help checking the current status ofv the compensation,refund
i do not know how to get a refund of my money,refund
