text,intent
wanna see ur accepted payment options can ya help me,other
want assistance solving an error with payment,payment
want help recovering the pass of my profile,account_access
refund {{Refund Amount}} dollars,refund
"I want to see the damn status of my reimbursement, help me",refund
I need assistance to send some feedback for your company,other
what do i need to do to report troubles with online payment,payment
can you help me resetting my user account key?,account_access
i cant make a payment where do i inform of a problem,payment
notifying of issue creating user account,account_access
can uhelp me to list the allowed payment mehtods,other
"I have got to leave feedback about your company, I need help",other
I am trying to check in what cases can I request a refund,refund
icant see the eta of purchase {{Order Number}},delivery
I do not know how I can check the payment options,other
how do I report issues with online payment?,payment
where do i receive compensations of my money,refund
i have to correct purchase {{Order Number}} how can i do it,other
i want help solving issues with online payment,payment
i want help to get a rebate of my money,refund
I was billed after cancelling the purchase,payment
how do i notify of a problem with online payments,payment
I'm waitng for a reimbursement of {{Currency Symbol}}{{Refund Amount}} has it been processed,refund
how can i remove some articles from purchase {{Order Number}},other
I want assistance checking how soon can I expect my package,delivery
I do not know how I could download the bill #00108,other
want help seeing in which cases can I requesr a refund,refund
i dont know how i can check ur reimbursement policy,refund
i have got to see in which situations can i request a refund,refund
I cannot track the reimbursement,refund
How can I update my mailing address,other
The mobile app crashes every time I open it,technical_support
help me seeing what delivery options I can choose,delivery
I do not know how to report a problem with payments,payment
"I can't make a transfer, can I notify of payment errors?",payment
how do i sett up my fucking delivery address,delivery
get money back,refund
help me check what shipping methods are available,delivery
is it possible to place a damn order from {{Delivery Country}}?,delivery
how can i notify of issues with online payment,payment
assistanc to see what payment options are allowed,other
help me check in what cases can I request my money back,refund
i cannot pay i have to report goddamn payment issues,payment
can you help me inform of a problem with payment?,payment
i need assistance to checck ur money back policy,refund
i do not know what to do to modify the user info,account_access
I don't know what to do to correct my shipping address,delivery
help mke chatting with a person,other
need to inform of problems with registrations,account_access
i do not know what to do to check the termination penalty,other
"I cannot open an account, I have to inform of a signup issue",account_access
Can I get a refund if the product does not fit,refund
purchase {{Order Number}} status,delivery
what do I have to do to submit thw delivery address?,delivery
I want assistance solving errors with payments,payment
"I would like to edit my personal information, I need help",account_access
i do not know how i can checkj the termination penalties,other
can you show me what delivery methods are available?,delivery
want assistance reporting troubles with payment,payment
i dont know what i need to do to buy some products,other
The refund was sent to the wrong payment method,refund
I need to inform of a trouble with online payment,payment
assistance to inform of a trouble with online payments,payment
I have got to use the {{Account Type}} profile,account_access
help switching something of purchase {{Order Number}},other
I need help getting in touch with customer assistance,other
i dont know what i need to do to change to the pro account,account_access
I am trying to see how soon can I expect the shipment,delivery
could you help me notify of problems with a sign-up?,account_access
I try to see in what situations can I ask to be refunded,refund
help me seeing in what cases can I ask for refunds,refund
i have got to create a {{Account Category}} account,account_access
I want to speak with customer esrvice,other
"I want to locate purchase {{Order Number}}, help me",delivery
want assistance switching an item of purchase {{Order Number}},other
question about my {{Account Type}} account cancellation,account_access
can I see at what time I can contact customer support?,other
how do I report a problem with payments?,payment
wanna check how long refunds usuall take can ya help me,refund
problem updating delivery address,delivery
where can I report an issue with payments?,payment
where can I check when my package is going to arrive?,delivery
how could I report trfoubles with payment?,payment
I need help with cancellng order {{Order Number}},other
i  have lost my account access key where can i recover it,account_access
how can i switch to the standard account,account_access
I want assistance informing of an error with payments,payment
I need assistance to see the cancellation  penalty,other
I want help to report issues with online payment,payment
I try to send my feedback about a product,other
"I entered a wrong shipping address, I need help to modify it",delivery
I watn help to check in what cases can I ask for a refund,refund
I need help to check what shipment methods are there,delivery
i need help seeing order {{Order Number}} current status,delivery
assistance to edit order {{Order Number}},other
there is an error submitting my secondary delivery address,delivery
I want assistance to notify of an issue with payments,payment
how do i obtain a restitution of money,refund
I expect a compendation of {{Currency Symbol}}{{Refund Amount}},refund
have problems with the removal of a {{Account Type}} account,account_access
is it possible to shop a few of your item?,other
I need to leave a comment for your company,other
I need to inform of damn issues with online payment,payment
I'm trying to notify of payment problems,payment
payment help,payment
i need informqtion about creating platinum accounts,account_access
i want help seeing in what cases can i ask to be refunded,refund
i dont use m platinum account i try to remove it,account_access
where can i check how soon can i expect my item,delivery
I need to check the status of purchase {{Order Number}},delivery
need help taking a quick look at the bill #37777,other
can uhelp me to retrieve the pass of my account,account_access
Thank you for the helpful service,other
when am I obtaining a refund?,refund
in which cases can i ask to be reimbursed,refund
"someone stole my profile PIN, how can I reset it?",account_access
I don't know how to demand a restitution of my money,refund
i try to see how long it takes for the purchase to arrive,delivery
i need help checking in what cases can i ask to be refunded,refund
how do I inform of a problem with online payments?,payment
could I see in which cases can I ask to be refunded?,refund
assistance leaving a bloody opinion about a product,other
"I would like to cancel purchase {{Order Number}}, I need help",other
question about the pwd recovery,account_access
can uhelp me getting reimbursements of my money,refund
help me to inform of an error with payment,payment
wanna get my bloody bll from {{Person Name}},other
i want help getting my bills from {{Person Name}},other
i want help informing of issues with online payment,payment
help to notify of errors with online payments,payment
I don't know how to request a refund of money,refund
how to report a problem with payment,payment
where can I check if there is anything enw on the refund?,refund
i do ont know how i can report an issue with payment,payment
"I want to receive the company newsletter, how to do it?",other
deleting freemium account,account_access
I need assistance opening a pro account for my daughter,account_access
can uhelp me see ur available payment options,other
how do I see how long it takes for the item to arrive?,delivery
how to inform of a problem with online payments?,payment
help solving a payment problem,payment
I do not know how to reset the pass of my profile,account_access
help to locate purchaes {{Order Number}},delivery
need to check in which cases can i request an reimbursement,refund
i want assistance seeing howlong the shipment takes,delivery
assistance to set up a secondary shipping address,delivery
I want assistance informing of a payment issue,payment
earning something,other
I do not know how to set a secondary shippung address up,delivery
I do not know how to check the status of the compensation,refund
what do I have to do to get rebates of money?,refund
"I cannot pay, I have to inform of a problem with payments",payment
i dont know what i need to do to find ibll #12588,other
assistance changing to the premium account,account_access
"I have to report a sign-up issue, can you help me?",account_access
report issue with payment,payment
i need help with creating my platinum account,account_access
"you aren't helpful at all, direct to me a damn assistant",other
I do not know what to do to create a {{Account Category}} account,account_access
I cannot reset the key of my account,account_access
where can I edit my delivery address?,delivery
i need supports trying to modify my delivery address,delivery
how long does it take for a delivery to arrive?,delivery
My browser shows a server error on the support portal,technical_support
i get an error when i try to make a transfer report it,payment
i want help unsubscribing to the company newsletter,other
where to notify of an issue with a registration,account_access
want help setting a new delivery address up,delivery
I want informatoin about the cancellation of my {{Account Type}} account,account_access
I am trying to find information about {{Account Type}} account removals,account_access
I do not know how to retrieve the key of my user,account_access
what do I have to do to see my compensation current status?,refund
i need assistance getting compensations of my money,refund
I expect a damn rebate of {{Refund Amount}} dollars,refund
i cannot pay want help to report errors with payments,payment
need help seeing my rebate status,refund
do ya ship toJapan,delivery
I do not know what to do to acquire several articles,other
buy several articles,other
where do I submit the new shipping address?,delivery
"I don't use my {{Account Category}} account, I want help to close it",account_access
can I check what hours I can reach customer support?,other
i do not know what i have to do to request refunds of money,refund
I have problems submitting my new delivery address,delivery
I try to recover the PIN of my account,account_access
need to cancel my subscription to the company newsletter,other
i try to see the withdrawal fees,other
i have paid {{Currency Symbol}}{{Refund Amount}} for thid item i try to receive a rebate,refund
I don't know how to close my {{Account Category}} account,account_access
update details on premium account,account_access
chek order {{Order Number}} status,delivery
where can i notify of a problem with payment,payment
"I have to see my bill, help me",other
I don't know how I can inform of issues with payments,payment
check under what circumstances can i request a reimbursement,refund
what do i need to do to change to the pro account,account_access
"I want information about shipping periods, how can I get it?",delivery
I am experiencing errors signing up,account_access
i do not know what to do to get my bills from {{Person Name}},other
how to add an item to order {{Order Number}}?,other
what do I need to do to update the shipping address?,delivery
i cannot inform of an issue with signup,account_access
i cannot make a  payment where do i report an error,payment
how can I update my bloody address?,delivery
there is an issue trying to change my shipping address,delivery
I do not know how I can get in touch with customer service,other
help to see inwhich situations can I ask to be refunded,refund
"I want to delete the goddamn pro account, how can I do it?",account_access
create new freemium account for daughter,account_access
"the payment failed, how to report an error with payment?",payment
I don't know how to inform of troubles with payment,payment
I don't know what I have to do to download bill #00108,other
need help using the {{Account Type}} account,account_access
I try to submit a different delivery address,delivery
I am trying to change to the {{Account Type}} account,account_access
I need assistance solving a trouble with payment,payment
assistance to see my compensation status,refund
I want help seeing order {{Order Number}} current status,delivery
I have got to enter a delivery address,delivery
I have to inform of a bloody payment issue,payment
can ya help mw to solve errors with payment,payment
I don't know how I can see your money back guarantee,refund
I want help to check in which cases can I ask for a refund,refund
were could I check your money back policy?,refund
I do not know what I have to do to get a refund,refund
ned to locate order {{Order Number}} how could i do it,delivery
need help to check in which cases can Irequest refunds,refund
I need help seeing how soon can I expect my parcel,delivery
can you help me to recober the PIN of my account?,account_access
can i sde the termination fee,other
I have to inform of an error with online payment,payment
chnge data on {{Account Category}} account,account_access
I want to see your accepted payment options,other
I need help to see the early exit penalties,other
I'm waiting for a ocmpensation of {{Refund Amount}} dollars,refund
where to open a {{Account Category}} account?,account_access
I need help seeing how long reimbursements usually take,refund
there is an issue submitting a deilvery address,delivery
The bank app shows a charge that I did not authorize,payment
there are problems submitting my new shipping address,delivery
have a problem with creating a Premiumaccount,account_access
see in which cases can i ask for a reimbursement,refund
want assistanmce checking how soon can I expect the shipment,delivery
i dont know how i could inform of a problem with a sign-up,account_access
i cant create an account were can i report a sign-up problem,account_access
how can I notify of an error with a registration?,account_access
can ya help me to check when my product is gonna arrive,delivery
"I need to change an item of purchase {{Order Number}}, help me",other
how could I get information about opening {{Account Category}} accounts?,account_access
how to inform of issues with a sign-up?,account_access
help me to get a rebate,refund
I need assistance checking my compensation status,refund
how to set up another delivery dadress?,delivery
how can i get information about the options for delivery,delivery
"I cannot make a payment, how could I report bloody problems?",payment
editing details on gold account,account_access
i have got ot use the freemium account how could i do it,account_access
I don't know how I can report an error with payment,payment
open a freemium account,account_access
where can I notify of troubles with payment?,payment
need to earn some of ur product,other
"I cannot open a user, how do I inform of signup problems?",account_access
"I lost the bills from {{Person Name}}, will you show them to me?",other
i dont know what i have to do to submit my delivery address,delivery
i cannot sign up help me reporting sign-up errors,account_access
I do not know how I could buy an article,other
I need to demnand reimbursements of money,refund
notify of fucking payment issues,payment
problem setting up a secondary delivery address,delivery
can ya hlp me talk to an assistant,other
are there any withdrawal charges?,other
i do not know how to get a refund of my money,refund
I want assistance to demand rebates of money,refund
"I have to see in which cases can I ask for refunds, help me",refund
assistance to report troubles with payments,payment
help ascquiring a few of your article,other
could you help me to talk to a person?,other
assistance checking in which cases can i ask to be refunded,refund
want assistance to report issues with payment,payment
"I need to check how long the shipment takes, how do I do it?",delivery
trouble setting up my secondarydelivery address,delivery
show me in which cases can I request to be refunded,refund
i dont know what i need to do to receive a rebate,refund
I have a problem updating the delivery address,delivery
I'm trying to submit my secondary delivery address,delivery
I'm trying to correct my shipping address,delivery
could I see in what situations can I ask for refunds?,refund
assistance to unsubscribe from the company newsletter,other
"I can't remember my user profile PIN, I have got to reset it",account_access
The search feature returns no results in the app,technical_support
changing details on platinum account,account_access
could you help me reporting errors with online payment?,payment
i nedd supports editing my address,delivery
I need to see in what cases can I ask for a reimbursement,refund
I do not know what I need to do to check the payment options,other
edit freemium account,account_access
I do not know how I can submit feedback about a product,other
want assistance to notify of issues with payments,payment
I am trying to inform of issues with payment,payment
solve issue with payment,payment
i need assistance to solve a problem with  payments,payment
"I have to see order {{Order Number}} status, I need assistance",delivery
makepurchase,other
edit standard account,account_access
i do not know how i can take a quick look at the bill #37777,other
order 00123842current status,delivery
seeing order {{Order Number}} status,delivery
acn i switch to the pro account,account_access
reporting issues with payments,payment
I want help to see if there are any news on the compensation,refund
I am waiting for an restitution of {{Refund Amount}} dollars,refund
I am trying to see how long refunds usually take,refund
want assistance to acquire several items,other
"my card was declined, can I report problems with payments?",payment
I changed phones and cannot log in,account_access
how to get bill #85632,other
I want help to see how long it takes for the order to arrive,delivery
how to receive ur newseltter,other
transfering to person,other
"I wwould like to see your damn money back policy, help me",refund
I want to know more about receiging your company newsletter,other
help me notifying of an error with payment,payment
creating account,account_access
there is a problem submitting the secondary delivery address,delivery
i hae to talk to customer support i need help,other
need assistance entering my new shipping address,delivery
I need help to inform of a problem with payments,payment
how to check what payment options are available,other
need to edit my account can ya help me,account_access
assistance to notify of an error with online payment,payment
how do I use the freemium account?,account_access
y i cannot set a srcondary shipping address valid up,delivery
wanna know more about correcting the deilvery address,delivery
help to check the status of my subscription to ur newsletter,other
I need assistance to inform of a payment issue,payment
help me solve payment problems,payment
I have to see what payment methods you acecpt,other
can you help me to report issues with registrations?,account_access
can you help me inform of fucking troubles with payments?,payment
I am trying to check the accepted payment modalities,other
I have got to see the early exit penalties,other
i have to report issues with online payment,payment
help me to see the ETA of order {{Order Number}},delivery
where could I edit my delivery address?,delivery
how could I inform of issues with payment?,payment
what do I have to do to notify of a damn payment problem?,payment
what do I have to do to earn some items?,other
I need help to se how long the bloody reimbursements take,refund
I don't know how to update my delivery address,delivery
I'm looking for the options for delivery can i get some help,delivery
help canceling my standard account,account_access
need help informing of signup issues,account_access
I want help notifying of a payment problem,payment
i dont know how to check what methods for delivery are there,delivery
I want help to set up another delivery address,delivery
updating platinum account,account_access
"I need to cancel a {{Account Type}} account, could you help me?",account_access
wanna submit a secondary shipping address how can i d it,delivery
i  want assistance to leave feedback for ur company,other
I don't know what to do to downlod bill #12588,other
I want help to set a delivery address up,delivery
where can I iinform of errors with online payment?,payment
can you help me to use the standard profile?,account_access
need help getting the bill from  {{Person Name}},other
How do I contact customer service during weekends,other
wanna use the {{Account Type}} account i need help,account_access
there are troubles setting up a differnet delivery address,delivery
assistance to check when will my product arrive,delivery
I want help notifying of issues with a sign-up,account_access
I need assistance to request refunds of my money,refund
have a problem with opening a {{Account Category}} acount,account_access
I try to ask for a compensation of my money,refund
is it possible to notify of issues with online payment?,payment
what do I have to do to report errors with a registration?,account_access
problems with a delivery address modification,delivery
I am calling to see what delivery methods are available,delivery
could uhelp me report a trouble with online payment,payment
canyou help me reset the access key of my user account?,account_access
i have an trouble editing the address,delivery
wanna see the bill from {{Person Name}},other
how do i lodge a consumer complaint,other
"I cannot pay, I want to report bloody problems with payment",payment
what do i have to do to see the status of purchase {{Order Number}},delivery
I want to speak with somebody,other
I don't know what to do to delete a freemium account,account_access
i want a {{Account Category}} account for my dad,account_access
check the status of my corporate newsletter subscription,other
I want help to purchase something,other
i want assistance to notify of errors with payment,payment
in what cases can I request reimbursements?,refund
how could I change to the goddamn {{Account Category}} account?,account_access
how can i see if there are any news on my rebate,refund
check in what situations can I request a fucking refund,refund
I don't know what I have to do to delete a premium account,account_access
need help canging to the {{Account Category}} account,account_access
check my last parcel eta,delivery
need help obtaining rebates,refund
I need help listing your payment modalities,other
how do I use the pro account?,account_access
"I need to cancel my damn newsletter subscription, help me",other
how to inform of problems with signup?,account_access
show me in which cases can I request to be reimbursed,refund
payment issues,payment
i dont know how i can ese how soon can i expect the order,delivery
i need a {{Account Type}} account could i openm it,account_access
need assistance to obtain a refund of my money,refund
problem with payments,payment
The verification code never arrives,account_access
assistance informing of errors with payments,payment
how can I see when my delivery is going to arrive?,delivery
can you help me unsubscribing from the corporate newsletter?,other
where do I cancel my subscription to the company newsletter?,other
could I check the goddamn status of the refund?,refund
where can i submit a new delivery address,delivery
i have to see the status of order {{Order Number}},delivery
can you help me see the current status of my reimbursement?,refund
i cantg unsubscribe to ur corporate newsletter,other
is it possible tl unsubscribe from ur corporate newsletter,other
I have problems with the deletion of a {{Account Type}} account,account_access
"I missed an item in purchase {{Order Number}}, can you add it?",other
want help to make a complaint against your business,other
can you help me checking the ETA of the order {{Order Number}} ?,delivery
where do I see if there are any news on the rebate?,refund
I am trying to find information about modifying the address,delivery
correcting info on standard aqccount,account_access
how do i create a premium account,account_access
need help acquiring a few of your article,other
can I inform of a problem with registrations?,account_access
I don't know how I can report an issue with online payment,payment
I try to report errors with payment,payment
I call to get my bills from {{Person Name}},other
can i use the freemium rpofile,account_access
where to change to the freemium account,account_access
I do not know how to change to the {{Account Category}} account,account_access
help me check how soon can I expect the fucking purchase,delivery
can i see under what circumstances can i ask for a refund,refund
I want to check in which situations czn I ask for a refund,refund
I want to sign up to your corporate newsletter,other
supports trying to modify theaddress,delivery
I do not know how I can purchase a few of your article,other
"I want to talk with customer support, can you help me?",other
assistance to make a customer claim,other
The payment gateway keeps timing out,payment
i dont know how i can submit my secondary shipping address,delivery
reset my pwd,account_access
i need assistance to inform of problems with online payment,payment
"I have to edit the info on my profile, how to do it?",account_access
new {{Account Type}} acount,account_access
update platinum account,account_access
I call to get the bill from {{Person Name}},other
I need to write an opinion for your products,other
need assistance to see in what cases can i ask for refunds,refund
assistance to lodge a complaint against your business,other
list accepted payment methods,other
need help notifying of an error with payment,payment
updating info on premium account,account_access
i paid {{Currency Symbol}}{{Refund Amount}} for this purchase i try to receive a rebate,refund
how do I restore the password of my account?,account_access
I need assistance to inform of a problem with payments,payment
help to check in whatcases can I request my money back,refund
download ibll #37777,other
where can i report a sign-up issue,account_access
I have not received the refund for my cancelled order,refund
could you help me demanding rebates of mony?,refund
want assistance to report an issue with sign-up,account_access
problem with standard account terminations,account_access
I want to check when my item is going to arrivd,delivery
i havd to buy some products,other
"I want astandard account, could I open it?",account_access
help to notify of an issue with payments,payment
I want assistance to solve a problem with payment,payment
what do i have to do to cancel a standard account,account_access
I try to notify of an error with online payment,payment
I'm trying to report troubles with online  payment,payment
I do not know what to do to report an error with payment,payment
help me to inform of an issue with online payment,payment
want assistance to notify of a payment problem,payment
I am trying to check my compensation current status,refund
i try to see whay hours i can reach customer support,other
Can you help locate my parcel,delivery
getting refund of money,refund
I want help to switch something of order {{Order Number}},other
where can I see the status of the restitution?,refund
cancelin standard account,account_access
have a question about the methods for shipment,delivery
I don't know how I could recover my user profile access key,account_access
assistance to inform of a damn payment issue,payment
assistance seeing what shipment methods you offer,delivery
i want information about the removal of a standard account,account_access
assistance to speak with bloody customer support,other
is it possible to notify of troubles with online payment ?,payment
need to inform o a signup error,account_access
want assistance informing of sign-up errors,account_access
I try to seethe status of purchase {{Order Number}},delivery
I need help to ask for a rebate of my money,refund
i have paid {{Currency Symbol}}{{Refund Amount}} for an order help me to obtain a refund,refund
I want assistance seeing the options for shipping,delivery
modifying information on freemium account,account_access
I need help to change to the {{Account Type}} account,account_access
I'm waiting for a restitution of {{Currency Symbol}}{{Refund Amount}} was it processed,refund
i dont know what to do to notify of sign-up issues,account_access
Please start a return for my purchase,refund
help me inform of an error with online payment,payment
can you help me to notify of errors with payment?,payment
"I cannot pay, help notifying of a problem with payment",payment
I want help solving payment problems,payment
i expect a restitution of {{Refund Amount}} dollars was it processed,refund
i cant pay help informing of issues with payment,payment
contcat an agent,other
issues with payment,payment
I want help to see order {{Order Number}} status,delivery
where can I see when my item is going to arrive?,delivery
can you help me getting a reimbursement?,refund
can you help me toorder a few of your product?,other
speak with human agent,other
"I cannot open a profile, help me to report signup problems",account_access
"I have to set a shipping address up, I need assistance",delivery
I'm trying to notify of errors with signup,account_access
i want assistance to send feedback for ur company,other
can i speak with someone,other
could i open a goddamn standard account for mh mom,account_access
is it possible to see the eta of order {{Order Number}},delivery
My credit card was declined even though it has enough balance,payment
where do i retrieve my profile key,account_access
need help ot check in what cases can I ask for refunds,refund
The payment page charged my debit card but displayed an error,payment
assistancesolving a trouble with payment,payment
"I chose a wrong shipping address, how do I update it?",delivery
"I need to check the rebate current status, can you help me?",refund
need help checking how soon can I expect my item,delivery
My account is locked after too many login attempts,account_access
i have got to lodge a reclamaion i need help,other
I do not know how I can notify of a payment issue,payment
I don't know how to notify of an issue with online payment,payment
where can I enter the new shipping address?,delivery
can you help me to inform of signup errors?,account_access
"I cannot pay, where canI report problems with payment?",payment
how do I sign up to the corporate newsletter?,other
solve problems with apyment,payment
assistance to solve an issue with online payment,payment
where can I see if there is anything new on the restitution?,refund
help me seeing in which cases can I request my money back,refund
I do notknow how to get refunds of my money,refund
I don't know how to set up another delivery address,delivery
"I have got to use the bloody {{Account Category}} profile, I need help",account_access
i need assistance ordering some articles,other
is it possible to check how soon can I expect the item?,delivery
I have an error trying to edit the delivery address,delivery
help me to see the early exit fee,other
"I would like to create a {{Account Type}} account, how can I do it?",account_access
see in what situations can I request my money back,refund
send me bill #12588,other
how can I notify of problems with online payments?,payment
what do I have to do to change the address?,delivery
help to see when my purchase is going to arrive,delivery
i have to leave an opinion about an service i need help,other
where do I know if there is anything wrong with my rebate?,refund
show me ur reimbursement policy,refund
I don't know what to do to get a reimbursement,refund
i expect a refund of {{Refund Amount}} dollars has it been processed,refund
can you tell me more about correcting my delivery address?,delivery
show me in what cases can I ask for refunds,refund
could ya help me to report an isue with payment,payment
I would like to check the status of my rebate,refund
show me ETA of purchase {{Order Number}},delivery
where can I check your reimbursement policy?,refund
need assistance cancelinv purchase {{Order Number}},other
I am trying to see when my article is gonig to arrive,delivery
I want assistance chatting with someone,other
I do not know how to earn a product,other
I need assistance resetting the PIN of my profile,account_access
find ionvoice #85632,other
i need help to contact an agent,other
I don't know what I have to do to inform of sign-up issues,account_access
I expect a reimbursement of {{Currency Symbol}}{{Refund Amount}},refund
i want help informing of problems with payment,payment
i call to chevk when my product is gonna arrive,delivery
i want help to notify of registration problems,account_access
my card was declined report payment issues,payment
could you help me create a {{Account Type}} account for my daughter?,account_access
I nerd to report a trouble with online payment,payment
I don't know how to inform of sign-up errrors,account_access
when is my purchase gonna arrive,delivery
"I need to see the ETA of the purchase {{Order Number}}, help me",delivery
notify of issues wiht payment,payment
hgow can I inform of issues with payments?,payment
I expect an restitution of {{Currency Symbol}}{{Refund Amount}},refund
csn ya help me reset the password of my account,account_access
i dont know how to inform of a trouble with payment,payment
how to see if there is anything new on my compensation,refund
I wan assistance purchasing several of your article,other
Why does login keep redirecting me to the sign in page,account_access
what do i have to do to report a bloody issue with payments,payment
cancelling {{Account Category}} account,account_access
"I want to see what shipping options I have, how to do it?",delivery
"I want to modify the information on my user, help me",account_access
i do not know how i can obtain compensations of my money,refund
I need help to see how soon can I expect the damn item,delivery
how to  use the platinum account,account_access
registration issue,account_access
"I can't make payments, need  help to report an issue",payment
I need to check if there are any updates on my bloody rebate,refund
I'd like to check in which situations can i ask for a refund,refund
I don't know how I could request my money back,refund
i have to see order {{Order Number}} current status i need help,delivery
want help to  notify of a fucking error with payments,payment
need help requesting reimbursements of my money,refund
help me noitfy of an error with online payments,payment
i have a question about the removal of my {{Account Category}} account,account_access
i try to see ur reimbursement policy,refund
"the shipping address changed, how can I edit it?",delivery
see early termination charges,other
i do not know how i can see ur payhment options,other
My refund has not reached my account,refund
"the shipping address has changed, how can I correct it?",delivery
how to report problems with payment?,payment
I want help trying to correct my shipping address,delivery
i have to enter my secondary shipping address,delivery
want help norifying of a payment issue,payment
subscribing to newsletter,other
need help to see how long it takes for my parcel to arrive,delivery
can uhelp me to inform of  issues with payments,payment
where can i find infirmation about correcting the address,delivery
I have got to track the compensation,refund
help me request damn restitutions of money,refund
I have got to see my compensation current status,refund
i have to see the early termination penalties how to doo it,other
I don't know how to inform of troubles with online payments,payment
i want help to create a fucking {{Account Category}} account for my mom,account_access
I don't know how to notify of an error with a sign-up,account_access
I am waiting for a reimbursement of {{Refund Amount}} dollras,refund
tell me what hours I can call customer service,other
I want assistance restoring my profile PIN code,account_access
where can I report a problem with online payments?,payment
I'm trying to make a  customer claim against ur company,other
check invoice #37777,other
how to inform of a payment issue,payment
remove premium account,account_access
how could I file a complaont?,other
I want to inform of problems with payment,payment
can uhelp me check the bloody allowed paymentmethods,other
help deiting the address,delivery
"I want to acquire a few of your product, how can I do it?",other
can you help me to set a shipping address up?,delivery
I want assistace to request a compensation of my money,refund
"I expect a restitution of {{Currency Symbol}}{{Refund Amount}}, was it processed already",refund
I have got to check how soon can I expect my shipment,delivery
i dont know what to do to look for the invoice #37777,other
what do i need to do to report an issue with a signup,account_access
opening new gold account,account_access
Iwant assistance to leave my feedback,other
could I place an order from {{Delivery Country}} ?,delivery
i want help to see the termination charges,other
want assistance notifying of errors with payments,payment
what do i need to do to leave some feedback,other
"I cannot create a user, help to inform of a signup problem",account_access
wluld you give me information about the key retrieval?,account_access
"I can't pay, assistance reporting troubles with payment",payment
modify order370795561790,other
can ya help me to solve atrouble with payments,payment
"I cannot remember my user account password, help me reset it",account_access
information about updating the shipping address,delivery
I do not know what to do to create a {{Account Type}} account for my dad,account_access
where can I get the invoices from {{Person Name}}?,other
can I see if there is anything new on the refund?,refund
"the shipping address has changed, can you correct it?",delivery
create freemium account for wife,account_access
new bloody {{Account Category}} account for father,account_access
when am i gonna obtain a reimbursement of money,refund
Iam trying to notify of troubles with online payment,payment
how can I check the status of the restitution?,refund
help me setting another delivery address up,delivery
i dont know what i need to do to delete the standard account,account_access
I need support updating the delivery address,delivery
rebate  {{Currency Symbol}}{{Refund Amount}},refund
I need help to notify of an error with payments,payment
help checking in which situations can I ask to be reimbursed,refund
I want help to report a bloody error with onlien payments,payment
I have to see when will my article arrive,delivery
report payment issue,payment
i need assistance removing my pro account,account_access
where do i set tbe shipping address up,delivery
I need to check in what cases can I request reimbursements,refund
see under what circumstances can I ask to be refunded,refund
I want help to report an issue with online payment,payment
how could i get a retsitution of my money,refund
want assistance solving an problem with payments,payment
I am trying to list your acceoted payment options,other
want help closing the  standard account,account_access
is it possible to demand a rebate of my money?,refund
i dont know how to change to the platinum account,account_access
assistance to check ur refund pollicy,refund
I want assistance to check what shipping options are there,delivery
I want to report an error with payment,payment
can huelp me check ur refund policy,refund
can you tell me more about a shipping address correction?,delivery
could ya help me solving an error with payments,payment
see early exit fee,other
I need to remove a standard account,account_access
show me what hours i can call customer assistance,other
how can I create a {{Account Type}} account for my fiance?,account_access
need assistance buying some items,other
I'm tryingto download my invoice from {{Person Name}},other
can ya help me to see what shipment options i can choose,delivery
do you have a section to send a comment for a product?,other
I have to inform of na issue with signup,account_access
I have to check when will my package arrive,delivery
help me check the status of the rebate,refund
where to notify of an issue with a sign-up,account_access
i do not know what to do to reset the password of my profile,account_access
modifying information on premium account,account_access
where do I order something?,other
I do not know what I have to do to report payment issues,payment
can you tell me what hours customer support available is?,other
"I cannot create a user, help informing of a signup problem",account_access
were do i obtain my money back,refund
is it possible to check the eta of order {{Order Number}},delivery
wanna notify of an signup issue can uhelp me,account_access
assistance to check ur money back guarantee,refund
I need help notifying of a problem with online payment,payment
i dont know how i can notify of a trouble with payments,payment
how can I update the delivery address?,delivery
assistance t obtain a refund,refund
i do not know what to do to report a trouble with payment,payment
I need assistance to repor errors with online payments,payment
I want information about opening a standard account,account_access
I don't know what I need to do to downloa the invoice #00108,other
i need assistance notifying of a payment probelm,payment
I need assistance to list the allowed payment methods,other
hwy I cannot set up a shipping address valid,delivery
can ya help me to modify the info on my account,account_access
I have a queston about the payment,payment
help me notify of an issue with payment,payment
show me in which cases can I ask to be refunded,refund
help locating purchase {{Order Number}},delivery
My express delivery has been delayed,delivery
assistance to ask for a reimbursement,refund
I want assistance to solve a problem with payments,payment
could you help me checking the available payment options?,other
is it possible to see how soon can i expect my delivery,delivery
need to modify the user details how can i do it,account_access
how can I report troubles with online payments?,payment
I do not know how to inform of errors with online payments,payment
need help checking the current status ofv the compensation,refund
where can I notify of troubles with payments?,payment
I have got to ask for a rebate,refund
help me report problems with online payment,payment
I have to notify of a payment error,payment
I want help informingof troubles with online payments,payment
I need assistance to report an error with registrations,account_access
i have to check if there are any news on the restitution,refund
i dont know how to ask for compensations of money,refund
help me check in which casesx can I ask for reimbursements,refund
update info on gold account,account_access
could y help me notifying of an issue with sign-up,account_access
need assistance to see the withdrawal fee,other
I call to check when my product is going to arrive,delivery
I need to change my newsletter subscription,other
i dont know how to request a refund,refund
there are issues setting a shipping address up,delivery
getting invoice from last purchase,other
assistance to ujnsubscribe to ur newsletter,other
editing information on standard account,account_access
earn a product,other
"I am looking for shipping periods, where could I find them?",delivery
i dont know how to inform of an issue with payments,payment
want assistance locating purchase {{Order Number}},delivery
help me see in which situations cani ask to be refunded,refund
help me retrieve my user  account pin,account_access
can I see in what cases can I request an reimbursement?,refund
help me see in what case can i request the bloody refunds,refund
I don't know what to do t report issues with online payment,payment
where to report an error with payments?,payment
checking current status of purchase {{Order Number}},delivery
report a goddamn problem with payment,payment
could you help me to solve payment errors?,payment
I do not know how to reset my profile key,account_access
"I paid {{Currency Symbol}}{{Refund Amount}} for a product, I want my rebate",refund
i want help solving errors with online payments,payment
i paid {{Currency Symbol}}{{Refund Amount}} for this order want help getting an rebate,refund
is it possible to check in what cases can I request refunds?,refund
I want help resetting my user profile PIN,account_access
"I want to see your money back policy, I need help",refund
can i set a shipping address up,delivery
"I need to use the gold profile, how can I do it?",account_access
I am trying to inform of a trouble with online payment,payment
i want help to check the ETA of the oder {{Order Number}},delivery
can ya help me see the accepted payment modalities,other
ETA of oorder {{Order Number}},delivery
what do I need to do to request a rebate?,refund
help me to see in which cases can I request a reimbursement,refund
I need help with a return,refund
I don't know how to report problems with a registration,account_access
I am trying to inform of a payment error,payment
is it possible to create a standard account for my dad,account_access
seeing the available options for shipping,delivery
how do I request a compensation of money?,refund
I'd like to see in which situations can i ask for reunds,refund
I have got to delete a standard account,account_access
can i check how long reimbursements usually take,refund
I want help solving a problem with online payment,payment
report anissue with payment,payment
I have got to set my new delivery address up,delivery
do you have a free number to talk to customer assistance?,other
I don't know what I have to do to reset my user account ppwd,account_access
remove standard accoint,account_access
how do I use the {{Account Category}} profile?,account_access
I try to see in what situations can I ask for reimbursements,refund
what do I need to do to notify of a problem with payments?,payment
can youhelp me reporting troubles with online payments?,payment
I do not know how to retrieve my key,account_access
I don't know whar I need to do to notify of signup errors,account_access
would it be possible to check the shipping methods?,delivery
need to check in which cases can i request an refund,refund
"I have to see when will my product arrive, can you help me?",delivery
where can I ask for restitutions of my money?,refund
my card was declined help to inform oof a payment issue,payment
i dont know what i have to do to get my invoice #37777,other
help to report an issue with online payment,payment
I can't correct purchase {{Order Number}},other
the experience with ur brand ws bad how to make a complaint,other
I have got to see in what cases can I ask for a refund,refund
could ya help  me to report a payment problem,payment
shipping to {{Delivery Country}},delivery
tell me what hours i can contact customer sasistance,other
check options for delivery,delivery
i cannot pay help me to report issues with payment,payment
i have to check in what situatins can i ask to be reimbursed,refund
When will order ORD-12345 be delivered,delivery
"my card did not work, assistance reporting payment problems",payment
help me to see when my purchase is gonn arrive,delivery
contact a fucking live agent,other
is it possible to retrieve my account PIN?,account_access
editing {{Account Category}} account,account_access
checking order {{Order Number}} status,delivery
want assistance opening a {{Account Category}} account for my dad,account_access
help me solving troubles with payments,payment
i do not know how to set my shipping address up,delivery
supports trying to change the address,delivery
could you help me to see how long reimbursements take?,refund
I want help checking when my delivery is going to arrive,delivery
can I use the {{Account Category}} account?,account_access
I don't know how I can see your refund policy,refund
I need to check your reimbursement policy,refund
can uhelp me report problems with payments,payment
I want to check in which situations can I request refunds,refund
where to edit my shipping address?,delivery
give a quick look at the damn invoices from {{Person Name}},other
support updating my address,delivery
I cannot switch to the {{Account Type}} account,account_access
can I order from {{Delivery City}}?,delivery
i have to check in what cases can i ask for refunds,refund
I need assistance to omdify my address,delivery
i want assistance removing my {{Account Type}} account,account_access
where do I notify of an error with signup?,account_access
i cant restore my key,account_access
need assistance talking to someone,other
want assistance to request a rebate,refund
My parcel has still not arrived,delivery
I need help seeing my invoices from {{Person Name}},other
need ot cancel my premium account,account_access
I have got to recover my user pwd,account_access
I do not know how to reset my user profile PIN code,account_access
Can a customer representative call me back,other
what do i have to do to inform of a error with payments,payment
I need help to inform of problems with a sign-up,account_access
where could I see if there is anything new on my refund?,refund
can you help me notify of errors with payment?,payment
see ETA ob order {{Order Number}},delivery
"I need to see the allowed payment options, help me",other
i do not know what to do toi inform of payment problems,payment
want assistance notifying of problems with online payment,payment
can I change to the premium account?,account_access
where to submit a new delivery address?,delivery
i haqve got to check when my delivery is gonna arrive,delivery
I would like to report fucking errors with payment,payment
solve a damn error with online payments,payment
i dont know what i need to do to obtain a rebate of my money,refund
need help to request rebates of my money,refund
wanna check in which cases can i ask for refunds,refund
want assistance downloading the bill #12588,other
I want support trying to edit my shipping address,delivery
is it possible to see if there are any updates on my refund,refund
can you tell me about updating the shipping address?,delivery
I'm trying to notify of a trouble with online payments,payment
i do not know how i can report a registration issue,account_access
i dont know what i need to do to retrieve my pin,account_access
I want help canceling my {{Account Type}} account,account_access
"I want to see the status of order {{Order Number}}, I need help",delivery
Do you offer gift wrapping,other
I don't know what I need to do to modify my delivery address,delivery
I have to reporta trouble with payment,payment
"you aren't helpful, assistance chatting with an operator",other
question about my {{Account Type}} account removal,account_access
The registration form will not accept my email address,account_access
i need help seeing the status of purchase {{Order Number}},delivery
what do I have to do to report problems with online payment?,payment
I have to check how long reimbursements usually take,refund
help to see in what cases can I ask for a reimbursement,refund
I'm trying to inform of problems with online payments,payment
help me seeing in which situations can I ask for a refund,refund
I havd problems with a shipping address update,delivery
I need assistance seeing how long reimbursements take,refund
help me create a {{Account Category}} account,account_access
wanna ask for a compensatin of money,refund
how can I find information about {{Account Type}} account deletions?,account_access
help me reporting an issue wigh online payment,payment
assistance to check youe money back guarantee,refund
i do not know how i could create a {{Account Type}} account,account_access
I want information about my {{Account Category}} account termination,account_access
i expect a rebate of {{Currency Symbol}}{{Refund Amount}},refund
can you help me see my reimbursement status?,refund
I need assistance opening a {{Account Category}} account,account_access
y i cant set my secondary deilvery address valid up,delivery
The return was accepted but the money is still pending,refund
I want help to leave fucking feedback for your services,other
assistance notifying of an issue with payments,payment
The driver delivered my parcel to a neighbour without permission,delivery
updating freemium accojnt,account_access
I would like to track the restitution,refund
how do I restore my  user profile pass?,account_access
I have got to reuqest rebates of money,refund
I don't know what to do to earn some of your item,other
"I have got to edit my account, will you help me?",account_access
help informing of an error with online payments,payment
i  have got to inform of troubles with online payment,payment
can you show me when my product is going to arrive?,delivery
"I can't pay, how could I notify of a payment problem?",payment
i do not know what to do to report an issue withpayment,payment
"I paid {{Currency Symbol}}{{Refund Amount}} for a product, I want to obtain a fucking rebate",refund
"I have to see how long reimbursements usually take, help me",refund
i need help calling customer service,other
updating info on standard account,account_access
i try to check the early exit penalties,other
I do not know what I have to do to delete a {{Account Category}} account,account_access
assistance seeing the methods for shipping,delivery
I don't know how to delete my standard account,account_access
help to modify my fucking shipping address,delivery
help me reset my user access key,account_access
I need to check when my parcel is going to arrive,delivery
need help solving an error wity online payments,payment
question about opening standard accounts,account_access
i do not knowhow i can list the payment options,other
give me information about {{Account Type}} account cancellations,account_access
uhave an address to send some feedback for a product,other
tell me what hours I can reach customer service,other
need help to check ur payment methods,other
wanna know more about the shipping periods,delivery
how do I edit some of the details included on my account?,account_access
I can't retrieve my user account key,account_access
can you give me information about editing my address?,delivery
can you help me check in which cases can I ask for a refund?,refund
need help touse the freemium account,account_access
I want help to notify of a registration error,account_access
I try to retrieve my profile access key,account_access
can you help me opening a pro account?,account_access
where to get reimbursements of money?,refund
can you help me seeing how soon can I expect my order?,delivery
My courier package is stuck at the sorting center,delivery
need to change the info included on my user,account_access
what do i need to do to look for my bill #37777,other
I want assistance changing to the goddamn {{Account Category}} account,account_access
i do not know what to do to notify of registration issues,account_access
want assistance solving a payment issue,payment
submitting differemt shipping address,delivery
assisance seeing in what cases can i request a refund,refund
I expect an rebate of {{Refund Amount}} dollars,refund
"I have to see how soon can I expect the item, help me",delivery
do ya ship toUSA,delivery
help me nltifying of issues with a sign-up,account_access
I try to cancel the newsletter subscription,other
want help chceking invoice #85632,other
i try to switch to the standard account,account_access
can ya help me to solve probelms with payment,payment
where can I see when my damn package is going to arrive?,delivery
I acn't chat with an assistant,other
i need assistance with creating a platinum account,account_access
I don't know how I can report registration errors,account_access
could you help me opening a gold account?,account_access
I need help to see in what cases can I ask to be refunded,refund
I need assistance to check how soon can I expect the package,delivery
can you help me seeing in what cases can I request a refund?,refund
I want help to check in which cases can I ask for refunds,refund
how can i edit my delivery address,delivery
remove several items from purchase {{Order Number}},other
I want to notify of troubles with online payments,payment
I do not know how to speak to an assistant,other
can ya help me solving issues with online payment,payment
The refund amount is incorrect,refund
i have to notify of errors with online payment,payment
want help to file a consumer claim against your organization,other
i want help to inform of a registration issue,account_access
i need assistance to look for the invoice from {{Person Name}},other
I want assistance to open a {{Account Type}} account for my fiance,account_access
help to talk with a fucking live agent,other
could you help me check hte cancellation penalties?,other
I have got to inform of an error with registrations,account_access
could i check when my package is gonna arive,delivery
help me rport a trouble with online payments,payment
I need to recover access to my old profile,account_access
I want assistance to see when will my item arrive,delivery
I need assistance to solve a problem with payment,payment
I need help to report a payment problem,payment
help me to notify of issues with payments,payment
their is a problem trying to correct my delivery address,delivery
I need help to see the termination fees,other
I am trying to see in what cases can I request a refund,refund
I want help informing of problems with payment,payment
I don't know what to do to seeorder {{Order Number}} status,delivery
is it possible to switch to the {{Account Category}} account,account_access
help to see if there is anything wrong with my restitution,refund
I don't know how I can talk to a live ahent,other
assitsance seeing in which cases can i request a refund,refund
can ya show me in what situations can i ask to be reimbursed,refund
"my delivery address changed, help me update it",delivery
i need help to inform of troubls with payment,payment
were could i locate purchase {{Order Number}},delivery
I don't know what I have to do to download my bill #12588,other
wanna use the pro pprofile,account_access
I do not know how to request a compensation,refund
help me seeing your fucking money back policy,refund
want help filing a claim,other
help to ask for a rebate of my money,refund
I do not know how I can cancel a platinum account,account_access
where to purchase some items,other
The password reset email is not arriving,account_access
help me see in what situations can I request refunds,refund
can you help me see how soon can I expect the product?,delivery
i want help talking with someone,other
assistance seeing if there is anything new on the rebate,refund
can i update the information included on my user profile,account_access
I want help to see what hours I can call customer support,other
I want to know about my corporate newsletter subscription,other
I cannot edit the shipping address,delivery
is there a section to submit fedback for your company?,other
I have issues setting up a secondary delivery address,delivery
i have to see in what cases can i ask for reimbursements,refund
I don't know what I haqve to do to close a pro account,account_access
what do I have to do to restore my user account pwd?,account_access
I don't know how I can report problems with payment,payment
could you show me inwhat cases can I ask for refunds?,refund
seeing available payment methods,other
need help to check order {{Order Number}} current status,delivery
can you help me seeing the early termination charges?,other
what do I need to do to inform of isues with payments?,payment
report issues with payment,payment
help to locate the bill from {{Person Name}},other
I don't know what to do to change to the gold account,account_access
how can I lodge a customer claim?,other
could you help me to create a {{Account Type}} account for my fiance?,account_access
there are issues setting up the delivery address,delivery
i no lomger need my damn gold account can uhelp me delete it,account_access
I want help seeing when will my item arrive,delivery
where to check your payment methods?,other
I'm trying to write a review for ur company,other
help to use the {{Account Type}} account,account_access
I need help to submit my delivery address,delivery
i have to inform of registration errors,account_access
"I would like to shop several of your article, I need help",other
"I need to see if there are any news on the refund, help me",refund
I am waiting for a restitution of {{Refund Amount}} dollars,refund
can you tell me more about modifying my shipping address?,delivery
I want help to check the early termination fees,other
I want to see how long it takes for the dewlivery to arrive,delivery
I would like to create a freemium account,account_access
i want assistance checking what delivery methods i have,delivery
I want to file a reclamation,other
wantr help to solve issues with payment,payment
i need help seeing in what cases can i ask for my money back,refund
how can I inform of a payment error?,payment
can uhelp me informing of problems with sign-up,account_access
I cannot reset my user profile PIN,account_access
I want help to sdt up the new shipping address,delivery
want assistance to report a trouble with online payments,payment
how do I see what shipping methods you offer?,delivery
I'm trying to inform of an issue with payments,payment
open a freemium acocunt,account_access
where can I restore the PIN of my user?,account_access
where can i get information about the delivery period,delivery
want assistance to submit feedback about ur products,other
i have paid {{Currency Symbol}}{{Refund Amount}} for an item i wanna get my money back,refund
"I need to notify of issues with online payments, help me",payment
want help reporting an error with online payments,payment
"I cannot pay, help reporting goddamn problems with payments",payment
want help to change several items of purchase {{Order Number}},other
help em to report an issue with payment,payment
can uhelp me seeing in which cases can i sak for a refund,refund
i want help to check in what cases can i request refunds,refund
need assistance using the {{Account Type}} profile,account_access
i want assistance to inform of problwms with payment,payment
can i get the bill #12588,other
"I expect a goddamn compensation of {{Currency Symbol}}{{Refund Amount}}, was it processed",refund
"I need to edit my personal information, will you help me?",account_access
use another user,account_access
The application cannot sync data on mobile internet,technical_support
how do I get restitutions of money?,refund
i have to list the accepted payment methods,other
uhave a method to leave an opinion about ur services,other
how do I download the goddamn invoice from {{Person Name}}?,other
"I am trying to find the shipping methods, I need help",delivery
I am trying to see your reimbursement policy,refund
I don't know what I have to do to cancel my {{Account Type}} account,account_access
how could ilook for the bills from {{Person Name}},other
i dont know how to inform of payment errors,payment
notifying of problems with payments,payment
can you help me obtaining refunds?,refund
I am waiting for a compensation of {{Refund Amount}} doolars,refund
help me checking the reimbursement status,refund
I do not know how I can check the status of my rebate,refund
how to get a rebate of money?,refund
can i restoire my pass,account_access
help me see the options for shipping,delivery
i want help to demand reimbursements,refund
My software license key does not activate,technical_support
can uhelp me locating order {{Order Number}},delivery
i cannot make a transfer help to report damn payment issues,payment
chwck under which circumstances can I request reimbursements,refund
Notifications stopped working in the app,technical_support
"I want to correct order {{Order Number}}, can you help me?",other
delete account,account_access
troubles with online payments,payment
i want help sending some feedback about a product,other
i need assistance requesting reimbursements of my money,refund
assistance checking what bloody shipping options you offer,delivery
"I have to acquire some of your article, how to do it?",other
assistance to reset the pin of my account,account_access
I'm trying to notify of errors with online payments,payment
how can i report problems with online payments,payment
help me see the ETA of the order {{Order Number}},delivery
can i check purchase {{Order Number}} status,delivery
creating new standard account for daughter,account_access
I don't know what I need to do to file a customer claim,other
I need to check in which cases can I ask for a reimbursement,refund
The tracking status has not changed for four days,delivery
I want help trying to edit my addreds,delivery
i wan help to report payment problems,payment
i have got to ask for reabtes,refund
I cannot enter a new delivery address,delivery
help me to see if there is anything new on the reimbursement,refund
can you help me report a payment issue?,payment
where can I see what hours I can reach customer assistance?,other
how can I find information about changing my address?,delivery
My payment was reversed without any explanation,payment
"the payment failed, could I notify of an error with payment?",payment
"I can't create a profile, I want to inform of signup issues",account_access
I need support changing the delivery address,delivery
I need help submitting some feedback about a product,other
"I have to leave some feedback about a product, help me",other
when am i getting a reimbursement,refund
what do i have to do to check  ur damn reimbursement policy,refund
see under which circumstances can I ask for refunds,refund
i dont know how to request restitutions of my money,refund
is it possible to set up the secondary shipping address,delivery
need assistance to see my restitution current status,refund
can you help me check the rebate current status?,refund
I don't know how to set a secondary shipping address up,delivery
is there a way to send a review for ur services,other
where could I check the goddamn cancellation charge?,other
edtiing order {{Order Number}},other
can i check under which circumstances can i request a refund,refund
I need assistance to notify of a payment error,payment
can you help me to request a reimbursement of money?,refund
i acnt see purchase {{Order Number}} status,delivery
need help ordering some products,other
i want information about the deletion of my {{Account Type}} accounnt,account_access
howdo i use the gold account,account_access
i do not know what i need to do to correct my address,delivery
help to check how long it takes for the package to asrrive,delivery
I need assistance to report a problem with a sign-up,account_access
I have problems with the removal of my {{Account Category}} account,account_access
can you help me to inform of an error with online payment?,payment
help switching several items of order {{Order Number}},other
"I paid {{Currency Symbol}}{{Refund Amount}} for a product, is it possible to get a refund?",refund
I'm calling to lodge a compaint,other
Money was deducted but my order did not go through,payment
help to ccreate a goddamn {{Account Type}} account,account_access
can you help me ask for a rebate of money?,refund
is it possible to notify of registration problems,account_access
I want help notifying of problems with online payment,payment
need to track purchase {{Order Number}},delivery
changkng to pro account,account_access
I don't know how I could oen a premium account for my fiance,account_access
creating user,account_access
there is an error submitting the shipping address,delivery
inform of problems with payments,payment
I am experiencing an issue trying to sign up,account_access
I do not know how to report errors with payments,payment
I have to report a problem with a registration,account_access
"I no longer want purchase {{Order Number}}, can you cancel it?",other
"I can't make transfers, help to inform of a payment issue",payment
how to know if there is anything new on the reimbursement,refund
wanna add some products to order {{Order Number}},other
I need to make a customer complaint against your company,other
can i lodge a consumer complaint against ur business,other
I try to inform of an error with a sign-up,account_access
how to use the {{Account Category}} account,account_access
report an error with payments,payment
I need assistance shopping an article,other
"I can't make a transfer, help to inform of a payment error",payment
wanna correct the personal information,account_access
is it plssible to order from {{Delivery Country}}?,delivery
help me calling customer service,other
I want help to ask for a reimbursement of my money,refund
I received only part of my shipment,delivery
I'm trying to report issues with online payment,payment
I have a problem setting up a new shipping address,delivery
can I see in which cases can I ask for a reimbursement?,refund
i have problems editing my delivery address,delivery
i expect a compensation of1200 dollars has it been processed,refund
want assistance reporting an error with payments,payment
want help recovering the key of my account,account_access
where do i receive a rewfund of money,refund
editing freemium  account,account_access
there are problems changing the address,delivery
could ya help me receive a  rebate,refund
i dont know what to do to see the termination penalty,other
swap several items of order {{Order Number}},other
help buying some products,other
I need assistance to lodge a complaint against your company,other
can you give me information about standard account removals?,account_access
want help to see how soon can i expect the purchase,delivery
I awnt to lodge a customer complaint against your company,other
i have made a mistake  help me modify purchase {{Order Number}},other
how can I report errors with online payments?,payment
what do I have to do to submit the goddamn shipping address?,delivery
in which cases can i ask for reimbursements,refund
i want help to see when will my packag arrive,delivery
I do not know how I could enter my new delivery address,delivery
I can't notify of errors with a signup,account_access
I need assistance unsubscribing to the newsletter,other
can I open a gold account?,account_access
"I have got to see when will my item arrive, can you help me?",delivery
need help informing of a problem with online payments,payment
I need to see what delivery methods you offer,delivery
I need help notifying of issues with online payment,payment
i dont know what to do to notify of an issdue with a sign-up,account_access
y i cannot set up the secondary shipping address valid,delivery
I want to change to the premium account,account_access
i need assistance solving an error with payments,payment
notifyu of payment issues,payment
I don't know what to do to download my invoice #00108,other
want help to file a customer reclamation against ur business,other
need assistance informing of problems with online payment,payment
I am trying to set up a different shipping address,delivery
I have to set my new delivery address up,delivery
want help to get the invokces from {{Person Name}},other
"the payment did not go through, report an error",payment
help to see in what situationscan I ask to be reimbursed,refund
wanna leave a review about a service,other
have a question about the deletion of my {{Account Category}} account,account_access
wanna igve a quick look at the bill #12588,other
need help with switching an item of purchase {{Order Number}},other
can you help me obtaining a compensation?,refund
help me to solve a payment problem,payment
I want help to enter my secondary delivery adrdess,delivery
I need help to see the early exit charge,other
need assistance to create a standard account for my fiance,account_access
assistance seeing ur available payment options,other
show me in which situations can I ask to be reimbursed,refund
I would like to sign up to the corporate newsletter,other
i dont know wwhat i need to do to check invoice #85632,other
I try to see in which cases can I request a refund,refund
have a question about an address update,delivery
I have an issue submitting a shipping address,delivery
i want help removing my standard account,account_access
assistance to solve issues with online payment,payment
can i see the ETA of the order {{Order Number}},delivery
Can I place an order using a gift card,other
I want to notify of an error with payments,payment
I have a general question before ordering,other
I don't know what I have to do to check the withdrawal fees,other
assistance to request a reimbursement of my money,refund
can ya help me report payment issues,payment
where do i make a complaint,other
can I send feedback for a service?,other
how can I acquire several of your article?,other
help me to see how long reimbursements take,refund
"I have got to report a payment problem, will you help me?",payment
reporting payment issues,payment
i want assistance to see the compensation current status,refund
i have got to set the new deliver address up how do i do it,delivery
I need the refund policy before buying,refund
i dont know how i can notify of an error with online payment,payment
i need assistance seeing my refund current status,refund
is it possible to remove my {{Account Category}} account ?,account_access
I need help to solve a problem with payments,payment
can I see the termination charges?,other
i dont know what i need to do to see ur reimbursement policy,refund
show withdrawal fees,other
is it possible to see in which cases can I ask for a refund?,refund
how to add an article to order {{Order Number}},other
I want help to cancel the freemium account,account_access
I need to enter a shipping address,delivery
I can't see the status of my subscription to your newsletter,other
can you help me to notify of a trouble with payment?,payment
i do not know how to buy several of ur item,other
want help receiving a restitution of my money,refund
can you show me in what situations can I request refunds?,refund
I want supports changing my sxhipping address,delivery
"I have to see when will my product arrive, how to do it?",delivery
I want assistance to demand refunds of my  money,refund
"I paid {{Currency Symbol}}{{Refund Amount}} for this item, want help to get a rebate",refund
assistance knowing if there are any news on my rebate,refund
"I need to get my bill from {{Person Name}}, how can I do it?",other
have problems with the cancellation of my {{Account Type}} account,account_access
i dont knwo how i can cancel purchase {{Order Number}},other
how can I check the refund current status?,refund
I have issues setting up a new delivery address,delivery
wanna check when will my parcel arrive can i get some help,delivery
where do i inform of a trouble with payments,payment
"I cannot make a transfer, notify of payment issues",payment
where to report issues with online payments,payment
I need help seeing the ETA of the purchase {{Order Number}},delivery
"I have to see my compensation status, help me",refund
error entering my new shipping address,delivery
I want support updating the shipping address,delivery
I don't know what to do to close my freemium account,account_access
I want help to see in what situations can I ask for refunds,refund
I don't know what to do to notify of payment errors,payment
"I want to receive the corporate newsletter, can you help me?",other
open platinum account,account_access
i have a problem with an adress update,delivery
can you help me to solve errors with payment?,payment
I don't know how to buy some of your item,other
Please help me reset my password,account_access
can you help me report fucking errors with payment?,payment
I don't knowe how to inform of problems with payments,payment
can i see the eta of the order {{Order Number}},delivery
need help lpocating the bloody invoice from {{Person Name}},other
help me seeing the ETA of the purchase {{Order Number}},delivery
i want help to inform of errors with payments,payment
can you help me notify of a payment issue?,payment
where do i inform of goddamn problems with online paymnts,payment
Can I change my email preferences,other
I want assistance obtaining a reimbursement of my money,refund
I don't know how I can notify of a problem with payments,payment
help notifying of an error with payment,payment
i dont know how to earn a product,other
I need to make a claim against your company,other
I am trying to see order {{Order Number}} status,delivery
"I have got to submitmy feedback, help me",other
Someone may have accessed my account,account_access
assistance correcting the damn data on my user account,account_access
I am trying to see in what cases can I ask for refunds,refund
want help notifying of a trouble with paymenst,payment
"I want to use the standard profile, how can I do it?",account_access
help to leave a comment for your services,other
talk with customer support,other
i want help reporting an issue with online payments,payment
how to shop some articles?,other
I don't know what I have to do to remove my {{Account Category}} account,account_access
want assistance to recover my profile pass,account_access
help me report an issue with registrations,account_access
can uhelp me check if there are any updates on the rebate,refund
I need assistance shopping something,other
I have got to unsubscribe to the company newsletter,other
there is an issue setting up a shipping address,delivery
their is an issue trying to update my address,delivery
I need to check in which cases can I ask for my money back,refund
The delivery estimate has passed and my order is missing,delivery
wanna know more about updating my delivery address,delivery
I need help to see what payment options you accept,other
"I cannot make payments, could I report a problem?",payment
i dont know how i can reset my profile pin code,account_access
i want help to delete some products from order {{Order Number}},other
can you help me demand refunds ?,refund
I am calling to check how long the shipment takes,delivery
need help asking for a reimbursement ofmy money,refund
i dont want this order cancel purchase {{Order Number}},other
can you help me to check how soon can I expect the parcel?,delivery
I do not know how I can take a quick look at my bill #12588,other
I would like to see how long reimbursements take,refund
check in whicch cases can i ask to be refunded,refund
I need hnelp to solve a trouble with online payment,payment
what do I have to do to chat with an operator?,other
solving payment errors,payment
I have got to report payment problems,payment
i cant set up my new shipping address,delivery
where do I correct the fucking shipping address?,delivery
where do I see the status of purchase {{Order Number}}?,delivery
help me to notify of issues with payment,payment
i want help to shop some producgs,other
want help to retrieve the key of my prtofile,account_access
I cannot update the phone number linked to my account,account_access
i need assistance to obtain reimbursementsof money,refund
I need help downloading my bill #00108,other
I have an issue setting a new delivery address up,delivery
i need help demanding restitutions of money,refund
I ened help reporting problems with payment,payment
give me information about the removal of a premium account,account_access
where can i see how long the shipping takes,delivery
delete user,account_access
I was billed an extra amount,payment
"the damn shipping address has changed, can I correct it?",delivery
could you help me to report an error with online payment?,payment
how to see the shipment options,delivery
I need assistance changing the address,delivery
I hav a question about a password recovery,account_access
new freemium account,account_access
I try to notify of issues with registrations,account_access
wannaclose a pro account,account_access
"I am experiencing issues trying to sign up, can you help me?",account_access
I do not know what I need to do to talk with somebody,other
I need to check the termination charge,other
is it possible to find bill #00108?,other
I try to see in which situationscan I ask for refunds,refund
help to leave my goddamn feedback for your company,other
what do I need to do to demand a refund of my money?,refund
is it possible to notify of troubles with online payments?,payment
assistance informing of problems with payment,payment
help informing of a problem with online payments,payment
where do i report an issue with paynents,payment
how can I report a trouble with online payment?,payment
assistance to notify of problems with payment,payment
wanna demand a reimbursement of money,refund
need help informing of errors with online payment,payment
i cant sign up I'd ilke to inform of a bloody signup problem,account_access
I want to report problems with a damn sign-up,account_access
where can I report errors with payments?,payment
"I have to order a bloody product, how can I do it?",other
assistance to check how soon can I expect the product,delivery
help reporfting a trouble with payments,payment
"I have to inform of damn payment errors, how can I do it?",payment
i do not know what i need to do to download the bioll #12588,other
i need assistance swapping an article of order {{Order Number}},other
want assistance to check the withdrawal fees,other
I want to remove an old device from my account,account_access
earn several of your prodcuct,other
I am trying to see in what situations can I request refunds,refund
I call to see when my parcel is going to arrive,delivery
I need help to notify of a trouble with payment,payment
The transaction amount is different from the checkout total,payment
how can I inform of an issue with payment?,payment
"I have to list the payment modalities, I need assistance",other
wanna report issues with online pahment,payment
I don't know how I can notify of a payment issue,payment
I don't know how I can see your payment methods,other
I do not know what I have to do to cancel my {{Account Type}} account,account_access
help obtaining a reimbursement of money,refund
"I entered a wrong address, update it",delivery
cancelling {{Account Type}} account,account_access
I need help notifying of a problem with payment,payment
can you help me seeing the methods for shipping?,delivery
I want help unsubscribing to your company newsletter,other
I do not know how I can see my invoices from {{Person Name}},other
i dont have a {{Account Category}} account eyt i need to sign up,account_access
i cant enter the shipping address,delivery
How do I return the item and get my money back,refund
is it possible to enter the new delivery address?,delivery
I'd like to talk to an operatro,other
am I entitled to a refund according to your policy?,refund
how do i inform of issues with a signup,account_access
I'm trying to report errors with signup,account_access
I do not know how to see the early exit penalty,other
can you help me informing of errors with payment?,payment
i dont know how i can see the ETA of order {{Order Number}},delivery
My username is not recognized,account_access
can I delete a damn article from order {{Order Number}}?,other
I need to edit the delivery  address,delivery
I need help to edit the address,delivery
need assistance to report problems with online payments,payment
want assistance to inform of a problem with signup,account_access
want assistance to notify of a problem with payment,payment
i need assistance to unsubscribe to the company newsletter,other
can you help me update the data included on my profile?,account_access
I do not know how to close a {{Account Category}} account,account_access
help me to file a customer claim,other
how do I see how long it takes for my bloody item to arrive?,delivery
can you help me notifying of troubles with online payments?,payment
modify freemium account,account_access
I do not know what to do to cancel the {{Account Type}} account,account_access
i need assistance to inform of problems with payment,payment
"I want to notify of errors with payment, how to do it?",payment
I have got to see when will my aprcel arrive,delivery
I have problems editing the shipping address,delivery
I need to update the address,delivery
"I chose a wrong delivery address, can you help me update it?",delivery
I want to correct my user info,account_access
I need assistance reporting errors  with online payment,payment
want help to solve a payment problem,payment
assistance to see purchase {{Order Number}} status,delivery
want assistance to solve a payment problem,payment
how can I check your reimbursement policy?,refund
I want to inform of an issue with online payment,payment
assistance to check in which cases can I request a refund,refund
I do not know how to obtain a restitution of my money,refund
I want to check what hours customer support available is,other
where could I inform of bloody issues with payment?,payment
show status of refund,refund
how can I check your payment methods?,other
inform of error with online payments,payment
I need assistamce to inform of a payment issue,payment
need help to see how long it takes for my shipment to arrive,delivery
check in what cases can i request to be refunded,refund
I want information about shipping period,delivery
can I check if there are any news on my reimbursement?,refund
I need information about opening a {{Account Category}} account,account_access
can uhelp me to see how long reimbursements usually take,refund
i have got to see ur refund poliicy,refund
awnt help to receive your corporate newsletter,other
"I lost my PIN code, I want assistance retrieving it",account_access
can you help me to report a problem with online payment?,payment
want assistance seeing my compensation current status,refund
i cant sign up want assistance to report a signup issue,account_access
what do i have to do to report a trouble with payments,payment
where to see the ETA of order {{Order Number}},delivery
help me checking ur reimbursement policy,refund
I do not know how I can cancel the standard account,account_access
can uhelp me to get in touch with customer support,other
I need assistance checking your reimbursement policy,refund
I need to see in what situations can I ask to be refunded,refund
see the bill #37777,other
I try to see how soon can I expect my shipment,delivery
I cannot find the early termination charges,other
I call to check when my delivery is going to arrive,delivery
problems submitting a delivery address,delivery
help me recovering the password of my account,account_access
could you tell me more about opening platinum accounts?,account_access
assistance checking the ETA of the purchase {{Order Number}},delivery
how do I check how long it takes for my package to arrive?,delivery
want help trying to correct the address,delivery
check my refund status,refund
want assistance to notify of an erro with payment,payment
I want assistance to see your money back policy,refund
I need assistance to notify of an error with online payments,payment
"I have got to check how soon can I expect my order, help me",delivery
I do not know what I have to do to contact an assistant,other
I have problems setting my secondary shipping address up,delivery
have a question abut canceling purchase {{Order Number}},other
wanna notify of a trouble with online payments,payment
"I have to see my refund current status, will you help me?",refund
i do not know what to do to set up my new shipping address,delivery
I ned assistance solving an error with payments,payment
there are errors entering my delivery address,delivery
want assistanfe to shop several damn articles,other
where can I inform of problems with payment?,payment
I need to see in what situations can I ask to be reimbursed,refund
I need assistance reporting issues with online payments,payment
can I create a different bloody {{Account Type}} account for my father?,account_access
I don't know what to do to check when will my article arrive,delivery
I need help to demand a compensation of money,refund
how to swap several items of purchase {{Order Number}},other
where can I set up the secondary delivery address?,delivery
can ya help me to change to the gold account,account_access
I need help seeing what options for delivery you offer,delivery
I do not know what I have to do to download invoice #00108,other
need assistance to set my new shipping address up,delivery
i put my old address by mistake i need help updating it,delivery
I want help to ask for an rebate of money,refund
I need help to check what shipment methods are available,delivery
i try to make a consumer reclamation against ur company,other
I want to see in which cases can I ask for reimbursements,refund
where to inform of an issue witha sign-up,account_access
I have a problem with creating a {{Account Category}} account,account_access
I expect a restitution of {{Currency Symbol}}{{Refund Amount}},refund
i have got to notify of issues with online payment,payment
I want to check in which situations can I ask to be refunded,refund
assistance to see the status of my compensation,refund
I have got to request a refund,refund
What is the refund policy,refund
want assistance to update the address,delivery
help  me cancelling purchase {{Order Number}},other
neerd help buying some bloody products,other
want supports trying to modify the address,delivery
need help to talk to customer assistance,other
The delivery is late and I need it urgently,delivery
what do I need to do to request a fucking refund?,refund
I do not know what I need to do to check your refund policy,refund
inform of ikssue with online payment,payment
want help to shop a few of ur article,other
I need assistance checking how soon can I expect the package,delivery
help me updating my shipping address,delivery
I want help to demand a compensation,refund
I need help to see the current status of the refund,refund
i dont know what i need to do to create a premium account,account_access
"I have got to see the methods for shipment, how do I do it?",delivery
problem with standard account removals,account_access
I want assistance to inform of problems with payment,payment
help me unsubscribe from ur corporate newsletter,other
"the experience with you was too bad, make a bloody claim",other
want help checking in what situations can I ask for a refund,refund
The tracking link is not updating,delivery
can uhelp me to check the ETA of purchase {{Order Number}},delivery
I don't know what I have to do to cancel a premium account,account_access
i need help requesting rebates of money,refund
I need help reporting a trouble with online payment,payment
how do I check the accepted payment methods?,other
"I have to report an issue with online payments, help me",payment
i want assistance solving issues with online payments,payment
I have issues setting up a secondary shipping address,delivery
help me retrieving the password of my user,account_access
can I update order00004587345?,other
can ya help me opening a {{Account Category}} account,account_access
modifying info on platinum account,account_access
I cannot speak to a goddamn live agent,other
notify of issue with ergistration,account_access
where could I get information about shipping period?,delivery
i do not know how i can receive rebates of my money,refund
want help reporting issues with online payments,payment
"I want to check your money back guarantee, I need help",refund
i dont know what i have to do to receive thenewsletter,other
can ya help me to solve a payment problem,payment
I am looking for information about my password reset,account_access
question about a pass recovery,account_access
I don't know what to do to switch to the {{Account Category}} account,account_access
is it possible to set up a damn different delivery address?,delivery
is it possible to inform of an error with online payments?,payment
find information about my access key retrieval,account_access
where can i notify of errors with online payments,payment
help me solve a trouble with online payments,payment
"I purchased some damn product, help me cancel order {{Order Number}}",other
i dont know how i can contact somebody,other
"I need to modify the data on my profile, could you help me?",account_access
getting invoices from last month,other
i do not know what to do to reset my access key,account_access
problem with my forgotten PIN code,account_access
can I see if there are any updates on my rebate?,refund
are service charges reimbursable?,refund
i dont know what i have to do to receive a compensation,refund
I am trying to update my delivery address,delivery
I do not know how I can check your money back guarantee,refund
how could I check how soon can I expect my order?,delivery
"I have got to order some items, can you help me?",other
I need to inform of an error with online payments,payment
help me to see what shipment methods you offer,delivery
help me check in what cases can I request to be reimbursed,refund
how can I recover my user account PIN?,account_access
i ned assistance to ask for a reimbursement,refund
where can i notify of troubles with payments,payment
edit details on {{Account Category}} account,account_access
want assistance updating my address,delivery
can ya help me see u refund policy,refund
want help seeing the ETA of the purchase {{Order Number}},delivery
I want help to talk to an operator,other
can ya help me to close my {{Account Type}} account,account_access
mldifying {{Account Category}} account,account_access
The web page is blank after I sign in,technical_support
I don't know what I have to do to see the restitution status,refund
I try to see in what cases can I ask for reimbursements,refund
is it possible to reset the keyof my user account,account_access
where can I inform of issues with payments?,payment
I have got to receive compensations,refund
assistance seeing in which cases can I ask for a refund,refund
how can i see the accepted payment modalities,other
I do not know what to do to get compensations,refund
"I paid {{Currency Symbol}}{{Refund Amount}} for these items, help receiving a compensation",refund
i want help taking a quick look at the invoice #12588,other
want help to check when will my article arrive,delivery
where could I send feedback for your services?,other
"I can't pay, where do I report errors with payment?",payment
I don't know how to inform of a signup problem,account_access
want help to notify of troubles with online payment,payment
where to see if there are any updates on my restitution,refund
could I check at what time I can call customer service?,other
I'm waiting for a damn refund of {{Currency Symbol}}{{Refund Amount}},refund
information about a delivery address correction,delivery
i cant make transfers notify of a trouble with payment,payment
problems wiuth changing order {{Order Number}},other
i have paid {{Currency Symbol}}{{Refund Amount}} for an item help me receive a compensation,refund
"I can't pay, how do I inform of payment errors?",payment
canceling freemium account,account_access
i need assistance to solve payment errors,payment
is it possible toreceive refunds of money?,refund
I want assistance to notify of a problem with sign-up,account_access
closing {{Account Category}} account,account_access
how could I inform of errors with payment?,payment
where can I obtain restitutions of money?,refund
help me to check my bill from {{Person Name}},other
I want to unsubscribe from your company newsletter,other
where to see the status of my rebate,refund
I don't know how I can write an opinion for a service,other
need to report an issue with paymentr,payment
I do not know how to see what shipment methods I can choose,delivery
there are troubles submitting another delivery address,delivery
i want assistance to notify of payment errors,payment
create new {{Account Category}} account,account_access
I am trying to see in what cases can I request my money back,refund
help to see your accepted payment modalities,other
need help to create a {{Account Category}} account,account_access
I need help to report a trouble with online payment,payment
help me inform of a problem withpayment,payment
can you help me receiving rebates of money?,refund
The courier marked my order delivered but I did not receive it,delivery
i have got to see the current status of order {{Order Number}},delivery
need hepl switching to the {{Account Category}} account,account_access
help me solving a trouble with payment,payment
I want help creating a new damn standard account,account_access
how can I notify of an error with online payments?,payment
need help to change my delivery address,delivery
wht I cannot submit my new shipping address valid,delivery
need help informing of rergistration errors,account_access
"I have to see how soon can I expect my shipment, I need help",delivery
i need assistance demanding compensations of my money,refund
how could I edit my damn user?,account_access
is it possible to order a few of your product?,other
I would like to retrieve the goddamn PIN code of my profile,account_access
is it possible to check how long the shipment takes?,delivery
want help informing of a problem with online payments,payment
want help to check the restitution status,refund
I need assistance to retrieve my user profile pass,account_access
can you help me recover my user profile password?,account_access
help me to report damn sign-up erors,account_access
help me cancel my standard account,account_access
i canno notify of errors with a sign-up,account_access
"I have entered a wrong address, can I modify it?",delivery
how to request a reimbursement of my money?,refund
i have to see in which cases can i ask for erimbursements,refund
wana correct order {{Order Number}},other
problems with {{Account Category}} account deletions,account_access
my card was declined i wanna inform of troubles with payment,payment
what do i need to do to shop several products,other
want help solving a problem with payments,payment
help seeing what hours I can contact customer assistance,other
help to solve an error withonline payments,payment
I'm waiting for a reimbursement of 299dollars,refund
I want help to check what options for delivery you offer,delivery
could you help me setting up my shipping address?,delivery
assistance to report errors with sign-up,account_access
wanna make a consumer reclamation against ur company,other
I do not know how to report a signup error,account_access
would it be possible to place a fucking order from {{Delivery City}},delivery
i dont know what i need to do to remove the {{Account Category}} account,account_access
want help to inform of errors with payments,payment
I do not know how to check the status of the reimbursement,refund
could you help me solve troubles with payments?,payment
how can I see how long it takes for my item to arrive?,delivery
Why is the transaction still pending on my account,payment
I do not know what I have to do to notify of payment issues,payment
how to use the {{Account Type}} profile,account_access
"I have lost my invoices from {{Person Name}}, show it tome",other
The checkout page says payment failed,payment
"I hav got to change order {{Order Number}}, help me",other
I want assistance checking how soon can I expect my article,delivery
I do not know how to switch to the standard account,account_access
how do  i open a {{Account Category}} account for my daughter,account_access
where can I see order {{Order Number}} status?,delivery
assistance using the bloody platinum profile,account_access
closing premium account,account_access
can ya help me change my address,delivery
I want help to report payment problems,payment
what do I have to do to receive your company newsletter?,other
I have to report problems with online payment,payment
how long till I receive my refund of money ?,refund
i do not know what i need to do to get retsitutions of money,refund
i need help informing of a trouble with payment,payment
i need help reporting problems with online payment,payment
I try to see what shipment options are available,delivery
need assistance to switch a product of order {{Order Number}},other
need help tyo obtain fucking compensations,refund
"I cam't make a transfer, can I report payment errors?",payment
help ordering an item,other
where can i shop something,other
i do not know how to obtain rebates of money,refund
what do I have to do to change my user data?,account_access
I call to check how long it takes for the purchase to arrive,delivery
I want help reporting a payment issue,payment
help me see the current status of my compensation,refund
could you help me see if there are any news on my rebate?,refund
I need help informing of an issue with payment,payment
modify information on freemium account,account_access
I do't know how to download my bills from {{Person Name}},other
want help to see the withdrawal charges,other
help me to  report issues with payment,payment
there is an issue modifying the shipping address,delivery
can you help me talk with customer support?,other
I do not know how I could change my shipping address,delivery
I want assistance deleting my premium account,account_access
"I want to speak with damn customer support, help me",other
I want help opening a {{Account Category}} account,account_access
"I have paid {{Currency Symbol}}{{Refund Amount}} for this article, how to obtain a rebate?",refund
can you help me to speak to someone?,other
can you help me seeing when my product is going to arrive?,delivery
help solving a trouble with online payment,payment
i want help contacting customer support,other
need help informing of a payment error,payment
need assistance to restore the pin of my profile,account_access
could you help me inform of troubles with payment?,payment
help making a customer complaint against your business,other
I need help closing a platinum account,account_access
can uhelpme informing of a problem with payments,payment
The item was sent to the old address,delivery
how much would ucharge me for breaking the contract,other
would it be possible to ask for compensations of my money?,refund
I forgot my password and cannot sign in,account_access
wanna know about the subscription to the company newsletter,other
where to demand reimbursements of money?,refund
modify details on standard account,account_access
i want assistance creating a pro account,account_access
how can I find information about a shipping address update?,delivery
where do I demand compensations?,refund
help me to take a quick look at my bills from {{Person Name}},other
My account details were changed without my permission,account_access
where can i order an article,other
i need help to ask for a refund of my money,refund
I do not know what I need to do to obtain rebates,refund
I want help reporting payment problems,payment
I need to notify of problems with payments,payment
help me to inform of a registration issue,account_access
I try to notify of an error with online payments,payment
help me seeing the current status of my reimbursement,refund
II need to see your reimbursement policy,refund
how to check how soon can I expect my parcel?,delivery
I do not know how to notify of a payment problem,payment
I need help  to get a refund,refund
I'm trying to demand a rebate of my money,refund
i need assistance to report problems with online payments,payment
"I want to inform of a problem with online payments, help me",payment
updating details on {{Account Type}} account,account_access
need help to check order {{Order Number}} status,delivery
how could i report errors with online payments,payment
I don't know how I can report a problem with payments,payment
i have problems submitting a secondary shipping address,delivery
I have to see how long it takes for the shipment to arrive,delivery
i have paid {{Currency Symbol}}{{Refund Amount}} for these products i want my money back,refund
I do not know what to do to speak with an assistant,other
"I have to see the bloody status of the refund, how to do it?",refund
were do i report troubles with payment,payment
how do I check how soon can I expect my purchase?,delivery
i dfo not know what i have to do to create a {{Account Type}} account,account_access
I do not know what to do to get a compensation,refund
can you help me checking the early exit fee?,other
My return label has expired and I need help,refund
I cannot access my profile,account_access
what do i have to do to edit my goddamn profile,account_access
"I need to edit my bloody user, will you help me?",account_access
order 370795561790current status,delivery
Please check why my card payment is pending,payment
I get error messages when I try to submit a delivery address,delivery
I want assistance to delete a bloody gold account,account_access
II need support trying to edit the address,delivery
what do I have to do to track the refund?,refund
where do I report an error with online payment?,payment
troubles entering the secondary delivery address,delivery
My bank transfer has not appeared yet,payment
i need help to look for the bill #12588,other
can you help me to check purchase {{Order Number}} status?,delivery
need assistance checking how soon can I expect the shipment,delivery
could you help me to remove the damn standard account?,account_access
how can i switch something of purchase {{Order Number}},other
Can you connect me with a sales representative,other
I do not know what to do to see the compensation status,refund
What payment methods do you accept,other
correct information on freeaccount,account_access
is it possible to see what shipping options I have?,delivery
I want help to inform of an error with registrations,account_access
modifying info on standard account,account_access
want assistance seeing your payment methods,other
can I see under what circumstances can I request a refund?,refund
I want help seeing your reimbursement policy,refund
want help seeing what options for delivery i can choose,delivery
assistance checking the status of purchase {{Order Number}},delivery
I want to report a problem with payment,payment
want help to report an issue with online payments,payment
i need help to notify of issues with online payments,payment
help solving troubles with online payment,payment
want assistance to obtain a restitution of money,refund
I'd like to notify of a problem with a goddamn signup,account_access
edit information on platinum account,account_access
changing to {{Account Category}} account,account_access
can you give me information about delivery periods?,delivery
"I do not understand you, direct to me a human agent",other
I want assistance checking how long refunds usually take,refund
I want help making a complaint against your organization,other
problem with my PIN reset,account_access
I do not know how to infgorm of payment problems,payment
"I want to see how long refunds take, how to do it?",refund
I do not know what to do to switch to the {{Account Category}} account,account_access
need help signing up to the newsletter,other
need assistance notifying of a problen with payment,payment
could you help me to report troubles with online payments?,payment
I have got to send some feedback for a product,other
is it possible to check when will my parcel arrive?,delivery
I need help tracking the restitution,refund
Can I update the delivery address before dispatch,delivery
i have got to see how soon can i expect the product,delivery
The file upload stops at ninety percent,technical_support
"I want to see how long the shipping takes, help me",delivery
want help to report a problem with payments,payment
i have to see in what situations can i ask for refunds,refund
"I can't remember the PIN of my user, help restoring it",account_access
i want assistance reporting issueswith online payment,payment
wanna inform of errors with online payment can uhelp me,payment
i do not know what i have to do to delete my premium account,account_access
i dot know what to do to notify of damn payment issues,payment
I cannot talk  to a person,other
need  help to talk with a person,other
I have to see in what cases can I request a refund,refund
need assistance checking order {{Order Number}} current status,delivery
I do not know how I could chat with an agent,other
help me checking in what cases can i ask for refunds,refund
"I am looking for the delivery methods, help me find them",delivery
I need assistance with opening a {{Account Type}} acount,account_access
solve troubles with payment,payment
I have a question about product features,other
how to notify of issues with payment?,payment
create new {{Account Type}} account for daughter,account_access
change to the platinum account,account_access
where do i receive ur company newsletter,other
I paid with UPI but the merchant says payment is missing,payment
"I can't pay, help to inform of issues with payment",payment
"I have got to switch to the standard account , help me",account_access
I want to return this item because it is defective,refund
i cant pay  inform of a problem with payment,payment
"the payment failed, where do I notify of errors?",payment
can i see under which circjmstances can i ask for refunds,refund
I have got to know if there are any news on my compensation,refund
how do i see if there are any news on the restitution,refund
I do not know how to send feedback about your services,other
need help using the platinum profile,account_access
where to inform of errorswith registrations?,account_access
tell me about a shipping address modification,delivery
I don't know how to see when my item is going to arrive,delivery
can I report issues with sign-up?,account_access
My two factor authentication code does not work,account_access
help filing a cosnumer reclamation against ur company,other
check in what situations can I ask for reimbursements,refund
i have to enter  a different shipping address,delivery
creating new freemium account for daughter,account_access
i have to set up another shipping address i need help,delivery
I don't know how I can report an error with online payment,payment
I want to update my address,delivery
i have to check in which cases can i ask for a refund,refund
"I have got to reset my profile access key, can you help me?",account_access
I would like to report a fucking registration error,account_access
remove item from order,other
want assistance retrieving my user account PIN,account_access
I have got to report issues with online payment,payment
could i place an orde from {{Delivery Country}},delivery
I am trying to edit orde {{Order Number}},other
I need assistance to inform of issues with payments,payment
i need help to report a problem with online payments,payment
The microphone setting is unavailable in the mobile app,technical_support
I want help seeing if there are any news on my reimbursement,refund
there is an error trying to update the shipping address,delivery
where to see order {{Order Number}} status?,delivery
wanna check under which circumstances can i ask for a refund,refund
"I can't make a  payment, how do I notify of fucking errors?",payment
i dont know how i can see my rebate current status,refund
Please tell me about your warranty coverage,other
need assistance to notify of an issue with sign-up,account_access
How long does refund verification take,refund
editing data on premium account,account_access
how to notify of problems with payment?,payment
assistance  to report issues with payment,payment
could you help me to see the status of the reimbursement?,refund
I have to find the bills from {{Person Name}},other
I want assitsance to see when my package is going to arrive,delivery
how do I look for the fucking invoices from {{Person Name}}?,other
I need assistance seeing the compensation current status,refund
how can I see the current status of my refund?,refund
need to obtain restitutions of money,refund
would it be possible to inform of damn errors with payments?,payment
i have got to enter an delivery address help me,delivery
I try to see in what cases can I ask to be refunded,refund
I have a trouble trying to change my delivery address,delivery
help recovering my profile access key,account_access
change information on {{Account Category}} account,account_access
i dont know how to track my refund,refund
want assistance opening a premium account,account_access
I want help to earn some articles,other
reporting payment issue,payment
can ya help me to inform of a problem with payment,payment
have a problem with creating my standard account,account_access
I want help restoring my user account PIN,account_access
can i see how long it usually takes for my item to arrive,delivery
problem with {{Account Type}} account removals,account_access
I want to check in which cases can I request reimbursements,refund
assistance to cancel the newsletter subscription,other
i cant see if there are any updates on the refund,refund
The desktop client freezes after the latest update,technical_support
want assistance to report issues with payments,payment
The website shows an error when I upload a file,technical_support
can you help me to ask for compensations?,refund
can uhelp me check the compensation current status,refund
can ya help me seeing the refnd status,refund
have an question about the removal of my {{Account Type}} account,account_access
"I have to contact customer assistance, can I get some help?",other
where could I inform of issues with payment?,payment
I have problems correcting my address,delivery
I cannot see your reimbursement policy,refund
how to ask for my money back,refund
My card was charged twice for the same purchase,payment
can you help me to solve issues with online payment?,payment
how to use the standard profile?,account_access
is it possible to place a goddamn order from {{Delivery Country}},delivery
need help seeing what damn payment options are accepted,other
I want help to see your available payment modalities,other
The app says my account is temporarily suspended,account_access
is there a e-mail to send some feedback for ur company,other
what do I need to do to notify of a payment error?,payment
I try to check how soon can I expect my product,delivery
how can isubmit my feedback for ur company,other
i need assistance checking my rebate status,refund
i need help checking how soon can i expect my parcel,delivery
assistance giving aquick look at invoice #85632,other
there is an ixsue setting my shipping address up,delivery
help me notify of errors with online payment,payment
is it possible to inform of payment issues?,payment
can you help me notify of an error with payments?,payment
I want help to report an error with payments,payment
i cannot notify of a problem with a sign-up,account_access
how to open a standard account?,account_access
I have problems submitting a different shipping address,delivery
"I have got to report an issue with a signup, I need help",account_access
wanna modify the details on my user profile can ya help me,account_access
what do I need to do to track my reimbursement?,refund
I want to see in what cases can I ask for refunds,refund
How do I receive a copy of my invoice,other
assistance to solve a fucking payment error,payment
I don't know what to do to inform of a problem with payment,payment
"I need to see your damn money back policy, how do I do it?",refund
I have entered a wrong delivery address,delivery
wanna check when will my article arrive how can i do it,delivery
can you show me when will myparcel arrive?,delivery
the payment failed i need help to report errors with payment,payment
"I need to talk with customer assistance, can you help me?",other
My package arrived damaged after shipping,delivery
how to contact customer assistance?,other
need to change my shipping address,delivery
show ur money back guarantee,refund
"I need to change to the {{Account Category}} account, how to do it?",account_access
where do I submit feedback about a service?,other
I don't know what to do to switch to the standard account,account_access
I'm experiencing a registration error,account_access
wanna see orer {{Order Number}} current status can ya help me,delivery
assistance to notify of a problem with registrations,account_access
i dont know how i can notify of issues with online payments,payment
I am waiting for a compensation of {{Refund Amount}} dollars,refund
assistance earning a damn product,other
i expect a restitution of {{Refund Amount}} dollars,refund
check under which circumstances can I ask to be refunded,refund
i need assistanceto chat with a live agent,other
I do not know what to do to see the termination charge,other
I do not know how I can receive a refund of my money,refund
notifying of trouble with payment,payment
Where can I track my order,delivery
opening gold account,account_access
would it be possible to notfy of an error with payments,payment
"the payment failed, I want to notify of issues",payment
I try to see how long it takes for my parcel to arrive,delivery
can you help me resetting my user profile PIN?,account_access
I need assistance to check order {{Order Number}} current status,delivery
can you help me solve issues with payment?,payment
I have to change to the {{Account Type}} account,account_access
chnaging order {{Order Number}},other
i expect an reimbursement of {{Refund Amount}} dollars,refund
"I made a mistake, I want help editing order {{Order Number}}",other
what do I need to do to see what delivery options you offer?,delivery
need to set my new shipping address up,delivery
can you help me reporting troubles with payments?,payment
i want assistance to report issues with payments,payment
see invoicefrom {{Person Name}},other
I am trying to notify of an issue with payment,payment
there are errors setting a different delivery address up,delivery
What are your customer support hours,other
I try to edit the address,delivery
"I can't open a user , want help reporting a signup problem",account_access
I cannotcheck your money back policy,refund
"I have to order something, can I get some help?",other
seemy bill from {{Person Name}},other
I want help to submit the new delivery address,delivery
help me to recover my pin,account_access
I have problems setting a secondary shipping address up,delivery
correcting details on {{Account Type}} account,account_access
how can i enter another shipipng address,delivery
I need help to make a claim,other
need to see how soon can i expect the order could uhelp me,delivery
where to inform of an error with a registration?,account_access
what do I have to do to acquire some articles?,other
help me to see your goddamn refund policy,refund
I do not know how I can get bill #37777,other
"I no longer want order {{Order Number}}, how do I cancel it?",other
where can I see your available payment modalities?,other
i have to check how long reufnds take how to do it,refund
"I need to check the payment methods, how can I do it?",other
I don't know what I need to do to inform of payment errors,payment
i cannot find the withdrawal penalties,other
"I paid {{Currency Symbol}}{{Refund Amount}} for this purchase, how can I get a rebate?",refund
I am locked out after entering the wrong password,account_access
help filing a damn customer reclamation,other
how soon can i expect my purchase,delivery
can uhelp me to report a trouble with online payment,payment
I do not know how I could receive a reimbursement of money,refund
open platinum account for wife,account_access
I have to leave my feedback for a product,other
I don't know how to check how soon can I expect my product,delivery
help me to change the delivery address,delivery
can you help me check how soon can I expect the shipment?,delivery
i have to see what hours i can call customer support,other
help me to check the withdrawal fees,other
need assistance to notify of issues with a sign-up,account_access
what do i have to do to demand reimbursements of my money,refund
i need help sollving a trouble with payments,payment
i want help to oslve a bloody issue with payment,payment
cance order {{Order Number}},other
"I have got to correct the delivery address, how to do it?",delivery
where do I see what methods for delivery are there?,delivery
how can I see your reimbursement policy?,refund
I have to inform of issues with payments,payment
need to receive a reimbursement of my money,refund
help me check in which cases can i ask for reimbursements,refund
check in which situations can i ask for a reimbursement,refund
have problems with a shipping address modification,delivery
delete gold acvount,account_access
The screen freezes during setup,technical_support
need help seeing ur reimbursement policy,refund
i want assisyance to see how soon can i expect my product,delivery
I get error code E204 during installation,technical_support
I need assistance to buy several products,other
can I see in which cases can I ask to be reimbursed?,refund
can uhelp me solve an error with payments,payment
I don't know how I can chat with a damn assistant,other
I need to change some articles of order {{Order Number}},other
where do I open a {{Account Type}} account?,account_access
switch to the {{Account Category}} account,account_access
i want assistance to notify of troubles with payment,payment
I have got to notify of an issue with registrtions,account_access
I want help to check in what cases can I request a refund,refund
i need assistance solving errors with payment,payment
help top speak with customer assistance,other
is it possible to give a quick look at the invoice #12588,other
I need to check in which cases can I request reimbursements,refund
I need assistance notifying of errors with online payments,payment
i tr to file a consumer complaint against ur organization,other
i cant talk to anassistant,other
can i check thew status of my newsletter subscription,other
when am I getting a rebate?,refund
need help to report an issue with payment,payment
help me adding several articles to purchase {{Order Number}},other
how do i see ur accepted payment options,other
i dont know how to see when will my item arrive,delivery
I need assistance to see when will my article arrive,delivery
can ya help me to switch to the standard account,account_access
I have troubles setting another delivery address up,delivery
how long till i get a compensation of mnoney,refund
lodging reclamation against your company,other
wanna get a rebate of my mney,refund
is there a section to send feedback about a service?,other
can you tell me more about updating the address?,delivery
could ya help me set a new shipping address up,delivery
problem with cancelling purchase {{Order Number}},other
how to unsubsribe to the corporate newsletter,other
I don't know what to do to get compensations of my money,refund
need assistance checking order {{Order Number}} status,delivery
I need information about the termination of my {{Account Type}} account,account_access
I'd like to see if there is anything new on the refund,refund
need help to  enter my delivery address,delivery
i call to check how long it takes for my delivery to arrive,delivery
I cannot see the status of my compensation,refund
change to platinum acount,account_access
I received less money than the approved refund,refund
I don't know what to do to restore my user profikle PIN,account_access
want help demanding a rebate of my money,refund
I cannot check the current status of the rebate,refund
open a platinum account,account_access
I can't find the early termination fee,other
I don't know how I could track the compensation,refund
i dont know how to inform of a payment problem,payment
I need help closing a freemium account,account_access
want assistance to check the status of the rebate,refund
I dln't know how I can see the termination penalties,other
where to report errors with online payment?,payment
is it possible to set up my shipping address?,delivery
can you help me buy a product?,other
The checkout button is not working in my browser,technical_support
need help checking in what situations can I request refunds,refund
ho do i get a refund,refund
can i see in which situtaions can i request refunds,refund
I need help seeing the options for shipment,delivery
need to write a review about ur company how can i do it,other
I don't know how to talk with someone,other
where can I notify of issues with online payment?,payment
there are issues setting up the shipping address,delivery
troubles setting up the delivery address,delivery
open a platinum acocunt,account_access
assistance to speak to a live agent,other
"my credit card was declined, I have to report payment errors",payment
want assistance to see how soon can I expect my product,delivery
I am trying to submit a new shipping address,delivery
I can't report errors with signup,account_access
can you help me to delete the platinum account?,account_access
i want assistance to notify of errors with online payment,payment
I need help seeing in which cases can I ask to be reimbursed,refund
The Android app closes when I tap the profile tab,technical_support
Iwant to report an issue with online payments,payment
assistance to check what shipping options uoffer,delivery
help to notify of a payment issue,payment
My package was sent to the wrong address,delivery
what do i need to do to reset my profile pwd,account_access
"I want to track purchase {{Order Number}}, I need help",delivery
how could I check the early termination charges?,other
"I missed a product in order {{Order Number}}, can I add it?",other
I have got to check your refund policy,refund
want assistance to know if there are any news on my rebate,refund
I need to check how long reimbursements usually take,refund
I do not know ohw to acquire an item,other
show me in what casescan i request my money back,refund
I don't know how to inform of a trouble with payment,payment
I do not know how to see the status of purchase {{Order Number}},delivery
need help editing m address,delivery
how can i get information about  my pro account deletion,account_access
how to report  troubles with payments,payment
editing details on {{Account Category}} account,account_access
can you help me create a freemium account?,account_access
help me to call customer support,other
"I would like to set the shipping address up, I need help",delivery
"I have to see the status of the rebate, will you help me?",refund
can you help me notifying of an issue with payment?,payment
"I cannot make a transfer, how to notify of a payment issue?",payment
issues with payments,payment
editing info on {{Account Type}} account,account_access
"I paid {{Currency Symbol}}{{Refund Amount}} for a product, help me to get a bloody rebate",refund
what do I have to do to see my invoice #85632?,other
need help to notify of an error with online paymemts,payment
where do I report an issue wiht signup?,account_access
I need help to look for bill #00108,other
i do not know how i can see the reimbursement current status,refund
their is an error trying to update the shipping address,delivery
can you help me notify of problems with online payments?,payment
I need assistance demanding compensations,refund
i want help checking how soon can i expect the order,delivery
can you help me seeing the options for delivery?,delivery
i need assistance to check ur refund policy,refund
why I cannot submit the delivery address valid,delivery
i want help informing of troubles with online payment,payment
i do not know what to od to cancel the freemium account,account_access
I need assistance to change to the {{Account Category}} account,account_access
I need assistance to see the early termination fees,other
I need information about the methods for shipment,delivery
"I have to speak with customer support, how to do it?",other
checking status of order,delivery
"I cannot sign up, inform of sign-up problems",account_access
creating freemium account,account_access
can you help me order several products?,other
help me orderng several of ur article,other
correct details on premium account,account_access
were to check order {{Order Number}} current status,delivery
i need assistance asking for a compensation of my money,refund
I want assistance to solve a trouble with online payment,payment
want assistance to check purchase {{Order Number}} status,delivery
I am trying to inform of issues with online payment,payment
can you help me listing your accepted payment modalities?,other
need assistance to request a compensation of money,refund
switch to platinum account,account_access
where can I see what shipping methods I can choose?,delivery
how long till I obtain a refund of money?,refund
i need assistance informing of an issue with online payments,payment
what do I have to do to enter my new shipping address?,delivery
i try to report issues with payments,payment
how to correct my delivery address,delivery
I want a {{Account Type}} account,account_access
i tfy to see how soon can i expect my shipment,delivery
I need to demand my money back,refund
help me obtain a reimbursement,refund
"I want to see your damn money back policy, I need help",refund
i dont know how i can see the eta of the order {{Order Number}},delivery
modify info on premium account,account_access
I have got to restore the password of my account,account_access
I need general information about your company,other
how can I set my new shipping address up?,delivery
need assistance to see the status of purchase {{Order Number}},delivery
I want help checking what shipment options I can choose,delivery
earn several  products,other
help me download the bill from {{Person Name}},other
I do not recognize this charge on my card,payment
I want assistance chatting with an operator,other
"I have got to modify my address, how can I do it?",delivery
I do not know how to set up the secondary shipping address,delivery
there are issues entering my new shipping address,delivery
i dont know what i have to do to report issues with payments,payment
I need help seeing your money back guarantee,refund
I have to leave some feedback about a service,other
what do i need to do to inform of an error with a isgnup,account_access
Why did I receive two receipts for one order,payment
need assistance seeing when my shipment is gonna arrive,delivery
where to notify of problems with online payments?,payment
where do I inform of payment errors?,payment
give me information about the shippong periods,delivery
need to check ur allowed payment methods,other
help me talking to customer service,other
is it possible to inform of issues with online payments,payment
order status,delivery
I don't know what to do to change to the premium account,account_access
Please cancel my order and issue a refund,refund
i need help to see when will my article arrive,delivery
I cannot connect the device to WiFi,technical_support
I would like to see in which cases can I ask to be refunded,refund
"I can't remember my bloody access key, can I restore it?",account_access
want help to see the status of purchase {{Order Number}},delivery
where to report probles with online payment,payment
report issue with payments,payment
how could I change to the {{Account Category}} account?,account_access
need assistance solving problems with payment,payment
where do I ask for a compensation?,refund
changing details on standard account,account_access
help seeing the shipment methods,delivery
where to check my bills from {{Person Name}},other
how to reset the apssword of my account,account_access
I want help to notify of errors with payments,payment
would ugive me information about editing my delivery address,delivery
i paidx {{Currency Symbol}}{{Refund Amount}} for an article want help to obtain a refund,refund
could uhelp me chat with somebody,other
I need assistance retrieving the damn PIN code of my profile,account_access
help me notify of a payment issue,payment
i cant make payments help to report issues with payments,payment
I need help solving a troouble with online payments,payment
what d I have to do to notify of an issue with a signup?,account_access
i have paid {{Currency Symbol}}{{Refund Amount}} for an item i have to obtain a refund,refund
"I cannot pay, help to inform of problems with payment",payment
find information about the shipping methods,delivery
help to see in which cases can i request my money back,refund
I want help cancelling the {{Account Category}} account,account_access
I need help downloading my invoice #12588,other
I need support trying to update my address,delivery
i want information about correcting the shiping address,delivery
correct details on freemium account,account_access
edit {{Account Category}} account,account_access
"someoe stole my account PIN code, where could I retrieve it?",account_access
I have to edit my delivery address,delivery
need help to check in which case can i ask to be refunded,refund
I need help demanding an reimbursement,refund
need assiwtance seeing the ETA of the order {{Order Number}},delivery
assistance to see in what cases can I request refunds,refund
can you help me to check the bills from {{Person Name}}?,other
I want a refund for a damaged product,refund
I cannot see if there are any news on my restitution,refund
assistance deleting the secondary account,account_access
how to see how long it takes for my order to arrive?,delivery
what do i have to do to request restitutions of money,refund
I need assistance tracking my reimbursement,refund
"I nede to see the early exit fees, how can I do it?",other
there is a problem setting up my delivery address,delivery
I try to see if there are any news on my reimbursement,refund
need assistance to set my secondary delivery address up,delivery
updating detais on standard account,account_access
i do not know how to notify of a trouble with online payment,payment
where can i report issues with payment,payment
I do not know how to obtain rebates of money,refund
need help to see in what cases can I ask to be reimbursed,refund
could you help me solve an error with online payment?,payment
need help to solv problems with online payment,payment
trouble setting the shipping address up,delivery
notify of problem with signup,account_access
how do I check when my package is going to arrive?,delivery
i paid {{Currency Symbol}}{{Refund Amount}} for an article i try to obain a reimbursement,refund
i have got to set a new shipping address up,delivery
where do I get reimbursements of my money?,refund
I don't know what I have to do to speak with a person,other
"I need to unsubscribe from the newsletter, can yyou help me?",other
i do not know what to do to shop several of ur item,other
help checking in what cases can I request to be reimbursed,refund
i call to downbload my invoices from {{Person Name}},other
I don't know what I need to  do to check your refund policy,refund
would it be possible to talk with somebody?,other
see in what cases can i request refunds,refund
can you help me file a customer complaint?,other
I do not know how I can cancel my {{Account Category}} account,account_access
i canr pay can ya help me report issues with online payment,payment
is it possible to change the delivery address?,delivery
wanna see in which situations can i ask for a refund,refund
I need to submit my delivery address,delivery
I am trying to report bloody troubles with payment,payment
how to notify of a trouble with online payment,payment
I need to see in which cases can I ask for reimbursements,refund
Where can I find the product documentation,other
I have to see in what cases can I request my money back,refund
i do notuse the bloody {{Account Type}} account i try to delete it,account_access
I want to update my preferred language,other
help me edit order {{Order Number}},other
I do not know what I have to do to speak with someone,other
i need help to inform of troubles with payment,payment
i have to switch to the pro account,account_access
I don't know how to check the goddamn shipment methods,delivery
I am trying to inform of an error with paymenys,payment
need assistance informing of a trouble with payment,payment
i dont know how i can see ur reimbursement policy,refund
i have to retrieve my user account key,account_access
could i file a revlamation against ur organization,other
want help to obtain a compensation of money,refund
"I can't make a transfer, I need to inform of payment issues",payment
want help to report problems with online payment,payment
need help to see in what cases can I request my money back,refund
update data on premium account,account_access
i expect a rebate of {{Currency Symbol}}{{Refund Amount}} has it been processd already,refund
how to file a customer claim against your organization?,other
i try to report a problem with payment,payment
can i place a  fucking order from {{Delivery City}},delivery
can you help me to see the compensation current status?,refund
problems with the methods for shipment,delivery
help me see if there are any news on the rebate,refund
i want help to report a payment issue,payment
modify details on platinum account,account_access
i do not know how i can notify of errors with payment,payment
where to filr a consumer complaint?,other
help to see the status of my rebate,refund
want assistance informing of problems with payments,payment
i cant makr a transfer help me report a payment error,payment
how do I check what shipment methods are available?,delivery
help me see in what situations can I ask for a refund,refund
I need assistance receiving compensations of my money,refund
I need to notify of troubles with payment,payment
i have to use the freemium account could ya help m,account_access
I don't know how I could report  a payment problem,payment
can you help me to solve an issue with payment?,payment
how can I create a standard account for my fiance?,account_access
want asistance to download the bill #85632,other
can you help me to notify of a problem with online payment?,payment
how do I speak with a fucking operator?,other
i have got to see how long reimbursements take,refund
I am trying to update my shipping address,delivery
how could I inform of payment errors?,payment
want help opening a premium account for my daughter,account_access
I need help giving a quick look at the invoice #37777,other
help me see when my item is going to arrive,delivery
i dont kno how to request a refund of my money,refund
i need help to report a payment error,payment
help me to use the platinum profile,account_access
refunding {{Currency Symbol}}{{Refund Amount}},refund
help me to use the gold profile,account_access
there are errors setting up a delivery address,delivery
"I ain't registered, how to open a {{Account Category}} account?",account_access
I want help informing of an issue with a sign-up,account_access
i need assistance to reset my pwd,account_access
I want assistance to enter a damn different delivery address,delivery
I have got to check in what cases can I request a refund,refund
can I send feedback about a product?,other
i want help solving a trouble with online payments,payment
I  need assistance reporting an issue with online payment,payment
I don't know what to do to notify of  a payment problem,payment
I want assistance to ask for a refund of money,refund
can you help me downloading invoice #12588?,other
I want assistance to inform of errors with online payment,payment
where do I report an issue with payments ?,payment
need to subit my new shipping address will uhelp me,delivery
I need assistance seeing the available payment options,other
I don't know how I can obtain rebates,refund
"I want to check the shipping options, can I get some help?",delivery
The payment keeps getting declined at checkout,payment
where can i ask for compensations of money,refund
I try to submit the new delivery address,delivery
i need assistance to solve na issue with payment,payment
I'd like to list the fucking payment methods how do i do it,other
"I want to see the status of my rebate, help me",refund
I don't know how I can unsubscribe to the newsletter,other
I want ehlp to solve troubles with online payment,payment
speak to assistant,other
I can't see if there is anything new on the compensation,refund
where can I notify of problems with payent?,payment
can you help me report an issue with online payments?,payment
"I want to see when will my product arrive, how can I do it?",delivery
I am trying to check what shipping methods are available,delivery
I do not know what to do to purchase some articles,other
new {{Account Category}} acount for wife,account_access
need to set up my delivery address,delivery
is it possible to lodge a bloody customer claim?,other
I am trying to see your allowed payment modalities,other
i chose a wrong delivery address,delivery
need to see the payment potions how to do it,other
help notifying of problems with payment,payment
assistance checking what damn shipping methods I have,delivery
help to speak to customer assistance,other
can you help me find invoice #37777?,other
I do not know what I need to do to chat with somebody,other
help me seeing in which cases can I ask for my money back,refund
how can I file a customer complaint against your company?,other
how can i inform of problems with online payment,payment
I want help to download the invoice #85632,other
I have got to notify of issues wit payments,payment
I need help to see the status of my newsletter subscription,other
"I want to check the status of my rebate, I need assistance",refund
help me to check the sxtatus of my reimbursement,refund
I want assistance solving troubles with online payment,payment
can huelp me setting the secondary delivery address up,delivery
supports trying to edit the address,delivery
whree to check what payment methods are available?,other
i  have to report troubles with online payments,payment
need help to notify of problems with payment,payment
want help to file a claim against your organization,other
where could I submit the shipping address?,delivery
"I do not need the {{Account Category}} account, can I close it?",account_access
what do i need to do to report prbolems with payment,payment
I need help to check in which cases can I ask for refunds,refund
I want assistance to notify of goddamn issues with payments,payment
I don't knoq how I can inform of an issue with payment,payment
Push notifications are delayed by several hours,technical_support
sumbitting new shipping address,delivery
can i open a pro account for my dad,account_access
help me checking purchase {{Order Number}} current status,delivery
where can I buy some of your article?,other
I do not know what to do to notify of payment problems,payment
I am trying to see how soon can I expect my fucking product,delivery
wanna change the user information can uhelp me,account_access
need to inform of a sign-up error,account_access
I do not know how I can see what shipment methods you offer,delivery
correct data on standard account,account_access
help me see in what situations can I request a refund,refund
need help to see what shipment options I can choose,delivery
want heop downloading the bill from {{Person Name}},other
"I need to set up a delivery address, help me",delivery
I have to speak to fucking ucstomer support,other
where could I notify of a problem with payment?,payment
"I have to check the rebate status, I need assistance",refund
"I want to see the methods for delivery, how could I do it?",delivery
how to report errors with payment,payment
help me see in what situations can i request a reimbursement,refund
i cant open a user i wanna report signup issues,account_access
i dont know how to check the eta of purchase {{Order Number}},delivery
I need help to inform of errors with online payment,payment
i want assistance reporting an issue with a registration,account_access
check your money back policy,refund
help me informing of a payment problem,payment
"I have to see the status of my reimbursement, I need help",refund
"I can't make a payment, inform of an error with payment",payment
have a question about the termination of a Freemiumaccount,account_access
I need to see in which cases can I ask for a reimbursement,refund
I don't know how to create a premium account for my fiance,account_access
"I want to report problems with payments, I need assistance",payment
I do not know what to do to open a {{Account Category}} account,account_access
swap an item of purchase {{Order Number}},other
what do i have to do to make a consumer compoaint,other
want help leaving some feedback,other
i try to inform of issues with payment,payment
chcek bills from {{Person Name}},other
how could I file a claim against your organization?,other
I need the shipping options for a new purchase,delivery
where do i notify of a trouble with payments,payment
can you tell me about the subscription to your newsletter?,other
I need assistance to recover the PIN code of my account,account_access
is it possible to cancel a platinum account,account_access
I try to check your damn money back guarantee,refund
want assistance to see how soon can i expect the shipment,delivery
where do I demand a reimbursement of my money?,refund
I have issues entering a new delivery address,delivery
i want assistance trying to change ym shipping address,delivery
I want to know about updating my delivery address,delivery
how can I find information about openinga pro account?,account_access
I don't know how I can request a rebate,refund
can you help me to see how long the delivery takes?,delivery
can i speak with an operator,other
can uhelp me restore the password of my user profile,account_access
"I want to submit my new shipping address, how do I do it?",delivery
want assistance seeing your reimbursement policy,refund
their are errors submitting my fucking shipping address,delivery
I need help to report issues with payment,payment
want help restoring the pin code of my user,account_access
I need help to retrieve my pass,account_access
"I have to earn a damn product , how could I do it?",other
I need to see in what situations can I request refunds,refund
where could I set the new shipping address up?,delivery
"I can't pay for this item, cancel order {{Order Number}}",other
i want assistance to contact somebody,other
help to see thje ETA of purchase {{Order Number}},delivery
how can I make a consumer reclamation against your business?,other
help with payment,payment
can ushow me ur refund policy,refund
The app is very slow after the update,technical_support
"I have to see what delivery options you offer, help me",delivery
"I have paid {{Currency Symbol}}{{Refund Amount}} for an item, help to receive my money back",refund
information about cancel the company newsletter subscription,other
"I want to check the payment modalities, I need  help",other
I want to see my compensation current status,refund
I cannot check the status of my newsletter subscription,other
hw to report troubles with payment?,payment
how do i use the premium account,account_access
where do i inform of a trouble with online payment,payment
want help obtaining refunds of my money,refund
how do I change to the {{Account Category}} account?,account_access
help me check in what situations can I ask to be reimbursed,refund
how do I purchase several of your product ?,other
help to see in what cases can I request to be reimbursed,refund
assistance notifying of troubles with payments,payment
is it possible to see when will my package arrive?,delivery
is it possible to list the allowed payment mthods?,other
where to send some feedback about your products?,other
I need assistance to report a trouble with online payments,payment
can I change to the freemium account?,account_access
cnange info on standard account,account_access
report payment issues,payment
i dont know how to set a different shipping address up,delivery
can uhelp me informing of a payment issue,payment
"I have to check the status of my rebate, I need help",refund
assistance to see what options for delivery you offer,delivery
i need assistance to open a pro account for my dad,account_access
show me what shipping methods I have,delivery
"I have to see how long refunds take, I need help",refund
I returned the product last week but no refund is visible,refund
update personal data,account_access
how to check at what time i can call customer support,other
want assistance to receive a refund of money,refund
check the eta of the order {{Order Number}},delivery
where do I check the cancellation penalties ?,other
i dont know how i can ask for compensations of money,refund
I need help cancelling my subscription to your newsletter,other
how to checkur goddamn money back guarantee,refund
where can I modify my delivery address?,delivery
I want to report payment errors,payment
modify information on standard account,account_access
need help requesting restitutions of my money,refund
I do not know what to do to download my invoice #12588,other
i dont know what i need to do to delete a {{Account Category}} account,account_access
I try to check what hours customer assistance available is,other
help me reset my PIN,account_access
I have to check in what situations can I request a refund,refund
need to inform of problems with online payment,payment
i cant see order {{Order Number}} goddamn current satus,delivery
where can i take a quick look at the invoice #00108,other
"I can't find the early exit penalty, will you help me?",other
need assistance with a address update,delivery
