text,query_type,intent
"I want to report a problem with a sign-up, how do I do it?",account_access,account_access
I have got to send my feedback about a product,other,product_information
i want assistance seeing the termination fees,other,cancellation_fee
icant track order {{Order Number}},delivery,track_order
I want help to check purchase {{Order Number}} status,delivery,track_order
"I want to see when will my item arrive, how do I do it?",delivery,delivery_delay
I'm looking for the shipment methods help me find them,delivery,delivery_options
I cannot modify purchase {{Order Number}},other,order_change
The Android app closes when I tap the profile tab,technical_support,technical_website_error
help seeing the ETA of the purchase00123842,delivery,track_order
i want help checking in which cases can i ask for refunss,refund,refund_policy
i want help to list ur payment modalities,payment,payment_methods
want help to sign up to the company newsletter,other,newsletter
help me see at what time I can call customer assistance,other,human_request
"I cannot remember the key of my profile, help me recover it",account_access,account_access
I don't know what to do to check the termination fee,other,cancellation_fee
is it possible to inform of an error with registrations,account_access,account_access
i expect an reimbursement of {{Refund Amount}} dollars,refund,refund_pending
how can i notify of an issue with registrations,account_access,account_access
I cannot complete device setup for the robot vacuum.,technical_support,technical_device_setup
can you help me to see the withdrawal fees?,other,cancellation_fee
I am looking for information about correcting my address,delivery,delivery_address
I want help to check the accepted payment modalities,payment,payment_methods
deliveries to {{Delivery City}},delivery,delivery_options
can you hsow me how long it takes for the article to arrive?,delivery,delivery_delay
want assistance to see how long refunds usually take,refund,refund_policy
where to check the withdrawal penalty?,other,cancellation_fee
I don't know how I can check the withdrawal penalty,other,cancellation_fee
can you help me checking the early exit fees?,other,cancellation_fee
can I make a consumer reclamation against your organization?,other,general_complaint
I do not know what to do to purchase several articles,other,product_information
can you help me filing a complaiont?,other,general_complaint
I have to see the ETA of the order {{Order Number}},delivery,track_order
is it possible to request rteimbursements,refund,refund_request
i have got to check my bills from {{Person Name}} how to do it,other,invoice_request
I have to check in which cases can I request my money back,refund,refund_policy
checking bill from {{Person Name}},other,invoice_request
add some damn products to order {{Order Number}},other,order_change
I want help seeing what delivery options are there,delivery,delivery_options
I do not know what to do to see the compensation status,refund,refund_pending
could you help me notifying of problems with a signup?,account_access,account_access
i dont know how to cancel order {{Order Number}},other,order_cancellation
would it be possible to find the bill #00108?,other,invoice_request
"I am looking for the shipping options, help me find them",delivery,delivery_options
I need help to check if there are any news on the rebate,refund,refund_pending
customer reclamation against your organzation,other,general_complaint
need assistance to open  a {{Account Category}} account for my dad,account_access,account_creation
I need assistance seeing the allowed payment modalities,payment,payment_methods
help me to see when my purchase is gonn arrive,delivery,delivery_delay
help lodging a reclamation,other,general_complaint
how do I check how long it takes for the product to arrive?,delivery,delivery_delay
i need informqtion about creating platinum accounts,account_access,account_creation
seeing termination charge,other,cancellation_fee
correct order {{Order Number}},other,order_change
where could I see if there is anything new on my refund?,refund,refund_pending
"I have to check the shipment methods, can you help me?",delivery,delivery_options
can you helpme opening a {{Account Category}} account?,account_access,account_creation
"I do not need the {{Account Category}} account, can I close it?",account_access,account_management
I am  having an error trying to register,account_access,account_access
"I want to cancel my subscription to the newsletter, help me",other,newsletter
help me to downolad invoice #37777,other,invoice_request
i do not know how i can obtain compensations of my money,refund,refund_request
can you help me see the early exit penalties?,other,cancellation_fee
I am trying to check how soon can I expect the damn shipment,delivery,delivery_delay
I have to know if there is anything wrong with the rebate,refund,refund_pending
can you help me to make a complaint?,other,general_complaint
My account is locked and I need to regain access.,account_access,account_access
help me removing a product from order {{Order Number}},other,order_change
do you have a mail to get in touch with cusomer assistance?,other,human_request
help canceling order {{Order Number}},other,order_cancellation
correcting info on premium account,account_access,account_management
I do not know how I can obtain rebates of my money,refund,refund_request
My website closes unexpectedly after the latest update.,technical_support,technical_app_crash
where do i see how soon can i expect my shipment,delivery,delivery_delay
wanna edit my user info how to do it,account_access,account_management
help me lodge a consumer claim,other,general_complaint
i do not know what i need to do to talk with a human agent,other,human_request
how can I see what delivery options you offer?,delivery,delivery_options
where to see order {{Order Number}} current status?,delivery,track_order
how to receive your company newsletter?,other,newsletter
I don't know what I need to do to check the early exit fee,other,cancellation_fee
I want assistance seeing the methods for shipment,delivery,delivery_options
"I have got to track purchase {{Order Number}}, how can I do it?",delivery,track_order
I cannot remove some products from purchase {{Order Number}},other,order_change
"I expect a refund of {{Currency Symbol}}{{Refund Amount}}, was it processeed",refund,refund_pending
help me check what hours I can reach customer support,other,human_request
can you show me the ETA of purchase {{Order Number}}?,delivery,track_order
"I don't use my bloody pro account, how do I remove it?",account_access,account_management
My package was sent to the wrong address,delivery,delivery_delay
I want  assistance checking the withdrawal penalties,other,cancellation_fee
deliveryaddress issue,delivery,delivery_address
i dont know how to restore the pin of myuser account,account_access,account_access
"I need to see how soon can I expect my item, help me",delivery,delivery_delay
how can I see what payment payment modalities are allowed?,payment,payment_methods
is it possible to create a standard account,account_access,account_creation
help me add an item to purchase {{Order Number}},other,order_change
I am trying to check what shipping methods are there,delivery,delivery_options
would it be possible to recover my profile PIN code?,account_access,account_access
I do not know how to check the withdrawal charges,other,cancellation_fee
I need assistance tracking my reimbursement,refund,refund_pending
i do not know what to do to inform of problems with payments,payment,payment_issue
assistance to contact somebody,other,human_request
I want help requesting my money back,refund,refund_request
where to submit my feedback for your company?,other,product_information
I do not know how I can check your allowed payment options,payment,payment_methods
"I want to see the cancellation charges, how do I do it?",other,cancellation_fee
What are your customer support hours,other,general_complaint
help me seeing what delivery options I can choose,delivery,delivery_options
"I want to track my restitution, how do I do it?",refund,refund_pending
I need assistance checking your reimbursement policy,refund,refund_policy
there is a problem correcting the delivery address,delivery,delivery_address
i have got to restore my user pwd,account_access,account_access
getting invoice from five months ago,other,invoice_request
I have to unsubscribe from the corporate newsletter,other,newsletter
help me seeing the status of my newsletter subsxcription,other,newsletter
"I paid {{Refund Amount}} dollars for this item, I want to obtain a refund",refund,refund_request
get inviice from {{Person Name}},other,invoice_request
I cannot enter the new delivery address,delivery,delivery_address
how can i create a {{Account Type}} account,account_access,account_creation
where do I retrieve the key of my user profile?,account_access,account_access
I have got to ask for rebates,refund,refund_request
i paid {{Refund Amount}} dollars for an article how can i obtain a rebate,refund,refund_request
"I expect a restitution of {{Refund Amount}} dollars, was it processed",refund,refund_pending
how do I recover my account PIN code?,account_access,account_access
I want assistance to make an customer reclamation,other,general_complaint
i do not know what to do to see what shipping methods i have,delivery,delivery_options
The refund amount is incorrect,refund,refund_request
want assistance to inform of a payment problem,payment,payment_issue
i have to change purchase {{Order Number}} i need assistanmce,other,order_change
I don't know what to do to check the options for delivery,delivery,delivery_options
can uhelp me requesting reimbursements of my money,refund,refund_request
can I speak with a person?,other,human_request
I do not know what to do to remove my standard account,account_access,account_management
need help seeing when my packageis going to arrive,delivery,delivery_delay
new {{Account Type}} acount,account_access,account_creation
i do not know what to do to see the ETA of order {{Order Number}},delivery,track_order
The registration form will not accept my email address,account_access,account_access
i do nog know how to notify of a problem with a signup,account_access,account_access
The app closes as soon as I open my shopping basket.,technical_support,technical_checkout_error
help to report an issue with online payment,payment,payment_issue
what do I ned to do to change to the {{Account Type}} account?,account_access,account_management
using pro accouny,account_access,account_management
wanna get reimbursements,refund,refund_request
"I can't afford order {{Order Number}}, how can I cancel it?",other,order_cancellation
could you help me updating the address?,delivery,delivery_address
help me to shop some of your product,other,product_information
help to ccreate a goddamn {{Account Type}} account,account_access,account_creation
assistance to request a rebate,refund,refund_request
I am trying to check the cancellation charges,other,cancellation_fee
i ned assistance to ask for a reimbursement,refund,refund_request
uhave an method to leave feedback,other,product_information
assistance to submit feedback about a service,other,product_information
need help notifying of an error with payment,payment,payment_issue
wanna contact customer assistance,other,human_request
hwat do i need to do to contact an operator,other,human_request
I need to take a quick look at my invoice #85632,other,invoice_request
wanna add a product to order {{Order Number}},other,order_change
"I no longer use the standard account, assistance removing it",account_access,account_management
How do I return the item and get my money back,refund,refund_request
how could I obtain rebates of money?,refund,refund_request
help checking in what cases can I request a refund,refund,refund_policy
help with payment,payment,payment_issue
"I ain't registered, I have got to open a {{Account Type}} account",account_access,account_creation
I need help to ask for restitutions of my mone,refund,refund_request
The order page crashes when I open my order history.,technical_support,technical_app_crash
where do I check the early termination charges?,other,cancellation_fee
could uhelp me switch  some articles of order {{Order Number}},other,order_change
where to cancel the subscription to ur company newsletter,other,newsletter
I get a blank screen when I try to check out on the customer portal.,technical_support,technical_checkout_error
I want assistance to cancel purchase {{Order Number}},other,order_cancellation
how can i get information about the delivery period,delivery,delivery_delay
show me bill #37777,other,invoice_request
I need hepl to report an error with online payment,payment,payment_issue
can you help me seeing the options for delivery?,delivery,delivery_options
help to lodge a customer reclamation against your company,other,general_complaint
I want help to report an issue with online payment,payment,payment_issue
updating detais on freemium account,account_access,account_management
how to cancel the subscriptipn to ur company newsletter,other,newsletter
help seeing what hours customer assistance available is,other,human_request
how can I cancel the corporate newsletter subscription?,other,newsletter
where to see how long it takes for the item to arrive?,delivery,delivery_delay
how to download the bills from {{Person Name}}?,other,invoice_request
I do not know how I can list the goddamn payment methods,payment,payment_methods
wanna remove some items from order {{Order Number}},other,order_change
"I can't open a profile, I have to report a sign-up issue",account_access,account_access
"I would like to downloasd bill #00108, can you help me?",other,invoice_request
help me to edit my address,delivery,delivery_address
how to check how soon can I expect my item?,delivery,delivery_delay
need assistance notifying of a signup issue,account_access,account_access
"I want to edit my user profile, how could I do it?",account_access,account_management
where to obtain rebates of my money?,refund,refund_request
help me download my bills from {{Person Name}},other,invoice_request
can ya help me requesting a rebate of my money,refund,refund_request
Opening the shopping app causes a crash on my device.,technical_support,technical_app_crash
could I make a goddamn reclamation?,other,general_complaint
shipping address not valid,delivery,delivery_address
help me to see in what cases can I ask for reimbursements,refund,refund_policy
how to notify of a problem with a registration,account_access,account_access
I do not know what I need to do to talk with a person,other,human_request
what do I hqve to do to create a platinum account?,account_access,account_creation
show me in which cases can I ask for refunds,refund,refund_policy
i want help getting the invoice #12588,other,invoice_request
want help seeing the ETA of the purchase {{Order Number}},delivery,track_order
wanna know more about delivery period find some information,delivery,delivery_delay
I have got to see the early exit penalpties,other,cancellation_fee
i do not know how i can receive ur corporate newsletter,other,newsletter
Setup for the robot vacuum fails with a server error.,technical_support,technical_device_setup
I don't know what I have to do to earn a few of your item,other,product_information
"I can no longer afford purchase {{Order Number}}, cancel it",other,order_cancellation
I do not know howq to report an error with online payments,payment,payment_issue
I'd like to dad an item to purchase {{Order Number}},other,order_change
"I have to see how soon can I expect the article, help me",delivery,delivery_delay
is it possible to talk to customer support?,other,human_request
can utell me about cancel the subscrption to ur newsletter,other,newsletter
"I have not signed up yet, how to create a {{Account Type}} account?",account_access,account_creation
i need assistance editing purchase {{Order Number}},other,order_change
I can no longer pay for order {{Order Number}},other,order_cancellation
i do not know what to do to lodge a customer reclamation,other,general_complaint
need assistance getting the invoice #12588,other,invoice_request
I don't know how to list the payment options,payment,payment_methods
I am trying to receive a compensation,refund,refund_request
whag do i need to do to cancel order {{Order Number}},other,order_cancellation
i need assistance to check the cancellation penalty,other,cancellation_fee
create new gold account,account_access,account_creation
how do I see your available payment modalities?,payment,payment_methods
want assistance to demand a refund of my money,refund,refund_request
how can I talk to customer assistance?,other,human_request
updating information on {{Account Type}} account,account_access,account_management
can uhelp me see what hours customer support available is,other,human_request
I cannot unsubscribe to your corporate newslwtter,other,newsletter
need help listing the payment methods,payment,payment_methods
i dont know what to do to talk with customre assistance,other,human_request
i hasve got to update purchase {{Order Number}},other,order_change
create new {{Account Type}} account,account_access,account_creation
how can I file a complaint against your organization?,other,general_complaint
need to purchase some of ur product,other,product_information
help seeing the termination fee,other,cancellation_fee
i dont know how to check purchase {{Order Number}} status,delivery,track_order
"I need to see the early termination charges, how to do it?",other,cancellation_fee
Notifications stopped working in the app,technical_support,technical_website_error
can ya help me inform of a trouble with payment,payment,payment_issue
could ya help me get my invoice #37777,other,invoice_request
want assistance checking the ETA of orfer {{Order Number}},delivery,track_order
i need assistance to checkur payment modalities,payment,payment_methods
wanna take an quick look at my bill #12588,other,invoice_request
I want to check when will my purchase arrive,delivery,delivery_delay
where do I see at what time I can contact customer support?,other,human_request
how can I check what payment methods are allowed?,payment,payment_methods
where can I set the secondary delivery address up?,delivery,delivery_address
I need to notify of troubles with online payment,payment,payment_issue
I want assistance to notify of troubles with payments,payment,payment_issue
help checking the eta of purchase {{Order Number}},delivery,track_order
how can i ask for a rebate,refund,refund_request
help me to see at what time i can reach customer service,other,human_request
I'm trying to see the rebate current status,refund,refund_pending
could I receive your fucking corporate newsletter?,other,newsletter
I want to check in which situations can I request refunds,refund,refund_policy
i need assistance filing a consumer claim against ur company,other,general_complaint
can you help me to see what options for delivery I have?,delivery,delivery_options
I try to speak to customer service,other,human_request
I do not know how I can make a customer reclamation,other,general_complaint
"I am trying to find the shipping periods, can you help me?",delivery,delivery_delay
i need help notifying of problems with a signup,account_access,account_access
help to cancel order {{Order Number}},other,order_cancellation
where can I find information about the methods for shipping?,delivery,delivery_options
question about opening user profiles,account_access,account_access
I call to make a customer claim,other,general_complaint
could you tell me about the options for shipping?,delivery,delivery_options
want help solving issues with online payment,payment,payment_issue
i need help seeing the goddamn eta of purchae {{Order Number}},delivery,track_order
I want to make a consumer claim against your organization,other,general_complaint
status of refund,refund,refund_pending
need help using the {{Account Type}} account,account_access,account_management
correctdata on gold account,account_access,account_management
i cant pay for order {{Order Number}},other,order_cancellation
how do i know if there are any updates on my rebate,refund,refund_pending
I do not know what to do to remove a damn platinum account,account_access,account_management
i have anissue modifying my address,delivery,delivery_address
support setting up my shipoing address,delivery,delivery_address
The transaction amount is different from the checkout total,payment,payment_issue
have problems with creating my standard account,account_access,account_creation
i have got to see order {{Order Number}} status i need assistane,delivery,track_order
I paid with UPI but the merchant says payment is missing,payment,payment_issue
where can I check the withdrawal fees?,other,cancellation_fee
how could I check how long it takes for my parcel to arrive?,delivery,delivery_delay
"I would like to create a {{Account Type}} account, how can I do it?",account_access,account_creation
I don't know how I can create a freemium account,account_access,account_creation
I don't know what to do to notify of payment errors,payment,payment_issue
i have paid {{Currency Symbol}}{{Refund Amount}} for an item i wanna get my money back,refund,refund_request
The website becomes unresponsive every time I view an order.,technical_support,technical_app_crash
can you help me switch an item of order {{Order Number}}?,other,order_change
help me reset my user pwd,account_access,account_access
i have to remove a item from order {{Order Number}} help me,other,order_change
where can I see if there are any updates on the restitution?,refund,refund_pending
i want an different bloody premium account for my wife,account_access,account_creation
how to subscribe to the newsletter?,other,newsletter
is it possible to request reimbursements of money?,refund,refund_request
"I want to see the ETA of order {{Order Number}}, I need help",delivery,track_order
i want assistance to notify of payment errors,payment,payment_issue
waht assistance changing the address,delivery,delivery_address
i do ont know how i can report an issue with payment,payment,payment_issue
I don't know how to see oder {{Order Number}} status,delivery,track_order
can you help me make a claim against your company?,other,general_complaint
ya have a way to send some feedack for ur company,other,product_information
check at what time I can contact customer service,other,human_request
I do not know how to open a damn freemium account,account_access,account_creation
"I lost bill #85632, could you find it for me?",other,invoice_request
uhave a way to leave an opinion for ur products,other,product_information
deleting something from order {{Order Number}},other,order_change
"I have got to see how soon can I expect my shipment, help me",delivery,delivery_delay
I'm trying to correct my shipping address,delivery,delivery_address
I do not know what to do to download the invoice #00108,other,invoice_request
check order {{Order Number}} current status,delivery,track_order
can ya help me ordering something,other,product_information
help me checking the withdrawal fees,other,cancellation_fee
help me see how soon can I expect the package,delivery,delivery_delay
how to switch some items of purchase {{Order Number}},other,order_change
I no longer want order {{Order Number}},other,order_cancellation
I want assistance seeing what shipping options you offer,delivery,delivery_options
i dont know what i habe to do to get my bill #85632,other,invoice_request
can ya help me to request a refund of my money,refund,refund_request
where to unsubscribe to your newsletter?,other,newsletter
could you help me see purchase {{Order Number}} current status?,delivery,track_order
help to swap an article of order {{Order Number}},other,order_change
need help to speak with somebody,other,human_request
wanna swap some items of order {{Order Number}},other,order_change
add some items to purchase {{Order Number}},other,order_change
need help seeing the termination chaeges,other,cancellation_fee
i want aswistance to set up the new delivery address,delivery,delivery_address
I don't know what I need to do to download the bill #00108,other,invoice_request
I don't know what I need to do to edit my user information,account_access,account_management
where do I restore the password of my account?,account_access,account_access
help me to see what payment paymnet modalities are available,payment,payment_methods
can you help me chatting with a person?,other,human_request
how do I update order {{Order Number}}?,other,order_change
Please help me reset my password,account_access,account_access
seebills from {{Person Name}},other,invoice_request
i do not know what to do to receive compensations of money,refund,refund_request
where do I see what fucking shipment methods are there?,delivery,delivery_options
i dont know what i have to do to look fopr my bill #00108,other,invoice_request
help me to unsubscribe from the company newsletter,other,newsletter
i need help notifying of registration issues,account_access,account_access
I do not recognize a payment of $250 from my account.,payment,payment_issue
need assistance seeing what delivery options are there,delivery,delivery_options
I need assistance with opening my premium account,account_access,account_creation
where do I inform of signup issues?,account_access,account_access
i cant subscribe to thecorporate newsletter,other,newsletter
wanna check the withdrawal penalty help me,other,cancellation_fee
I want help seeing in what cases can I ask for refunds,refund,refund_policy
can you help me see in which cases can I ask for refunds?,refund,refund_policy
"I am looking for the methods for shipment, I need help",delivery,delivery_options
My laptop order has not arrived after five days.,delivery,delivery_delay
where to set up my new shipping address?,delivery,delivery_address
ineed assistance receiving ur company newsletter,other,newsletter
"my experience with you was bad, how do I make a complaint?",other,general_complaint
I have problems with the removal of my {{Account Category}} account,account_access,account_management
I can't redtore my bloody user pwd,account_access,account_access
I want assistance notifying of an error with online payment,payment,payment_issue
need help to check what horus I can contact customer service,other,human_request
need help seeing your allowed payment modalities,payment,payment_methods
how can I send feedback about a service?,other,product_information
I can't swap several items of purchase {{Order Number}},other,order_change
want assistance informing of sign-up errors,account_access,account_access
"I paid {{Currency Symbol}}{{Refund Amount}} for a product, where can I get a fucking rebate?",refund,refund_request
I do not know how to see the termination fees,other,cancellation_fee
I don't know how to report problems with sign-up,account_access,account_access
The checkout payment was declined even though my details are correct.,payment,payment_issue
howcan i receive a reimbursement,refund,refund_request
"I need to track my compensation, could I get some help?",refund,refund_pending
"I need to open a new fucking standard account, help me",account_access,account_creation
I need to see in which cases can I request the damn refunds,refund,refund_policy
i cfannot see order {{Order Number}} current status,delivery,track_order
is it possible to check what shipping methods I have?,delivery,delivery_options
I can't swap some products of order {{Order Number}},other,order_change
help to check how soon can i expect the item,delivery,delivery_delay
I get error code C102 when I try to check out on the web store.,technical_support,technical_checkout_error
help  me cancelling purchase {{Order Number}},other,order_cancellation
I don't know how to check how soon can I expect my product,delivery,delivery_delay
help adding an item to purchase {{Order Number}},other,order_change
I have to notify of an registration issue,account_access,account_access
where could I file a consumer claim against your company?,other,general_complaint
can you help me canceling purchase {{Order Number}}?,other,order_cancellation
how do i locate my bills from {{Person Name}},other,invoice_request
help me to see what payment payment modalities are allowed,payment,payment_methods
I do not know what to do to notify of problems with payment,payment,payment_issue
i do not know how to check the early termination fee,other,cancellation_fee
I want assistance canceling purchyase {{Order Number}},other,order_cancellation
need assistance to cancel orer {{Order Number}},other,order_cancellation
I do not know how I could change my shipping address,delivery,delivery_address
can you help me to update order {{Order Number}}?,other,order_change
I do not know how to check what shipping options I have,delivery,delivery_options
where to see at what time I can call customer support?,other,human_request
I don't know what I have to do to see the early exit fees,other,cancellation_fee
I need assistance notifying of an error with online payment,payment,payment_issue
I requested a refund but it is still pending.,refund,refund_pending
I have an question about cancelling order {{Order Number}},other,order_cancellation
support updating my address,delivery,delivery_address
help me seeing what options for delivery you offer,delivery,delivery_options
"I want to see what shipment options I can choose, help me",delivery,delivery_options
I have to remove an item from order {{Order Number}},other,order_change
changing data on platinum account,account_access,account_management
see the allowed paymnet modalities,payment,payment_methods
i dont know how to notify of a registration problem,account_access,account_access
help to receive rebates of money,refund,refund_request
"I missed a product in order {{Order Number}}, how can I add it?",other,order_change
need to change several products of purchase113542617735902,other,order_change
will you show me what shipping methods are available?,delivery,delivery_options
Can I update the delivery address before dispatch,delivery,delivery_delay
how can i obtain a compensation of my money,refund,refund_request
locate bill{{Invoice Number}},other,invoice_request
The file upload stops at ninety percent,technical_support,technical_website_error
I want help seeing your allowed payment modalities,payment,payment_methods
could Iplace an order from {{Delivery City}}?,delivery,delivery_options
help me to check how soon can I expect the damn article,delivery,delivery_delay
i dont know what i need to do to download my invoice #85632,other,invoice_request
I have to check what shipment methods you offer,delivery,delivery_options
changing informatiln on gold account,account_access,account_management
need assistance to contcat an assistant,other,human_request
I'm looking for the options for delivery can i get some help,delivery,delivery_options
i do not know what to do to file a complaint,other,general_complaint
I do not know how I could enter my new delivery address,delivery,delivery_address
I want help creating a new damn standard account,account_access,account_creation
I have to file a consumer complaint,other,general_complaint
can i check how long it takes for my product to arrive,delivery,delivery_delay
I want to inform of a sign-up error,account_access,account_access
can you show me what delivery methods I can choose?,delivery,delivery_options
i haqve to see at what time i can contact customer service,other,human_request
can you direct to me a human agent?,other,human_request
assistance to check the early exit fees,other,cancellation_fee
The tracking status has not changed for four days,delivery,delivery_delay
i do not know how i can leave some feedback for ur company,other,product_information
I don't know how I can notify of issues with a registration,account_access,account_access
I do not know how to obtain rebates of money,refund,refund_request
The verification code never arrives,account_access,account_access
is there anaddress to send feedback for a service,other,product_information
can you show me when will myparcel arrive?,delivery,delivery_delay
i want assistance to get rebates of my money,refund,refund_request
"I forgot the bloody key of my account, where to retrieve it?",account_access,account_access
see in which situations can I request a refund,refund,refund_policy
"I expect a refund of {{Currency Symbol}}{{Refund Amount}}, has it been processed?",refund,refund_pending
help to list the payment emthods,payment,payment_methods
another platinum account,account_access,account_creation
I don't know how I can delete the freemium account,account_access,account_management
what do i need to do to remove the {{Account Type}} account,account_access,account_management
see how long refunds usually take,refund,refund_policy
create nbew {{Account Type}} account,account_access,account_creation
could you help me to open a {{Account Type}} account?,account_access,account_creation
give me information about opening {{Account Type}} accounts,account_access,account_creation
can I see in which cases can I request a refund?,refund,refund_policy
help seeing the methods for delivery,delivery,delivery_options
i do not know how i could casncel order {{Order Number}},other,order_cancellation
I try to check in what casescan I request a reimbursement,refund,refund_policy
I am calling to check when my purchase is going to arrive,delivery,delivery_delay
I want to restore the key of my account,account_access,account_access
I can't find the early termination fee,other,cancellation_fee
Opening the website causes a crash on my device.,technical_support,technical_app_crash
supportsetting a new shipping address up,delivery,delivery_address
i have to open a platinum account,account_access,account_creation
I cannot use the shopping app because it keeps crashing.,technical_support,technical_app_crash
i need help with canceling order {{Order Number}},other,order_cancellation
where can I inform of problems with payment?,payment,payment_issue
My payment was reversed without any explanation,payment,payment_issue
can you help me to cancel the newsletter subscription?,other,newsletter
tell me about modifying  my address,delivery,delivery_address
The web store crashes when I open my order history.,technical_support,technical_app_crash
would it be possible to check my compensation status,refund,refund_pending
can youshow me what hours I can contact customer support?,other,human_request
i dont know how i can see the ETA of purchase {{Order Number}},delivery,track_order
is it possible to cancel purchase {{Order Number}}?,other,order_cancellation
can ya help me opening a {{Account Category}} account,account_access,account_creation
I don't know what I have to do to see the delivery options,delivery,delivery_options
need help to see my rebate current status,refund,refund_pending
how do I see how soon can I expect the bloody delivery?,delivery,delivery_delay
can you help me see when my article is goong to arrive?,delivery,delivery_delay
i need assistance asdking for compensations,refund,refund_request
new bloody {{Account Type}} account for father,account_access,account_creation
"I have to check the early exit fees, help me",other,cancellation_fee
will you give me information about updating the address?,delivery,delivery_address
help me find my fucking invoices from {{Person Name}},other,invoice_request
can you help me see how soon can I expect the order?,delivery,delivery_delay
I need help with cancelling order {{Order Number}},other,order_cancellation
want assistance to make a reclamation against your business,other,general_complaint
can ya help me ask for restitutions of my money,refund,refund_request
help me obtaining a rebate of money,refund,refund_request
wanna chec order {{Order Number}} status,delivery,track_order
help me informing of a sign-up error,account_access,account_access
I don't know how to check the early exit charge,other,cancellation_fee
assistance with canceling purchase {{Order Number}},other,order_cancellation
help lodging a consumer reclamation against your business,other,general_complaint
question about canceling a bloody purchase,other,order_cancellation
wanna remoev a bloody article from order {{Order Number}},other,order_change
how do I see how soon can I expect the goddamn product?,delivery,delivery_delay
I'm waiting for a goddamn compensation of {{Refund Amount}} dollars,refund,refund_pending
I don't know how to cancel purchase {{Order Number}},other,order_cancellation
I want help to cancel order {{Order Number}},other,order_cancellation
how could I check what methods for delivery I can choose?,delivery,delivery_options
"I have to check how soon can I expect my parcel, help me",delivery,delivery_delay
help me seeing your damn refund policy,refund,refund_policy
I do not know what I need to do to inform of a payment issue,payment,payment_issue
i havent registeredhelp opening a pro account with you,account_access,account_creation
i need help trying to correct my shipping address,delivery,delivery_address
"I have to check my restitution current status, how to do it?",refund,refund_pending
I want assistance to reset the PIN of my  profile,account_access,account_access
The order page keeps rejecting my correct login details.,technical_support,technical_login_error
I am trying to cancel purchaes {{Order Number}},other,order_cancellation
can I check what delivery options I have?,delivery,delivery_options
there are troubles editing my shipping address,delivery,delivery_address
I don't know how to see the allowed payment methods,payment,payment_methods
can i inform of registration issues,account_access,account_access
do you ship to {{Delivery Country}}?,delivery,delivery_options
can ya help me checking the early termination  penalties,other,cancellation_fee
problem with changing purchase {{Order Number}},other,order_change
I want help ordering several articlers,other,product_information
I want to return this item because it is defective,refund,refund_request
I don't know what I have to do to set up my shipping address,delivery,delivery_address
want help to swap several items of order {{Order Number}},other,order_change
wanna see how long it usually takes for the order to arrive,delivery,delivery_delay
I do not know what to do to demand my money back,refund,refund_request
help me to check when my item is gonna arrive,delivery,delivery_delay
I can't edit order {{Order Number}},other,order_change
"I do not want this article, cancel order {{Order Number}}",other,order_cancellation
I want help receoving the newsletter,other,newsletter
The checkout page will not complete my order in the shopping app.,technical_support,technical_checkout_error
help getting in touch with customer support,other,human_request
i dont know what ihave to do to find my bill #37777,other,invoice_request
"I am waiting for a refund of {{Currency Symbol}}{{Refund Amount}}, was it processed",refund,refund_pending
I received only part of my shipment,delivery,delivery_delay
what do i need to do to speak with a live agent,other,human_request
i do not kow how i can create a platinum account,account_access,account_creation
can I edi order {{Order Number}}?,other,order_change
Buttons on the mobile app do nothing when I click them.,technical_support,technical_website_error
I don't know how I can get in touch with customer support,other,human_request
i have got to file a customer claim,other,general_complaint
i want help to see the status of my compensation,refund,refund_pending
is it possible to send some feedback about your company?,other,product_information
I don't know how I can send some feedback about a product,other,product_information
update info on standard account,account_access,account_management
Please fix the checkout error in the shopping app; I cannot finish my order.,technical_support,technical_checkout_error
can you help me to see when my product is going to arrive?,delivery,delivery_delay
assistance obtaining a refund of money,refund,refund_request
where can i order somedthing,other,product_information
issues with payments,payment,payment_issue
I want help to add a product to order {{Order Number}},other,order_change
I need to create a pro account,account_access,account_creation
assistance cancelling order {{Order Number}},other,order_cancellation
problem with an access key reset,account_access,account_access
where do i check what hours i can call customer assistance,other,human_request
I need help to solve a problem with payments,payment,payment_issue
how to swap several items of purchase {{Order Number}},other,order_change
I am calling to leave a review about a service,other,product_information
help me requesting compensations,refund,refund_request
need help reporting a problem with registrations,account_access,account_access
modify details on gold account,account_access,account_management
The customer portal shows a blank screen after I press place order.,technical_support,technical_checkout_error
"I want to update the damn user data, how could I do it?",account_access,account_management
Buttons on the customer portal do nothing when I click them.,technical_support,technical_website_error
how do i cancel order {{Order Number}},other,order_cancellation
how do i report problems with a registration,account_access,account_access
I do not know what I need to do to see my rebate status,refund,refund_pending
help me to reset the pass of my user account,account_access,account_access
I don't know what to do to see the available payment methods,payment,payment_methods
can uhelp me to see how long reimbursements usually take,refund,refund_policy
My return label has expired and I need help,refund,refund_request
where can i check how soon can i expect the package,delivery,delivery_delay
I need to switch an article of order {{Order Number}},other,order_change
The mobile app keeps rejecting my correct login details.,technical_support,technical_login_error
"I want to check the early exit fees, can you help me?",other,cancellation_fee
I can't remove some articles from purchase {{Order Number}},other,order_change
i neee assistance to report problems with online payment,payment,payment_issue
wanna check purchase {{Order Number}} status,delivery,track_order
I do not know how I could see order {{Order Number}} status,delivery,track_order
"I have got to enter a delivery address, I need assistance",delivery,delivery_address
The order page keeps showing a loading error; can technical support investigate?,technical_support,technical_website_error
i need help writing an opinion for a service,other,product_information
i have got to see in which cases can i request my money back,refund,refund_policy
have problems with cancelling purchase {{Order Number}},other,order_cancellation
i try to check how soon can i expect the product,delivery,delivery_delay
i want assistance informing of an error with bloody sign-up,account_access,account_access
i need help to check the rebate current status,refund,refund_pending
i want asistance to check the damn ETA of order {{Order Number}},delivery,track_order
can uhelp me creating a {{Account Type}} account for my dad,account_access,account_creation
i have to check the payment methods,payment,payment_methods
I need assistance opening a pro account for my daughter,account_access,account_creation
need help downloading the invoices from {{Person Name}},other,invoice_request
can you help me seeing your refund policy?,refund,refund_policy
I cannot unsubscribe to the goddamn corporate newsletter,other,newsletter
I need help to check what shipment methods are available,delivery,delivery_options
i do not know what i have to do to get my bill #37777,other,invoice_request
I try to see the payment methods,payment,payment_methods
creating premium account,account_access,account_creation
"I paid {{Currency Symbol}}{{Refund Amount}} for this order, help me to get a rebate",refund,refund_request
is it possible to notify of an error with payments,payment,payment_issue
I am calling to lodge a customer claim against your company,other,general_complaint
need to file a bloody consumer reclamation how can i do it,other,general_complaint
is it possible to notify of an error with payment,payment,payment_issue
"I want to check when will my product arrive, how do I do it?",delivery,delivery_delay
The Bluetooth headset will not connect to the order page.,technical_support,technical_device_setup
showing me order {{Order Number}} current status,delivery,track_order
I need assistance shopping an article,other,product_information
I don't know what to do to shop some goddamn items,other,product_information
help to check what shipping options i have,delivery,delivery_options
i cant find anything about the cancellation fees,other,cancellation_fee
help me to see in what situations can i request a refund,refund,refund_policy
wanna check ur money back guarantee how can  i do it,refund,refund_policy
Can I get a refund if the product does not fit,refund,refund_request
Push notifications are delayed by several hours,technical_support,technical_website_error
I want  a {{Account Category}} account,account_access,account_creation
how can I submit a secondary delivery address?,delivery,delivery_address
I need hdlp to submit my feedback for a product,other,product_information
i have to enter a different delivery address,delivery,delivery_address
see in what cases can I ask for a refund,refund,refund_policy
I'm waiting for a ocmpensation of {{Refund Amount}} dollars,refund,refund_pending
The mobile app freezes and then shuts down before I can use it.,technical_support,technical_app_crash
I expect an reimbursement of {{Currency Symbol}}{{Refund Amount}},refund,refund_pending
"I want to check the shipping options, can I get some help?",delivery,delivery_options
I want help to check the cancellation penalty,other,cancellation_fee
assistance writing  an opinion for your company,other,product_information
wanna check order {{Order Number}} status can uhelp me,delivery,track_order
find information about lost access key,account_access,account_access
what do I need to do to make a customer reclamation?,other,general_complaint
I have problems with  an address correction,delivery,delivery_address
I need help to contact an assistant,other,human_request
get refund of money,refund,refund_request
I get a loading error when I try to check out on the order page.,technical_support,technical_checkout_error
i have a question about creating a {{Account Type}} account,account_access,account_creation
file reclamation against your organization,other,general_complaint
I paid for my order but the payment shows an error.,payment,payment_issue
I have  got to see the termination charges,other,cancellation_fee
i need help to see the early exit charrges,other,cancellation_fee
I want assistance to see your money back policy,refund,refund_policy
problems with a goddamn address update,delivery,delivery_address
"you aren't helpful at all, can I contact somebody?",other,human_request
i cannot create a platinum account,account_access,account_creation
lodging consuer complaint,other,general_complaint
give me information about creating pro accounts,account_access,account_creation
The app is very slow after the update,technical_support,technical_website_error
refund status,refund,refund_pending
I don't know how I could notify of a problem with a sign-up,account_access,account_access
I have to cancel order {{Order Number}},other,order_cancellation
want help to see the eta of purchase {{Order Number}},delivery,track_order
I need help setting up my smart speaker with the mobile app.,technical_support,technical_device_setup
I call to leave a review,other,product_information
I'd like to look for my bill #37777 could uhelp me,other,invoice_request
is it possible to purchase several bloody items?,other,product_information
help seeing in which cases can I request to be refunded,refund,refund_policy
I don't know how to list your allowed payment options,payment,payment_methods
updating premium accojnt,account_access,account_management
i need help to get the bill #85632,other,invoice_request
can I check purchase {{Order Number}} status?,delivery,track_order
open a platinum account,account_access,account_creation
I need assistance to see the withdrawal fees,other,cancellation_fee
can ya help me to send some feedback about a service,other,product_information
I see a broken page in the order page when I search for a product.,technical_support,technical_website_error
i cant report sign-up problems,account_access,account_access
help me to use the gold profile,account_access,account_management
do you ship  to {{Delivery Country}}?,delivery,delivery_options
where can I see when my package is going to arrive?,delivery,delivery_delay
Where can I track my order,delivery,delivery_delay
i want help to open a {{Account Category}} account for my dad,account_access,account_creation
opdn freemium account,account_access,account_creation
where can I see the early termination charge?,other,cancellation_fee
can uhelp me knowing if there are any news on my restitution,refund,refund_pending
want assistance seeing ur money back guarantee,refund,refund_policy
i want help to demand a restitution of my money,refund,refund_request
"I need to see what shipment options are available, help me",delivery,delivery_options
I receive a a server error message whenever I try to access my account on the shopping app.,technical_support,technical_login_error
I have got to see what methods for delivery I have,delivery,delivery_options
want help to solve errors with payment,payment,payment_issue
"I need to correct order {{Order Number}}, could you help me?",other,order_change
i dont knoq how i can report errors with payments,payment,payment_issue
I have to earn several of your product,other,product_information
i need assistance to reset the pin code of my account,account_access,account_access
give me information about opening a {{Account Type}} account,account_access,account_creation
I watn to leave a comment about a product,other,product_information
can you help me to report a problem with online payment?,payment,payment_issue
The website shows an error when I upload a file,technical_support,technical_website_error
wanna check in which cases can i ask for a refund,refund,refund_policy
what is order {{Order Number}} crrent status,delivery,track_order
"I want to see how soon can I expect the order, how to do it?",delivery,delivery_delay
Why was I charged an extra amount at checkout?,payment,payment_issue
where do I check how long it takes for my item to arrive?,delivery,delivery_delay
is it possible to see the withdrawal penalties,other,cancellation_fee
how can I talk to somebody?,other,human_request
i dont know what i need to do to send some feedback,other,product_information
I need technical help because my new wireless printer will not turn on.,technical_support,technical_product_malfunction
wanna obtain fucking compensations,refund,refund_request
help me seeing purchase {{Order Number}} status,delivery,track_order
i dont know what i need to do to get the bill #37777,other,invoice_request
"I am unsatisfied with your services, how can I make a claim?",other,general_complaint
I do not know what I have to do to edit the address,delivery,delivery_address
need to reset the password  of my user account,account_access,account_access
seeing the available options for shipping,delivery,delivery_options
help me check the early termination fees,other,cancellation_fee
can you give me information about standard account removals?,account_access,account_management
I need to see in what situations can I request refunds,refund,refund_policy
I need help demanding a compensation,refund,refund_request
how to cancel purchase {{Order Number}}?,other,order_cancellation
"I have got to lodge a complaint, can I get some help?",other,general_complaint
assistance to see purchase {{Order Number}} status,delivery,track_order
i need  information about receiving ur newsletter,other,newsletter
How do I contact customer service during weekends,other,general_complaint
"I want to recover my user profile key, can you help me?",account_access,account_access
i need assistance to create a premium account,account_access,account_creation
I want help updating order {{Order Number}},other,order_change
I have to subscribe to your newsletter,other,newsletter
I need to check at what time I can reach custome assistance,other,human_request
i want help listing ur payment options,payment,payment_methods
I do not know how I can change my delivery address,delivery,delivery_address
i wan assistance checking how soon can i expect the purchase,delivery,delivery_delay
I have got to leave an opinion for your company,other,product_information
I want help to talk with a human agent,other,human_request
"I can't afford this item, I try to cancel order {{Order Number}}",other,order_cancellation
can ya help me demand a rebate of money,refund,refund_request
I need assistance to chat with a fucking human agent,other,human_request
i do not know how to create a {{Account Category}} account,account_access,account_creation
I have troubles updating my delivery address,delivery,delivery_address
i have to earn several proucts help me,other,product_information
I would like to see what hours I can call customer support,other,human_request
i need assistance to see when my article is  gonna arrive,delivery,delivery_delay
I'm calling to leave my feedback,other,product_information
i have problems with opening a pro account,account_access,account_creation
I cannot use the customer portal because it keeps crashing.,technical_support,technical_app_crash
"I made a mistake, help me to modify order {{Order Number}}",other,order_change
I  have got to lodge a consumer complaint,other,general_complaint
"I want to delete the goddamn pro account, how can I do it?",account_access,account_management
I need help speaking to somebody,other,human_request
I want to know about editing my delivery address,delivery,delivery_address
how can I check your payment methods?,payment,payment_methods
I want help canceling order {{Order Number}},other,order_cancellation
can i open a {{Account Type}} account for mh dad,account_access,account_creation
can uhelp me unsubscribing from the company newsletter,other,newsletter
I do not know how I can chat with an agent,other,human_request
is it possible to order from {{Delivery Country}}?,delivery,delivery_options
I'm calling to lodge a claim against ur company,other,general_complaint
i dont know how to see how soon can i expect my item,delivery,delivery_delay
I want assistance submitting my new shipping address,delivery,delivery_address
Please explain how to start a refund request.,refund,refund_request
modifying info on standard accoumt,account_access,account_management
is it possible to chec my bill #37777,other,invoice_request
help me seeing if there are any updates on the reimbursement,refund,refund_pending
can you help me to locate the bill from {{Person Name}}?,other,invoice_request
help me check the shipment options,delivery,delivery_options
i cant delete a prodcut from purchase {{Order Number}},other,order_change
i cant add something to order {{Order Number}},other,order_change
i dont know how to ask for a refund of my money,refund,refund_request
I do not know what I need to do to restore my PIN code,account_access,account_access
can uhlp me to see the status of my newsletter subscription,other,newsletter
i have got to see at what time customer support available is,other,human_request
i have paid {{Currency Symbol}}{{Refund Amount}} for this item i wanna obtai a rebate,refund,refund_request
notify of a signup issue,account_access,account_access
I don't know how to file a consumer complaint,other,general_complaint
The app becomes unresponsive after I sign in.,technical_support,technical_app_crash
I would like to report a fucking registration error,account_access,account_access
"I would like to set the shipping address up, I need help",delivery,delivery_address
where can I see order {{Order Number}} status?,delivery,track_order
can you help me notifying of issues with a registration?,account_access,account_access
wat help to see the ETA of purchase {{Order Number}},delivery,track_order
I have an error updating my address,delivery,delivery_address
want assistance to cancel order {{Order Number}},other,order_cancellation
can you help me cancel my subscription to the newsletter?,other,newsletter
I have got to check how soon can I expect the goddamn order,delivery,delivery_delay
need help notifying of an issue with payments,payment,payment_issue
"the shipping address has changed, how can I correct it?",delivery,delivery_address
i purchased something how to cancel order {{Order Number}},other,order_cancellation
where can I make a customer complaint against your business?,other,general_complaint
I want help to track the compensation,refund,refund_pending
create standard cacount,account_access,account_creation
"I have tounsubscribe from the newsletter, help me",other,newsletter
I have errors trying to edit the address,delivery,delivery_address
i do not know what i have to do to see the early exit fees,other,cancellation_fee
I am trying to lodge a complaint against your organization,other,general_complaint
I have an issue submitting a shipping address,delivery,delivery_address
I need help to speak to somebody,other,human_request
can I place a bloody order from {{Delivery City}}?,delivery,delivery_options
How can I configure my new security camera in the web store?,technical_support,technical_device_setup
how to make an reclamation against your company?,other,general_complaint
Buttons on the order page do nothing when I click them.,technical_support,technical_website_error
can you help me receiving your fucking corporate newslettee?,other,newsletter
wanna modify purchase {{Order Number}},other,order_change
where to check the termination fee?,other,cancellation_fee
what do I need to do to acquire an item?,other,product_information
i need assistance to add some products to order {{Order Number}},other,order_change
i do not know how i can check the eta of order {{Order Number}},delivery,track_order
I want help checking how long the shipment takes,delivery,delivery_delay
"I have to acquire some of your article, how to do it?",other,product_information
anything new on my goddamn reimbursement,refund,refund_pending
can you help me see how soon can I expect my item?,delivery,delivery_delay
what do I ned to do to cancel order {{Order Number}}?,other,order_cancellation
check under which circumstances can I request my money back,refund,refund_policy
help me  receiving ur corporate newsletter,other,newsletter
remove standard account,account_access,account_management
wannasee in what situations can i ask to be refunded,refund,refund_policy
I would like to see what goddamn delivery options I have,delivery,delivery_options
help making a customer complaint against your business,other,general_complaint
How do I request a refund for order ORD-78901?,refund,refund_request
"I need to set my shipping address up, how do I do it?",delivery,delivery_address
check in what cases can i request to be refunded,refund,refund_policy
check purchase {{Order Number}} statsu,delivery,track_order
what do I need to do to ask for rebates?,refund,refund_request
"I can't pay for this item, can I cancel order {{Order Number}}?",other,order_cancellation
get invoices from {{Person Name}},other,invoice_request
help me change something of order {{Order Number}},other,order_change
I need help with an address update,delivery,delivery_address
can i check the cancellation charges,other,cancellation_fee
is it possible to notify of issues with online payment?,payment,payment_issue
how to earn several articles,other,product_information
how to check bill #00108?,other,invoice_request
I want help to order several of your item,other,product_information
is it possible to unsubscribe to the company newsletter?,other,newsletter
My smart speaker is not recognised by the mobile app.,technical_support,technical_device_setup
need to inform of issues with payment,payment,payment_issue
help to see inwhich situations can I ask to be refunded,refund,refund_policy
i have got to modify purchase {{Order Number}} help me,other,order_change
I don't know how to see the withdrawal charge,other,cancellation_fee
what do I need to do to cancel purchase {{Order Number}}?,other,order_cancellation
I have got to see what shipment options I can choose,delivery,delivery_options
i try to check how long itg takes for the shipment to arrive,delivery,delivery_delay
I cannot find anything about the termination penalties,other,cancellation_fee
i do not know what i have to do to locate bill #00108,other,invoice_request
I want assistance seeing what payment methods are accepted,payment,payment_methods
"I cannot understand you, I have to contact a person",other,human_request
is it possible to see ur payment modalities,payment,payment_methods
i have to get my damn invoice from {{Person Name}} i need help,other,invoice_request
how can I report a trouble with online payment?,payment,payment_issue
uhave a free number to talk to customer service,other,human_request
I do not know how I can create a {{Account Type}} account,account_access,account_creation
i need help to check in which cases can i ask for refunds,refund,refund_policy
inform of payment problems,payment,payment_issue
assistance to receive reimbursements,refund,refund_request
I need technical help because my new robot vacuum will not turn on.,technical_support,technical_product_malfunction
help me seeing in which situations can I ask for a refund,refund,refund_policy
can you help me acquire several products?,other,product_information
i nmeed assistance removing some products,other,order_change
I have to file a customer claim,other,general_complaint
how can i contact customer support,other,human_request
I try to lodge a customer complaint,other,general_complaint
want assistance to get rebates of my money,refund,refund_request
cfan you help me speak to customer service?,other,human_request
can ya help me notify of problems with sign-up,account_access,account_access
want assistance to see the terminatoin charges,other,cancellation_fee
could I know if there are any news on my reimbursement?,refund,refund_pending
I don't know how I can see the termination fee,other,cancellation_fee
The website page displays error code E500 instead of my account.,technical_support,technical_website_error
i do not know how i can see the early exit charges,other,cancellation_fee
"I expect a restitution of {{Currency Symbol}}{{Refund Amount}}, was it processed already",refund,refund_pending
i lost the bill from {{Person Name}} send it to me,other,invoice_request
The smart speaker is defective and does not operate as described.,technical_support,technical_product_malfunction
I need assistance canceling purchase {{Order Number}},other,order_cancellation
errors setting up a different shipping address,delivery,delivery_address
Someone may have accessed my account,account_access,account_access
I am calling to see how soon can I expect the shipment,delivery,delivery_delay
assistance with canceling oreder {{Order Number}},other,order_cancellation
I don't know how to chat with an operator,other,human_request
i do not know what to do to notify of registration issues,account_access,account_access
how do I check when will my purchase arrive?,delivery,delivery_delay
how to see the rebate current status?,refund,refund_pending
i need assistance creating a platinum account,account_access,account_creation
There is an unfamiliar charge on my payment statement.,payment,payment_issue
i do not have a goddamn pro acciunt yet help to create one,account_access,account_creation
I want assistance giving a quick look at my invoice #12588,other,invoice_request
The mobile app becomes unresponsive every time I view an order.,technical_support,technical_app_crash
II need help downloading the invoices from {{Person Name}},other,invoice_request
I have to inform of damn problems with payment,payment,payment_issue
cancel pro acount,account_access,account_management
check withdrawal charge,other,cancellation_fee
"I can't understand you, assistance speaking to an assistant",other,human_request
"my experience with you has been bad, make a customer claim",other,general_complaint
help to list the accepted payment options,payment,payment_methods
can you help me check how soon can I expect the product?,delivery,delivery_delay
I do not know how I could unsubscribe to your newsletter,other,newsletter
I cannot sign in to the order page; it says a loading error.,technical_support,technical_login_error
help em to report an issue with payment,payment,payment_issue
I do not know how to see the status of order {{Order Number}},delivery,track_order
ido not know what i need to do to get the invoice #37777,other,invoice_request
need to create an {{Account Type}} account,account_access,account_creation
i cannot make a transfer help to report damn payment issues,payment,payment_issue
can i place an order from {{Delivery City}},delivery,delivery_options
create gold cacount,account_access,account_creation
I would like information about a {{Account Type}} account removal,account_access,account_management
where do I inform of errors with online payments?,payment,payment_issue
where do I sign up to your newsletter?,other,newsletter
where do i receive a compensation of moneyh,refund,refund_request
help unsubscribing from your newsletter,other,newsletter
where can i inform of a paymen error,payment,payment_issue
I want to know about cancelling my newsletter subscription,other,newsletter
"I have got to cancel purchase {{Order Number}}, help me",other,order_cancellation
how can i check how long it takes for the delivery to arrive,delivery,delivery_delay
I received less money than the approved refund,refund,refund_request
How can I configure my new fitness tracker in the customer portal?,technical_support,technical_device_setup
"I need to change an item of purchase {{Order Number}}, help me",other,order_change
where do i ilst the accepted payment modalities,payment,payment_methods
could you help me notify of problems with a sign-up?,account_access,account_access
I don't know how I can list the payment options,payment,payment_methods
I call to check how long it takes for the purchase to arrive,delivery,delivery_delay
how long does it take for a delivery to arrive?,delivery,delivery_delay
help me change purchase {{Order Number}},other,order_change
I cannot sign up to your corporate newsletter,other,newsletter
I want help to check how long reimbursements take,refund,refund_policy
i dont know how to inform of payment errors,payment,payment_issue
The wireless printer is defective and does not operate as described.,technical_support,technical_product_malfunction
I need to recover access to my old profile,account_access,account_access
I do not know what I need to do to speak to a person,other,human_request
want help to enter the goddamn delivery address,delivery,delivery_address
where can i get information about lost pin,account_access,account_access
can yahelp me getting a compensation,refund,refund_request
need help to correc order {{Order Number}},other,order_change
can you show me in what cases can I request refunds?,refund,refund_policy
is it possible to notify of errors with payments?,payment,payment_issue
I don't know what to do to speak to someone,other,human_request
"I cannot open a profile, I have to report a signup error",account_access,account_access
"I cannot pay, assistance reporting a trouble with payments",payment,payment_issue
want help checking how soon can I expect myy product,delivery,delivery_delay
I want assistance to download my bill #85632,other,invoice_request
help me see in what situations can i request to be refunded,refund,refund_policy
I want help seeing your payment methods,payment,payment_methods
help me to cancel my newsletter subscription,other,newsletter
i want assisgance cancelling order {{Order Number}},other,order_cancellation
I need help seeing how long reimbursements usually take,refund,refund_policy
help checking in which cases can I ask for reimbursements,refund,refund_policy
new bloody {{Account Type}} account,account_access,account_creation
rebating {{Refund Amount}} dollars,refund,refund_request
eta of order {{Order Number}},delivery,track_order
where can I list the payment options?,payment,payment_methods
can you help me to see how long the delivery takes?,delivery,delivery_delay
what is order {{Order Number}} current status,delivery,track_order
i dont know what i have to do to receive thenewsletter,other,newsletter
how long till I receive my refund of money ?,refund,refund_request
assistance to file a claim against ur company,other,general_complaint
can I cancel my subscription to the corporate newsletter?,other,newsletter
i need help to see the allowee payment options,payment,payment_methods
I want help seeing in what cases can I ask to be refunded,refund,refund_policy
I have to see how long it takes for the shipment to arrive,delivery,delivery_delay
help me to lodge a consumer claim,other,general_complaint
create freemium account,account_access,account_creation
can you show me the withdrawal fee?,other,cancellation_fee
I am having sign-up errors,account_access,account_access
I need assistance cancelling purchase {{Order Number}},other,order_cancellation
"I have got to modify purchase {{Order Number}}, how do I do it?",other,order_change
how can I get information about a gold account deletion?,account_access,account_management
i try to get the invoice from {{Person Name}},other,invoice_request
need assistance purchasing some of ur article,other,product_information
can uhelp me to contact somebody,other,human_request
Setup for the security camera fails with error code C102.,technical_support,technical_device_setup
i dont know how to inform of a trouble with payment,payment,payment_issue
can ya help me solving issues with online payment,payment,payment_issue
how do i file a consumer claim against ur business,other,general_complaint
I have problems with creating my {{Account Type}} acount,account_access,account_creation
i do not know what to do to earn some items,other,product_information
wanna know about the subscription to the company newsletter,other,newsletter
The customer portal keeps rejecting my correct login details.,technical_support,technical_login_error
wanna remove a {{Account Type}} account can ya helpme,account_access,account_management
can you help me to make a claim against your company?,other,general_complaint
I need help listing your payment modalities,payment,payment_methods
how do i check the status of purchase {{Order Number}},delivery,track_order
I can't unsubscrie to the newsletter,other,newsletter
how to inform of a payment issue,payment,payment_issue
I can't find anything about the termination penalty,other,cancellation_fee
modifying information on gold account,account_access,account_management
is it possible to purchase several articles,other,product_information
could you help me receiving the corporate newsletter?,other,newsletter
edit details oon gold account,account_access,account_management
canceling standard account,account_access,account_management
The checkout page will not complete my order in the website.,technical_support,technical_checkout_error
I see a broken page in the web store when I search for a product.,technical_support,technical_website_error
need to correct the bloody details included on my account,account_access,account_management
open platinum cacount for wife,account_access,account_creation
"I have to see bill #85632, I need help",other,invoice_request
"I can't open a profile, I want to report signup problems",account_access,account_access
"I don't want this article, cancel order {{Order Number}}",other,order_cancellation
can ya help me to see the ETA of order {{Order Number}},delivery,track_order
I am trying to see the cancellation fee,other,cancellation_fee
i have got to see in which situations can i request a refund,refund,refund_policy
I want help informing of sign-up errors,account_access,account_access
The shopping app shows a server error after I press place order.,technical_support,technical_checkout_error
"I haveto locate my bills from {{Person Name}}, how to do it?",other,invoice_request
I need help with canxeling purchase {{Order Number}},other,order_cancellation
I'm waiting for a rebate of {{Currency Symbol}}{{Refund Amount}},refund,refund_pending
check purchase {{Order Number}} goddamn status,delivery,track_order
i need assistance to get rebates,refund,refund_request
give me information about the options for shipping,delivery,delivery_options
can uhelp me to talk to a person,other,human_request
want help to send feedback about a product,other,product_information
I do not know how to check the delivery methods,delivery,delivery_options
"I entered a wrong shipping address, I need help to modify it",delivery,delivery_address
where to see if there are any updates on my restitution,refund,refund_pending
help me report problems with online payment,payment,payment_issue
help me receive ur newsletter,other,newsletter
I want help to use the {{Account Category}} account,account_access,account_management
reimburse {{Currency Symbol}}{{Refund Amount}},refund,refund_request
I do not know what to do to receive rebates of my money,refund,refund_request
is it possible to see the termination fees,other,cancellation_fee
I am trying to check the accepted payment modalities,payment,payment_methods
can i see tye eta of purchase {{Order Number}},delivery,track_order
The security camera will not connect to the web store.,technical_support,technical_device_setup
I want help to see the options for shipment,delivery,delivery_options
how can I update the user info?,account_access,account_management
Checkout freezes when I press place order.,technical_support,technical_checkout_error
wanna track purchase {{Order Number}},delivery,track_order
wqhere to see purchase {{Order Number}} current status,delivery,track_order
i want assistance to file a customer reclamagion,other,general_complaint
what do i need to do to find my bill #37777,other,invoice_request
My card was charged twice for the same purchase,payment,payment_issue
need to locate my invoice #37777 how do i do it,other,invoice_request
"I have to see the shipping options, I need help",delivery,delivery_options
A technical error prevents me from using the web store.,technical_support,technical_website_error
Please check the status of my refund; it has taken too long.,refund,refund_pending
I need help seeing how long reimbursements take,refund,refund_policy
"I need to know if there are any news on my rebate, help me",refund,refund_pending
want help to see the shipping options,delivery,delivery_options
is it possible to restore my user PIN?,account_access,account_access
could I know if there is anything new on my compensation?,refund,refund_pending
assistance to leave feedback about ur products,other,product_information
want help checking how soon can i expect my shipment,delivery,delivery_delay
My customer portal closes unexpectedly after the latest update.,technical_support,technical_app_crash
what do i need to do to see the status of the rebate,refund,refund_pending
"I want to switch an item of order {{Order Number}}, how can I do it?",other,order_change
Something is wrong with the Bluetooth headset; it fails during normal use.,technical_support,technical_product_malfunction
how to check how long it takes for the parcel to arrive?,delivery,delivery_delay
"I have to correct purchase {{Order Number}}, can you help me?",other,order_change
talk to customer assistance,other,human_request
how can i get a refund,refund,refund_request
Where can I find my tracking number?,delivery,track_order
I don't know what I need to do to close the damn {{Account Type}} account,account_access,account_management
how to check the current status of purchase {{Order Number}}?,delivery,track_order
I try to speak to an operator,other,human_request
help me check what goddamn shipping options are available,delivery,delivery_options
would it be possible to lolok for my bill #12588,other,invoice_request
i have to notify of sign-up issues,account_access,account_access
I need assistance with a shipping address update,delivery,delivery_address
where do I see the status of purchase {{Order Number}}?,delivery,track_order
remove product from purchase {{Order Number}},other,order_change
ya have an address to submit some feedback abouta product,other,product_information
i cannot make payments help to report an error,payment,payment_issue
what do I have to do to see the allowed payment methods?,payment,payment_methods
assistance to obtain a restitution of my money,refund,refund_request
"I would like to see what shipment methods I have, help me",delivery,delivery_options
notify of problems creating user,account_access,account_access
could you tell me more about changing the delivery address?,delivery,delivery_address
I call to see how long it takes for my purchase to arrive,delivery,delivery_delay
"I need to see how soon can I expect my item, how to do it?",delivery,delivery_delay
is it possible to lodge a bloody customer claim?,other,general_complaint
I want help subscribing to your newsletter,other,newsletter
help me to see the status of order {{Order Number}},delivery,track_order
"I made a mistake, I want help editing order {{Order Number}}",other,order_change
where do i lodge a reclamation against ur business,other,general_complaint
i have got to inform of issues with payments,payment,payment_issue
can I check in what cases can I request a reimbursement?,refund,refund_policy
can you help me seeing the cancellation charge?,other,cancellation_fee
can uhelp me to cancel purchase {{Order Number}},other,order_cancellation
edit information on platinum account,account_access,account_management
I want assistance cancelling the newsletter subscription,other,newsletter
I'm trying to set a different delivery address up,delivery,delivery_address
help seeing how soon can I expect my product,delivery,delivery_delay
what do I need to do to inform of isues with payments?,payment,payment_issue
i have got to get restitutions of my money,refund,refund_request
wany help to reset the access key of my account,account_access,account_access
there are troubles modifying the shipping address,delivery,delivery_address
i paid {{Currency Symbol}}{{Refund Amount}} for this order want help getting an rebate,refund,refund_request
need to speak with somebody,other,human_request
i need assistance to cancel order {{Order Number}},other,order_cancellation
I cannot place my order because checkout freezes on the web store.,technical_support,technical_checkout_error
I need help with changing order {{Order Number}},other,order_change
I am trying to sign up to the company newsletter,other,newsletter
I receive a error code E500 message whenever I try to access my account on the website.,technical_support,technical_login_error
removing standard account,account_access,account_management
I don't know what I need to do to make a claim,other,general_complaint
How can I configure my new smart speaker in the mobile app?,technical_support,technical_device_setup
I want help to switch something of order {{Order Number}},other,order_change
i need help to reset the key of my account,account_access,account_access
where to see your available payment modalities?,payment,payment_methods
how do i demand refunds of my money,refund,refund_request
"my delivery address is not valid, what should I do?",delivery,delivery_address
can you help me to use the standard profile?,account_access,account_management
troubles setting up another shipping address,delivery,delivery_address
The smart speaker will not connect to the mobile app.,technical_support,technical_device_setup
assistance to retrieve the key of my user profile,account_access,account_access
i expect a restitution of {{Refund Amount}} dollars was it processed,refund,refund_pending
what do I have to do to cancel my platinum account?,account_access,account_management
remove something from purchase {{Order Number}},other,order_change
is it possible to place a order from {{Delivery Country}}?,delivery,delivery_options
I need to notify of a bloody signup problem,account_access,account_access
I don't know how to leave a review for your products,other,product_information
how to open a {{Account Category}} account?,account_access,account_creation
i do not know what to do to check the termination penalty,other,cancellation_fee
I don't know what to do to inform of a problem with payment,payment,payment_issue
can you tell me about receiving your newsletter?,other,newsletter
order  {{Order Number}} status,delivery,track_order
how can I contact a human agent?,other,human_request
can i lodge a customer reclamation against ur company,other,general_complaint
in which situations can I ask for a goddamn reimbursement?,refund,refund_policy
I am calling to download the bill #12588,other,invoice_request
Login is not working on the web store; please help me regain access.,technical_support,technical_login_error
is it possible to check your paymet modalities?,payment,payment_methods
I'd like to see order {{Order Number}} current status will  uhelp me,delivery,track_order
The customer portal becomes unresponsive every time I view an order.,technical_support,technical_app_crash
"I need to check the shipping methods, can I get some help?",delivery,delivery_options
clsoe pro account,account_access,account_management
The delivery is late and I need it urgently,delivery,delivery_delay
how to check my restitution status?,refund,refund_pending
i have got to cancel my newsletter subscription,other,newsletter
I can't check the current status of purchase {{Order Number}},delivery,track_order
"I have got to subscribe to your newsletter, help me",other,newsletter
how to see the status of my restitution?,refund,refund_pending
The website keeps showing error code E500; can technical support investigate?,technical_support,technical_website_error
check purchase {{Order Number}} current status,delivery,track_order
how to see the cancellation penalty?,other,cancellation_fee
I do not know how I could ask for goddamn refunds,refund,refund_request
"I want to submit my feedback for your products, help me",other,product_information
I need to update the address,delivery,delivery_address
I don't know how to cancel my subscription to the newsletter,other,newsletter
I cannot update the phone number linked to my account,account_access,account_access
help to lodge a customer claim against ur organization,other,general_complaint
I do not know how I can check the status of my compensation,refund,refund_pending
"I lost the bill from {{Person Name}}, mail it to me",other,invoice_request
I am trying to see what hours I can reach customer service,other,human_request
can ya help me see the early termination fee,other,cancellation_fee
need assistance cancelinv purchase {{Order Number}},other,order_cancellation
help me to see the termination chrages,other,cancellation_fee
"I have got to list the allowed payment modalities, help me",payment,payment_methods
what is purchase {{Order Number}} status,delivery,track_order
i need help solving an error with online payments,payment,payment_issue
rebate  {{Currency Symbol}}{{Refund Amount}},refund,refund_request
how to see if there is anything wrong with my compensation,refund,refund_pending
updating purchase {{Order Number}},other,order_change
"I purchased some items, help me cancel order {{Order Number}}",other,order_cancellation
there is an issue setting up my delivery address,delivery,delivery_address
i have got to check how long the shipment takes,delivery,delivery_delay
create {{Account Type}} accountfor wife,account_access,account_creation
I do not know how to order a few of your article,other,product_information
i have made a mistake i wanna edit order {{Order Number}},other,order_change
My delivery has been delayed without an explanation.,delivery,delivery_delay
My software license key does not activate,technical_support,technical_website_error
where do I cancel purchase {{Order Number}}?,other,order_cancellation
I'd like to see how long refunds  take help me,refund,refund_policy
is it possible to write a comment about your company?,other,product_information
modiby data on {{Account Category}} account,account_access,account_management
I need assistance removing the {{Account Category}} account,account_access,account_management
give me information about opening {{Account Category}} accounts,account_access,account_creation
unsubscribe to your damn company newsletter,other,newsletter
The website freezes and then shuts down before I can use it.,technical_support,technical_app_crash
help to contacvt a live agent,other,human_request
help to see the eta of purchase {{Order Number}},delivery,track_order
"I paid {{Currency Symbol}}{{Refund Amount}} for an order, can you help me receive a rebate?",refund,refund_request
help me check how soon can I expect my delivery,delivery,delivery_delay
want assistance to cancel pyrchase {{Order Number}},other,order_cancellation
I am calling to see what delivery options I have,delivery,delivery_options
where to check how long it takes for my article to arrive?,delivery,delivery_delay
cancel purchase732201349959,other,order_cancellation
I am calling to see how long the shipping takes,delivery,delivery_delay
I have a probllem with canceling order {{Order Number}},other,order_cancellation
i  have to report troubles with online payments,payment,payment_issue
I have to check the payment optiins,payment,payment_methods
help me set my secondary delivery address up,delivery,delivery_address
I want assistance to change to the {{Account Category}} account,account_access,account_management
help me reporting an issue with a registration,account_access,account_access
help with creating my standard account,account_access,account_creation
I don't know how I can ask for a reimbursement,refund,refund_request
assistance to see your money back guarantee,refund,refund_policy
i dont know what to do to cancel the newsletter subscription,other,newsletter
modify gold account,account_access,account_management
I mised a product in purchase {{Order Number}},other,order_change
can I open a gold account for my daughter?,account_access,account_creation
I do not know what to do to sign up to the newsletter,other,newsletter
I need to buy an aricle,other,product_information
can you help me notifying of troubles with online payments?,payment,payment_issue
I need to talk with bloody customer support,other,human_request
where to check at what time I can reach customer support?,other,human_request
want assistance canceling order {{Order Number}},other,order_cancellation
I need help setting up my fitness tracker with the customer portal.,technical_support,technical_device_setup
help seeing in which situations can I ask to be reimbursed,refund,refund_policy
I do not know what I have to do to make a reclamation,other,general_complaint
inform of problems with payments,payment,payment_issue
whatdo i have to do to create a goddamn {{Account Type}} account,account_access,account_creation
I want assistance to check how long refunds usually take,refund,refund_policy
opneing new {{Account Category}} account for daughter,account_access,account_creation
wanna see bill #37777,other,invoice_request
can I see your allowed payment methods?,payment,payment_methods
how could I see order {{Order Number}} status?,delivery,track_order
I need assistance seeing how soon can I expect the purchase,delivery,delivery_delay
I try to file a consumer claim against your business,other,general_complaint
i want help to unsubscribe from the company newsletter,other,newsletter
how do I see your reimbursement policy?,refund,refund_policy
I don't know what to do to restore my user profikle PIN,account_access,account_access
I try to see in what cases can I request a refund,refund,refund_policy
I need information about the cancellation of my {{Account Type}} account,account_access,account_management
i have gog to restore the pin code of my account i need help,account_access,account_access
wanna check the available payment options help me,payment,payment_methods
could you help me see how soon can I expect my item?,delivery,delivery_delay
I need to make a customer reclamation against your business,other,general_complaint
is there a method to submit my feedback for ur products,other,product_information
I expect a bloody reimbursement of {{Refund Amount}} dollars,refund,refund_pending
help me lodge a complaint against ur business,other,general_complaint
want assistance to retrieve the pin code of my user profile,account_access,account_access
I want assistance to submit a delivery address,delivery,delivery_address
i need assistance to check the status of purchase {{Order Number}},delivery,track_order
I want assistance to see in what cases can I ask for refunds,refund,refund_policy
help me to check the early exit charge,other,cancellation_fee
cancelling freemium account,account_access,account_management
need to check how long refunds take how can i do it,refund,refund_policy
I want assistance updating my delivery address,delivery,delivery_address
"I have to use the premium profile, I need assistance",account_access,account_management
help me check the accepted payment modalities,payment,payment_methods
I need assistance recovering the PIN code of my account,account_access,account_access
help me seeing in which situations can I ask for refunds,refund,refund_policy
i cant make a payment where do i inform of a problem,payment,payment_issue
cancel subscription to ur newsletter,other,newsletter
I need help checking the allowed payment options,payment,payment_methods
how do i sett up my fucking delivery address,delivery,delivery_address
I have to unsubscribe to your newsletter,other,newsletter
correct info on premium account,account_access,account_management
where  can I get a restitution of money?,refund,refund_request
"I have to see the shipping options, could I get some help?",delivery,delivery_options
help me seeing what delivery methods I can choose,delivery,delivery_options
see my compensation status,refund,refund_pending
"I no longer want purchase {{Order Number}}, can you cancel it?",other,order_cancellation
I don't know how I can cancel the pro account,account_access,account_management
I don't know how I colud cancel order {{Order Number}},other,order_cancellation
wanna see order {{Order Number}} status help me,delivery,track_order
I want to see in what cases can I request my money back,refund,refund_policy
I cannot add some articles to order {{Order Number}},other,order_change
need assistance to see the withdrawal fee,other,cancellation_fee
modify details on platinum account,account_access,account_management
how do I add some items to order {{Order Number}}?,other,order_change
I try tro subscribe to the newsletter,other,newsletter
i try to cancel the subscription to ur company newsletter,other,newsletter
need help to see when my parcel is gonna arrive,delivery,delivery_delay
seeing invoices from {{Person Name}},other,invoice_request
The payment gateway keeps timing out,payment,payment_issue
I need to make a customer complaint against your company,other,general_complaint
"I have got to modify my address, how can I do it?",delivery,delivery_address
I need help to check the current status of order {{Order Number}},delivery,track_order
"I cannot find the termination penalties, I need assistance",other,cancellation_fee
i dont know how i can cancel order {{Order Number}},other,order_cancellation
help solving troubles with online payment,payment,payment_issue
how to get invoice #00108?,other,invoice_request
I have problems with changing purchase {{Order Number}},other,order_change
wanna see the current status of my restitution,refund,refund_pending
need assistance to make a customer claim against ur business,other,general_complaint
I need help notifying of issues with online payment,payment,payment_issue
where to check the early termination fes,other,cancellation_fee
where to get a compensation of money?,refund,refund_request
I need help to switch several articles of order {{Order Number}},other,order_change
is it possible to inform of payment issues?,payment,payment_issue
could you help me unsubscribing to the company newsletter?,other,newsletter
assistance checking howlong reimbursements take,refund,refund_policy
i need assistance to file a complaint,other,general_complaint
how do i check how son can i expect my item,delivery,delivery_delay
how cam i track order {{Order Number}},delivery,track_order
need help receiving ur cororate newsletter,other,newsletter
where to receive goddamn reimbursements of mooney,refund,refund_request
need help seeing the fucking status of order {{Order Number}},delivery,track_order
need assistance to download my invoice from {{Person Name}},other,invoice_request
could I check if there are any updates on my goddamn rebate?,refund,refund_pending
"the payment failed, how to report an error with payment?",payment,payment_issue
I need to cancel my company newsletter subscription,other,newsletter
wanna see in which situations can i ask for a refund,refund,refund_policy
"I purchased some items, I want to cancel order {{Order Number}}",other,order_cancellation
could you hlp me shopping some of your article?,other,product_information
where can I obtain reimbursements of money?,refund,refund_request
want assistance writing a review,other,product_information
need help to see the ETA of the order {{Order Number}},delivery,track_order
"I have got to file a bloody reclamation, will you help me?",other,general_complaint
I don't know how I can check my bill #37777,other,invoice_request
can ya help me to see what shipment options i have,delivery,delivery_options
I want to know if there are any news on my refund,refund,refund_pending
can you show me in which situations can I ask for refunds?,refund,refund_policy
I need to give a quick look at the invoice from {{Person Name}},other,invoice_request
could yatell me about changing my shipping address,delivery,delivery_address
I want help changing the bloody delivery address,delivery,delivery_address
check at what time i can reach ucstomer service,other,human_request
I need support trying to update my shipping address,delivery,delivery_address
I want help checking the restitution current status,refund,refund_pending
I need to see the current status of order {{Order Number}},delivery,track_order
how do I check when my shipment is going to arrive?,delivery,delivery_delay
can you help me obtain a compensation of my money?,refund,refund_request
tell me what hours i can get in touch wit customer service,other,human_request
assistance to reset my password,account_access,account_access
"I need to see the ETA of the purchase {{Order Number}}, help me",delivery,track_order
The refund was sent to the wrong payment method,refund,refund_request
i try to see how soon can i expect my shipment,delivery,delivery_delay
camceling order {{Order Number}},other,order_cancellation
i have to sign up to the company newsletter,other,newsletter
The wireless printer has a fault and I need troubleshooting steps.,technical_support,technical_product_malfunction
can I check what delivery methods are available?,delivery,delivery_options
where do i check the withdrawal charges,other,cancellation_fee
assistance checking in what cases can I request a refund,refund,refund_policy
how to check the fucking rebate current status?,refund,refund_pending
I have to see how soon can I expect the purchase,delivery,delivery_delay
assistance to see what shipping options I can choose,delivery,delivery_options
i have to inform of troubles with online payment,payment,payment_issue
I want information about cancel my newsletter subscription,other,newsletter
help to see in what situations can I ask to be refunded,refund,refund_policy
can uhelp me cancelling the subscription to the newsletter,other,newsletter
I'd like to change to the standard acconut,account_access,account_management
i have to request a rebate of my money,refund,refund_request
I need assistance to repor errors with online payments,payment,payment_issue
"I need to report a payment error, how can I do it?",payment,payment_issue
I try to set up a shipping address,delivery,delivery_address
can i check when my bloody shipment is gonna arrive,delivery,delivery_delay
can I notify of a registration error?,account_access,account_access
how to download the invoice from {{Person Name}}?,other,invoice_request
need to delete several items from order {{Order Number}},other,order_change
how to check the accepted payment methods,payment,payment_methods
can you help me changing purchase {{Order Number}}?,other,order_change
Checkout is broken and will not accept my selection on the mobile app.,technical_support,technical_checkout_error
I don't know what I need to do to check bill #37777,other,invoice_request
I do not know how to see your money back guarantee,refund,refund_policy
I need assistance restoring my user account password,account_access,account_access
I need assistance reporting errors  with online payment,payment,payment_issue
i need assistance switching to the {{Account Type}} account,account_access,account_management
want help to report a problem with payments,payment,payment_issue
help me see in what cases can I request a refund,refund,refund_policy
I do not know what to do to check the payment methods,payment,payment_methods
I need assistance to check the early exit penalty,other,cancellation_fee
I try to list your available payment methoids,payment,payment_methods
need assistance filing a complaint against ur business,other,general_complaint
i try to remove some items from order {{Order Number}},other,order_change
could you help me to see what payment methods are accepted?,payment,payment_methods
I can't see order {{Order Number}} status,delivery,track_order
is it possible to subscribe to the corporate newsletter,other,newsletter
i have to submita secondary shipping address help me,delivery,delivery_address
I do not know how I can restore the apss of my user profile,account_access,account_access
I need asisstance unsubscribing from your newsletter,other,newsletter
correct data on freemium account,account_access,account_management
help me to create a {{Account Type}} account,account_access,account_creation
correcting information on freemium account,account_access,account_management
how do i notify of a sign-up isse,account_access,account_access
is it possible to place an order from {{Delivery Country}}?,delivery,delivery_options
how can i modify my shipping address,delivery,delivery_address
where can i check ur reimbursement policy,refund,refund_policy
I need assistance to lodge a claim against your organization,other,general_complaint
i have got to notify of ah issue with a registration,account_access,account_access
can I edit purchase {{Order Number}}?,other,order_change
I want assistance checking how soon can I expect my article,delivery,delivery_delay
i want help checking if there are any news on my restitution,refund,refund_pending
i do not know what to do toreset the pwd of my user,account_access,account_access
i dont know how i can find my damn invoices from {{Person Name}},other,invoice_request
need help filing an complaint against your company,other,general_complaint
help me canceling my {{Account Type}} account,account_access,account_management
how do I see if there are any updates on my compensation?,refund,refund_pending
ETA of purchase {{Order Number}},delivery,track_order
"I have to track my compensation, can you help me?",refund,refund_pending
I'm waiting for a reimbursement of 1200dollars,refund,refund_pending
i have got to check the rebate current status,refund,refund_pending
need to file a consumer reclamation help  me,other,general_complaint
want helpmaking a consumer reclamation against ur company,other,general_complaint
i have to check in which cases can i request refunds,refund,refund_policy
i need information about opening platinum accounts,account_access,account_creation
i need help notifying of a problem with a signup,account_access,account_access
i need help to see when will my article arrive,delivery,delivery_delay
i expect an rebate of {{Refund Amount}} dollars,refund,refund_pending
can uhelp me see how soon can i expect the artikcle,delivery,delivery_delay
need help to notify of problems with paymenst,payment,payment_issue
I need help solving errors with online paymnt,payment,payment_issue
need assistance checking how soon can I expect the shipment,delivery,delivery_delay
help to see your fucking money back policy,refund,refund_policy
My account is locked after too many login attempts,account_access,account_access
can you help me receive your corporate newsletter?,other,newsletter
I want to subscribe to the newsletter,other,newsletter
want help speaking with somebody,other,human_request
i have to sede the cancellation charge,other,cancellation_fee
create new premium account for daughter,account_access,account_creation
"I bought some item, cancel purchase {{Order Number}}",other,order_cancellation
have a question about creating fucking {{Account Type}} accounts,account_access,account_creation
assistance checking when my purchase is gonna arrive,delivery,delivery_delay
i have an problem with the pass recovery,account_access,account_access
can you give me information about opening {{Account Type}} accounts?,account_access,account_creation
my experience with uhas been bad i wanna make a bloody claim,other,general_complaint
I have to check the accepted payment modalities,payment,payment_methods
making consumer complaint against ur business,other,general_complaint
Opening the customer portal causes a crash on my device.,technical_support,technical_app_crash
"I want to see what shipment options I have, how do I do it?",delivery,delivery_options
I have an issue trying to change the delivery address,delivery,delivery_address
deleting platinum accoumt,account_access,account_management
wanna get the bills from {{Person Name}} how can i do it,other,invoice_request
I need to check in which cases can I ask for my money back,refund,refund_policy
will you direct to me someone?,other,human_request
can you help me make a customer claim?,other,general_complaint
how can I check the status of the restitution?,refund,refund_pending
where can i see the current status of purchase {{Order Number}},delivery,track_order
I don't know how to check the available payment methods,payment,payment_methods
i try to check whatr payment methods uaccept,payment,payment_methods
I forgot my password and the recovery link is not working.,account_access,account_access
i acnt see purchase {{Order Number}} status,delivery,track_order
I want assistance to notify of troubles with payment,payment,payment_issue
i need assistance to check purchase {{Order Number}} status,delivery,track_order
i have got to make an consumer claim against ur business,other,general_complaint
Please help diagnose a malfunction with my robot vacuum.,technical_support,technical_product_malfunction
I want help to chat with a live agent,other,human_request
I want support chanigng my delivery address,delivery,delivery_address
My refund has not reached my payment method yet.,refund,refund_pending
A technical error prevents me from using the website.,technical_support,technical_website_error
Can I return this order and receive a refund?,refund,refund_request
iwant assistance canceling order {{Order Number}},other,order_cancellation
have problems with canceling order  {{Order Number}},other,order_cancellation
I try to restore the access key of my account,account_access,account_access
"I put the old address by mistake, how do I modify it?",delivery,delivery_address
where can I acquire some items?,other,product_information
need help to check the early exit charges,other,cancellation_fee
"I have got to receive your newsletter, can you help me?",other,newsletter
ya have a method to send my feedback for ur products,other,product_information
can i open a {{Account Type}} account,account_access,account_creation
what do i needto do to see the early termination fee,other,cancellation_fee
need help cancelling order {{Order Number}},other,order_cancellation
help me solve troubles with payments,payment,payment_issue
I have to lodge a reclamation,other,general_complaint
where can I check if there are any news on the rebate?,refund,refund_pending
I need assistance to inform of issues with payments,payment,payment_issue
I don't knowhow to cancel purchase {{Order Number}},other,order_cancellation
how do I restore the password of my account?,account_access,account_access
I do not know how to get my bill from {{Person Name}},other,invoice_request
i dont know what to do to close a platinum account,account_access,account_management
I don't know what to do to delete my gold account,account_access,account_management
can you send me my bill from {{Person Name}}?,other,invoice_request
I want to obtain refunds of my money,refund,refund_request
i have to see in what cases can i ask for reimbursements,refund,refund_policy
can I leave a review about your products?,other,product_information
"I want astandard account, could I open it?",account_access,account_creation
where can i check what hours i can reach customer service,other,human_request
need help to switch several articles of purchase {{Order Number}},other,order_change
I can't see if there is anything wrong with the restitution,refund,refund_pending
i need help to see what hours customer support azvailable is,other,human_request
switch to  gold account,account_access,account_management
transfer to me an agent,other,human_request
can uhelp me receive a rebate of money,refund,refund_request
can I track order {{Order Number}}?,delivery,track_order
can i lodge a claim against ur business,other,general_complaint
I don't know what to do to restore my profile access key,account_access,account_access
I don't know what to do to look for bill #37777,other,invoice_request
I need assistance notifying of errors with online payments,payment,payment_issue
I do not know what I need to do to inform of a signup issue,account_access,account_access
where can i see purchaes {{Order Number}} status,delivery,track_order
help me seeing what shipment methods are available,delivery,delivery_options
there are problems trying to edit my address,delivery,delivery_address
how to set up the secondary delivery address,delivery,delivery_address
open a {{Account Category}} acocunt,account_access,account_creation
i dont know what to do to download the bills from {{Person Name}},other,invoice_request
I do not know how to open a {{Account Type}} account for my daughter,account_access,account_creation
can you help me contact somebody?,other,human_request
i want help canceling purchase {{Order Number}},other,order_cancellation
I do not know what I need to do to inform of paymdnt errors,payment,payment_issue
"I need to see the methods for shipping, can I get some help?",delivery,delivery_options
I don't know what I have to do to shop some itmes,other,product_information
wanna open a pro account for my fiance,account_access,account_creation
where do i receive compensations of my money,refund,refund_request
help me check the status of my reimbursement,refund,refund_pending
i need assistance tospeak with fucking customer support,other,human_request
i want assistance to buy an item,other,product_information
I need help to see what shipping methods I have,delivery,delivery_options
see under what circumstances can i ask for reimbursements,refund,refund_policy
how can i check the withdrawal penalty,other,cancellation_fee
could you give me information about the shipment methods?,delivery,delivery_options
how to report  troubles with payments,payment,payment_issue
i want help to track purchase00123842,delivery,track_order
how to see the restitution current status?,refund,refund_pending
i dont use mystandard account i try to delete it,account_access,account_management
help me to check what shipping methods you offer,delivery,delivery_options
how can i see how long it takes for my purchase to arrive,delivery,delivery_delay
can you help me to send feedback about your company?,other,product_information
I do not know how to create a {{Account Type}} account for my dad,account_access,account_creation
want help seeing what options for delivery i can choose,delivery,delivery_options
opening gold account,account_access,account_creation
when will purchase {{Order Number}} arrive,delivery,track_order
help to  inform of a problem with a registration,account_access,account_access
help to report a payment error,payment,payment_issue
i need help canceling purchase {{Order Number}},other,order_cancellation
have a question about cancelling order {{Order Number}},other,order_cancellation
would it be possible to oen a gold account,account_access,account_creation
reporting payment issue,payment,payment_issue
help to give a quick look at my invoice #37777,other,invoice_request
"I paid {{Currency Symbol}}{{Refund Amount}} for a purchase, help me obtaining my money back",refund,refund_request
can uhelp me lodgin a reclamation against ur business,other,general_complaint
need help obtaining rebates,refund,refund_request
can i check hte early exit charges,other,cancellation_fee
check my refund status,refund,refund_pending
I want to lodge a customer complaint,other,general_complaint
I have a general question before ordering,other,general_complaint
I do not want purchase {{Order Number}},other,order_cancellation
"I have got to see the status of my rebate, I need assistance",refund,refund_pending
help cancelling order {{Order Number}},other,order_cancellation
could I see the billfrom {{Person Name}}?,other,invoice_request
assistance to lodge a complaint against your business,other,general_complaint
where to make a consumer claim against your organization?,other,general_complaint
I don'tt know what I need to do to see the early exit fees,other,cancellation_fee
I need assistance obtaining compensations of my money,refund,refund_request
The microphone setting is unavailable in the mobile app,technical_support,technical_website_error
want support updating the delivery dadress,delivery,delivery_address
"someone has stolen my PIN code, could you help me reset it?",account_access,account_access
check invoice from eight purchases ago,other,invoice_request
I'm trying to talk with a person,other,human_request
i dont know how i can check the termination penalties,other,cancellation_fee
how can i remove several items from purchaswe {{Order Number}},other,order_change
help me see in what cases can I reuest my money back,refund,refund_policy
sign up to the newsletter,other,newsletter
I have got to see how long refunds take,refund,refund_policy
i cannot report issues with signup,account_access,account_access
I do not know what I have to do to make a customer lcaim,other,general_complaint
troubles entering the secondary delivery address,delivery,delivery_address
want assistance shopping a product,other,product_information
can uhelp me cancelling purchazse {{Order Number}},other,order_cancellation
i do not know how to cancel purchase {{Order Number}},other,order_cancellation
I want help to send my feedback for your products,other,product_information
i want help checking purchase {{Order Number}} status,delivery,track_order
i want assistance to speak to someone,other,human_request
The web store shows error code C102 after I press place order.,technical_support,technical_checkout_error
assistance seeing how soon can i expect the item,delivery,delivery_delay
what do i have to do to obtain my money back,refund,refund_request
find information about my access key retrieval,account_access,account_access
where can I report a problem with sign-up?,account_access,account_access
help me to check if there is anything new on the restitution,refund,refund_pending
what do I need to do to unsubscribe to your newsleyter?,other,newsletter
how to make a complaint against your organization?,other,general_complaint
want assistance to check the status of the rebate,refund,refund_pending
I try to check what hours I can contact customer service,other,human_request
need to check in which cases can i request an reimbursement,refund,refund_policy
can i chat with a person,other,human_request
I can't pay  for order {{Order Number}},other,order_cancellation
i have to see the status of purchase {{Order Number}} how do i do it,delivery,track_order
help to see in which cases can I request a reimbursement,refund,refund_policy
where could I see purchase {{Order Number}} status?,delivery,track_order
how to swap some goddamn articles of order {{Order Number}}?,other,order_change
I need help making a claim against your business,other,general_complaint
I need assistance to submit my feedback for your products,other,product_information
help t change order {{Order Number}},other,order_change
i do not know what i have to do to make a purchase,other,product_information
Something is wrong with the fitness tracker; it fails during normal use.,technical_support,technical_product_malfunction
"I can't afford order {{Order Number}}, I need help to cancel it",other,order_cancellation
i cantcancel my subscription to ur company newsletter,other,newsletter
help seeing in what cases can I request to be refudned,refund,refund_policy
i dont know how i can submit the secondary shipping address,delivery,delivery_address
i need help with opening my platinum account,account_access,account_creation
is it possible to edit purchase {{Order Number}}?,other,order_change
"I need to receive the company newsletter, how to do it?",other,newsletter
i want help to check how long reimbursements take,refund,refund_policy
how could icancel purchase {{Order Number}},other,order_cancellation
want help to see how soon can I expect the purchase,delivery,delivery_delay
I need to swap an item of purchase {{Order Number}},other,order_change
"I want to see the bill #37777, help me",other,invoice_request
i have got to retrieve the pass of my user prodile,account_access,account_access
assistance to set a different delivery address up,delivery,delivery_address
How can I configure my new Bluetooth headset in the order page?,technical_support,technical_device_setup
supports editing the delivery address,delivery,delivery_address
assistance lodging a reclamation against your organization,other,general_complaint
how do i notify of a problem with online payments,payment,payment_issue
need help downloading my invoices from {{Person Name}},other,invoice_request
could you help me give a quick look at bill #12588?,other,invoice_request
help me to check the termination charges,other,cancellation_fee
i dont know how to check ther status of purchase {{Order Number}},delivery,track_order
can you help me check the goddamn status of the rebate?,refund,refund_pending
can you help me writing an opinion about your products?,other,product_information
how to see how long it takes for my order to arrive?,delivery,delivery_delay
want assistance switching to the premium cacount,account_access,account_management
switch to {{Account Type}} account,account_access,account_management
i do not know what i have to do to download my bill #37777,other,invoice_request
help to see in what situationscan I ask to be reimbursed,refund,refund_policy
I need to enter a secondary delivery address,delivery,delivery_address
I would like to file a reclamation against your business,other,general_complaint
I want help to ask for my money back,refund,refund_request
where can i find information about my gold account deletion,account_access,account_management
how to shop several of you article?,other,product_information
want assistance checking the early termination penalty,other,cancellation_fee
Opening the mobile app causes a crash on my device.,technical_support,technical_app_crash
I call to submit feedback about a product,other,product_information
how to request an reimbursement of money,refund,refund_request
open standard cacount for wife,account_access,account_creation
I need assistance reecovering my profile PIN code,account_access,account_access
how do I check the bloody available payment modalities?,payment,payment_methods
I am calling to make a complaint against your company,other,general_complaint
seeing bills from {{Person Name}},other,invoice_request
"I have to check the withdrawal charge, how can I do it?",other,cancellation_fee
I try to see what shipping options I have,delivery,delivery_options
what do I need to do to see what shipment methods I have?,delivery,delivery_options
can you help me restoring myPIN code?,account_access,account_access
i do not know what to do to receive restitutions of money,refund,refund_request
"I would like to see the delivery options, could you help me?",delivery,delivery_options
I try to check the ETA of the purchase {{Order Number}},delivery,track_order
how to see if there are any updates on the refund?,refund,refund_pending
I don't know how I can get a restitution of my money,refund,refund_request
i want assistance seeing howlong the shipment takes,delivery,delivery_delay
A technical error prevents me from using the mobile app.,technical_support,technical_website_error
help me writing an opinion for your products,other,product_information
I want help to lodge a consumer complaint,other,general_complaint
The Bluetooth headset is defective and does not operate as described.,technical_support,technical_product_malfunction
need to subscribe to the company newsletter,other,newsletter
"I need to check the options for shipping, how do I do it?",delivery,delivery_options
I can't swap an article of order {{Order Number}},other,order_change
can i see in which situtaions can i request refunds,refund,refund_policy
help me checking if there are any updates on my restitution,refund,refund_pending
help me to enter my bloody delivery address,delivery,delivery_address
creatingnew {{Account Type}} account,account_access,account_creation
Something is wrong with the security camera; it fails during normal use.,technical_support,technical_product_malfunction
is it possible to check the ETA oif order {{Order Number}},delivery,track_order
I cannot use the app because it crashes immediately.,technical_support,technical_app_crash
how do I see your allowed payment optgions?,payment,payment_methods
I want to open a {{Account Category}} account for my fiance,account_access,account_creation
how could i see the eta of the order {{Order Number}},delivery,track_order
I want help canceling purchase {{Order Number}},other,order_cancellation
swap an item of order {{Order Number}},other,order_change
I'm calling to lodge a claim against ur organization,other,general_complaint
uhave a free phone number to talk to customer assistance,other,human_request
need assistance modifying the delivery address,delivery,delivery_address
I need to subscribe to your newsletter,other,newsletter
The app freezes and then shuts down.,technical_support,technical_app_crash
need help to use the {{Account Type}} account,account_access,account_management
I would like to check the status of my rebate,refund,refund_pending
I need assistance reporting issues with online payments,payment,payment_issue
could uhelp me checkingb the eta of the purchase {{Order Number}},delivery,track_order
modify order113542617735902,other,order_change
"I have to leave feedback for a product, I need help",other,product_information
how to see the current status of my compensation?,refund,refund_pending
how could I track my restitution?,refund,refund_pending
help me check the allowed payment methods,payment,payment_methods
help  to leave feedback for your company,other,product_information
i cannot find the withdrawal prnalties,other,cancellation_fee
i dont know what i need to do to cancel my {{Account Type}} account,account_access,account_management
i dont know how to report signup issues,account_access,account_access
i cant makr a transfer help me report a payment error,payment,payment_issue
can I contact somebody?,other,human_request
I don't know how to see when my package is going to arrive,delivery,delivery_delay
change  order {{Order Number}},other,order_change
I need to check how long the shipment takes,delivery,delivery_delay
is it possible to list your available payment methods?,payment,payment_methods
i need assistance getting my invoice #12588,other,invoice_request
help me to see the ETA of the purchase {{Order Number}},delivery,track_order
where to check what payment methods are allowed ?,payment,payment_methods
i dont want purchase {{Order Number}},other,order_cancellation
where can I report errors with payments?,payment,payment_issue
check invoice from {{Person Name}},other,invoice_request
"I want to see how long the shipment takes, can you help me?",delivery,delivery_delay
i need help requesting rebates of money,refund,refund_request
need help to take a quick look at bill #00108,other,invoice_request
can you help me correct the address?,delivery,delivery_address
i want help filing a damn customer claim against ur business,other,general_complaint
is there an address to submit a review for a product,other,product_information
where could I inform of errors with a registration?,account_access,account_access
need assistance to speak to a live agent,other,human_request
what are the payment payment modalities allowed?,payment,payment_methods
how couldi see how long it takes for my package to arrive,delivery,delivery_delay
i cant make transfers notify of a trouble with payment,payment,payment_issue
assistance seeing ur money back guarantee,refund,refund_policy
"I have got to restore the PIN of my user, how to do it?",account_access,account_access
how to remove an item from order {{Order Number}},other,order_change
"I have bought some item, I have to cancel order {{Order Number}}",other,order_cancellation
I have a question about lost access keys,account_access,account_access
"I have got to get the ibll #37777, how could I do it?",other,invoice_request
is it possible toreceive refunds of money?,refund,refund_request
how could i see the status of my refund,refund,refund_pending
Buttons on the website do nothing when I click them.,technical_support,technical_website_error
what do I need to do to call cusromer support?,other,human_request
is it possible to set up my shipping address?,delivery,delivery_address
I try to buy some goddamn articles,other,product_information
need help to deete a fucking item from order {{Order Number}},other,order_change
"I expect a goddamn compensation of {{Currency Symbol}}{{Refund Amount}}, was it processed",refund,refund_pending
where can i shop a few of ur article,other,product_information
help with adding a goddamn item to ordr {{Order Number}},other,order_change
I try to speak to an assistant,other,human_request
I cannot use the website because it keeps crashing.,technical_support,technical_app_crash
ehlp checking your allowed payment options,payment,payment_methods
where to cancel purchase {{Order Number}},other,order_cancellation
need to check when my parcel is gonna arrive help me,delivery,delivery_delay
how to see if there is anything wrong with the restitution?,refund,refund_pending
Please fix the checkout error in the web store; I cannot finish my order.,technical_support,technical_checkout_error
I need help canceling order {{Order Number}},other,order_cancellation
help me check when my fucking package is going to arrive,delivery,delivery_delay
need assstance to file a consumer claim against your company,other,general_complaint
I need informatoin about {{Account Category}} account terminations,account_access,account_management
can i see the early termination fees,other,cancellation_fee
Why did I receive two receipts for one order,payment,payment_issue
can you hwlp me talking with a person?,other,human_request
help me adding several rpoducts to order {{Order Number}},other,order_change
check my invoice from {{Person Name}},other,invoice_request
I can't cancel the subscription to your corporate newsletter,other,newsletter
assistance recovering my user account PIN,account_access,account_access
is it possible to see how soon can i expect my delivery,delivery,delivery_delay
where to see what delivery options uoffer,delivery,delivery_options
I don't know how to demand a restitution of money,refund,refund_request
I need help to report issues with payment,payment,payment_issue
"I want to edit order {{Order Number}}, help me",other,order_change
is it possible to lodge a complaint against your business?,other,general_complaint
where do i restore the password ofmy account,account_access,account_access
is it possible to speak to goddamn customer service?,other,human_request
where do I leavefeedback about your products?,other,product_information
I want assistance to cancle purchase {{Order Number}},other,order_cancellation
how to check what payment options are available,payment,payment_methods
assistance listing the payment options,payment,payment_methods
I want help to check the early termination fees,other,cancellation_fee
I need to see the current status of the compensation,refund,refund_pending
can uhelp me to check the ETA of purchase {{Order Number}},delivery,track_order
how do I acquire several of your item?,other,product_information
how can i check at what time i can call customer support,other,human_request
could you help me opening a gold account?,account_access,account_creation
I want help reporting a payment issue,payment,payment_issue
wanna lodge a complaint,other,general_complaint
I need help checking the early exit fee,other,cancellation_fee
I need help informing of sign-up errors,account_access,account_access
"I paid {{Currency Symbol}}{{Refund Amount}} for a product, is it possible to get a refund?",refund,refund_request
I don't know what to do to remove the premium account,account_access,account_management
need assistance seeing order {{Order Number}} current status,delivery,track_order
could you help me get compensations of my money?,refund,refund_request
can you help me cancel order {{Order Number}}?,other,order_cancellation
want assistance solving troubles with online payment,payment,payment_issue
help to see if there is anything new on the damn refund,refund,refund_pending
I  need assistance to sign up to the newsletter,other,newsletter
I have got to check the withdrawal penalty,other,cancellation_fee
help receiving reinbursements of my money,refund,refund_request
I can't see if there is anything new on the compensation,refund,refund_pending
how can I check what bloody payment options you accept?,payment,payment_methods
help me see in what situations can i request a reimbursement,refund,refund_policy
i do not know how i can check ur money back guarantee,refund,refund_policy
were do i receive bloody compensations of my money,refund,refund_request
need assistance to get my invoice #37777,other,invoice_request
need help with cfanceling order {{Order Number}},other,order_cancellation
I'm trying to demand fucking refunds of money,refund,refund_request
I do not know what to do to acquire a few of your product,other,product_information
is it possible to buy several items,other,product_information
checking invoices from last purchase,other,invoice_request
"I have got to see the delivery methods, how to do it?",delivery,delivery_options
need to see how long refunds take can i get somehelp,refund,refund_policy
can uhelp me to unsubscribe from the corporate newsletter,other,newsletter
"I want to see when will my package arrive, can you help me?",delivery,delivery_delay
use pro account,account_access,account_management
new pro account for wife,account_access,account_creation
question about cancelling purchase {{Order Number}},other,order_cancellation
I need assistance notifying of troubles with online payments,payment,payment_issue
"I ain't happy with your work, help lodging a consumer claim",other,general_complaint
"I paid {{Currency Symbol}}{{Refund Amount}} for this item, help obtaining a reimbursement",refund,refund_request
wanna report a trouble with online payments,payment,payment_issue
I need assistance editing the address,delivery,delivery_address
The mobile app is not loading correctly in my browser.,technical_support,technical_website_error
"I have got to see the shipment options, I need help",delivery,delivery_options
need help to obtain my money back,refund,refund_request
"I have to update order {{Order Number}}, how to do it?",other,order_change
nneed to submit my new delivery address how could i do it,delivery,delivery_address
i cant make payments how to inform of issues with payment,payment,payment_issue
updating info on premium account,account_access,account_management
I don't know what I have to do to locate my invoice #00108,other,invoice_request
I need assistance with opening a {{Account Type}} acount,account_access,account_creation
i have problems with the cancellation of a {{Account Type}} account,account_access,account_management
i want help canceling order {{Order Number}},other,order_cancellation
help to swap several items of order {{Order Number}},other,order_change
how to check order {{Order Number}} current status?,delivery,track_order
do you deliver to {{Delivery City}} ?,delivery,delivery_options
give me information about opening a {{Account Category}} account,account_access,account_creation
I'm caling to write an opinion about ur services,other,product_information
when am I going to get a reimbursement?,refund,refund_request
The web store is not loading correctly in my browser.,technical_support,technical_website_error
"the experience with you was awful, file a customer complaint",other,general_complaint
I don't know what I have to do to get the invoice{{Invoice Number}},other,invoice_request
i dont know what to do to cancel order {{Order Number}},other,order_cancellation
need hepl recovering my user profile PIN,account_access,account_access
I want help to lodge a claim against your company,other,general_complaint
I want to know more about opening a {{Account Type}} account,account_access,account_creation
where could I see when my delivery is going to arrive?,delivery,delivery_delay
I do not knw what to do to cancel my pro account,account_access,account_management
i do not know what to do to speak with a human agent,other,human_request
am I entitled to a refund according to your policy?,refund,refund_policy
i try to change several products of order {{Order Number}},other,order_change
The website will not let me log in after I enter my email.,technical_support,technical_login_error
I am trying to inform of payment problems,payment,payment_issue
Login is not working on the mobile app; please help me regain access.,technical_support,technical_login_error
I have not received the refund for my cancelled order,refund,refund_request
wanna cancel the subscription to the newsletter help me,other,newsletter
can you help me to cancel purchase {{Order Number}}?,other,order_cancellation
I am calling to leave my feedback for your products,other,product_information
I ordered a product last week and it is still not here.,delivery,delivery_delay
what do I have to do to talk to somebody?,other,human_request
is it possible to place a damn order from {{Delivery Country}}?,delivery,delivery_options
i dont know what i need to do to see ur reimbursement policy,refund,refund_policy
what do i have to do to report an error with online payments,payment,payment_issue
need to see the accepted payment options how do i do it,payment,payment_methods
how do I see order {{Order Number}} current status?,delivery,track_order
"I bought some items, help canceling order {{Order Number}}",other,order_cancellation
help me adding some products to order {{Order Number}},other,order_change
The product is not suitable and I would like my money back.,refund,refund_request
want assistance speajing to a person,other,human_request
getting invoices from June,other,invoice_request
i do not know what i have to do to delete my premium account,account_access,account_management
can i check the withdrawal penalty,other,cancellation_fee
subscription to your company newsletter,other,newsletter
open a freemium account,account_access,account_creation
I want help seeing how soon can I expect my goddamn order,delivery,delivery_delay
I want assistance checking what delivery methods I have,delivery,delivery_options
i do not use my {{Account Category}} account i try to close it,account_access,account_management
The application cannot sync data on mobile internet,technical_support,technical_website_error
i have to download the bill from {{Person Name}},other,invoice_request
help receiving ur corporate newsletter,other,newsletter
help me to see at what time I can reach customer assistance,other,human_request
would it be possible to check the early termination charge?,other,cancellation_fee
I want help cancelling purchase {{Order Number}},other,order_cancellation
can ya help me change my address,delivery,delivery_address
i try to change my personal info,account_access,account_management
assistance to get a rebate,refund,refund_request
what do I need to do to open a {{Account Type}} account?,account_access,account_creation
can you help me changing to the standard account?,account_access,account_management
i cannot unsubscribe from urnewsletter,other,newsletter
how can I see what fucking shipment options are available?,delivery,delivery_options
i have paid {{Currency Symbol}}{{Refund Amount}} for a product where to get my money back,refund,refund_request
"the experience with you was too bad, help me lodge a claim",other,general_complaint
where could I request refunds?,refund,refund_request
i can no longer afford purchase {{Order Number}},other,order_cancellation
I need assistance to inform of issues with online payments,payment,payment_issue
I want supports changing my sxhipping address,delivery,delivery_address
help cnceling order {{Order Number}},other,order_cancellation
can you help me correcting purchase {{Order Number}}?,other,order_change
I am waiting for an rebate of {{Currency Symbol}}{{Refund Amount}},refund,refund_pending
I'm trying to cancel the subscription to the newsletter,other,newsletter
"I have to check what delivery options are there, help me",delivery,delivery_options
how to lodge a reclamation against your company?,other,general_complaint
I do not know what I nee to do to see the invoice #37777,other,invoice_request
wanna file a consumer claim againstur company,other,general_complaint
can uhelp me checking the eta of order {{Order Number}},delivery,track_order
I cannot sign in to the website; it says error code E500.,technical_support,technical_login_error
I get an error while completing the checkout process.,technical_support,technical_checkout_error
need assistance to switch a product of order {{Order Number}},other,order_change
need assistance seeing ur accepted payment methods,payment,payment_methods
I want assistance creating a premium account for my fiance,account_access,account_creation
how to modify the damn information on my user?,account_access,account_management
"I have to see when my item is going to arrive, help me",delivery,delivery_delay
modifying premium account,account_access,account_management
where can I sign up to the newsletter?,other,newsletter
i do not know how to switch to the platinum account,account_access,account_management
what do i have to do to make a consumer compoaint,other,general_complaint
were could i locate purchase {{Order Number}},delivery,track_order
How can I track order ORD-12345?,delivery,track_order
can you help me to list your paymnet modalities?,payment,payment_methods
The shopping app keeps showing a server error; can technical support investigate?,technical_support,technical_website_error
"I have lost my invoices from {{Person Name}}, show it tome",other,invoice_request
i dont know what to do to report troubles with payments,payment,payment_issue
consumer reclamation,other,general_complaint
I want assistance buying a few of your item,other,product_information
cancel freemium acount,account_access,account_management
editdata on standard account,account_access,account_management
where can I see the cancellation charge?,other,cancellation_fee
where to see what shipment options I have?,delivery,delivery_options
I need to cancel this purchase and request a refund.,refund,refund_request
update information on {{Account Type}} account,account_access,account_management
the experience with ya was awful i have to  lodge a claim,other,general_complaint
i dont want oredr {{Order Number}},other,order_cancellation
I don't know what I have to do to ask for reimbursements,refund,refund_request
see the available payment modalities,payment,payment_methods
I need to file a complaint,other,general_complaint
I want to see under what circumstances can I request refunds,refund,refund_policy
"I have to check the status of my rebate, I need help",refund,refund_pending
My web store closes unexpectedly after the latest update.,technical_support,technical_app_crash
I can't add some items to order {{Order Number}},other,order_change
I have errors trying to pudate my shipping address,delivery,delivery_address
i want help checking how soon can i expect the order,delivery,delivery_delay
assistance to check how soon can I expect my purchase,delivery,delivery_delay
questionn about canceling order {{Order Number}},other,order_cancellation
help seeing your money back  policy,refund,refund_policy
i do not know what to do to chanfe to the damn gold account,account_access,account_management
want assistance listing the accepted payment modalities,payment,payment_methods
The delivery estimate has passed and my order is missing,delivery,delivery_delay
what do I need to do to order something?,other,product_information
want assistance to give an quick look at my bill #00108,other,invoice_request
where can i submit a new delivery address,delivery,delivery_address
find bill #12588,other,invoice_request
i need help checking how soon can i expect my parcel,delivery,delivery_delay
how could I check the early termination charges?,other,cancellation_fee
"I have forgotten my user profile pwd, where to reset it?",account_access,account_access
I have to delete an item from order {{Order Number}},other,order_change
"I have to purchase some of your article, help me",other,product_information
how can i see at what time i can call customer assistance,other,human_request
how can I check what hours I can call customer support?,other,human_request
problem with cancelling purchase {{Order Number}},other,order_cancellation
need help checking in what situations can I request refunds,refund,refund_policy
show me my restitution status,refund,refund_pending
what do I need to do to check your accepted payment methods?,payment,payment_methods
I don't know how I could cancel purchase {{Order Number}},other,order_cancellation
want assistance to leave a review for your prducts,other,product_information
"I would like to cancel purchase {{Order Number}}, I need help",other,order_cancellation
"I have to leave a comment, I need assistance",other,product_information
My robot vacuum stopped working after delivery.,technical_support,technical_product_malfunction
"I have to list the payment modalities, I need assistance",payment,payment_methods
know if there is anything wrong with the refund,refund,refund_pending
The shopping app crashes when I open my order history.,technical_support,technical_app_crash
how do i check what goddamn payment methods are lalowed,payment,payment_methods
i need help shopping some of ur article,other,product_information
I am calling to check what bloody shipping methods I have,delivery,delivery_options
need assistance solving an issue with online paymenst,payment,payment_issue
do ya deoiver to {{Delivery City}},delivery,delivery_options
how do i check when my purchase is gonna arrive,delivery,delivery_delay
The shopping app keeps rejecting my correct login details.,technical_support,technical_login_error
where can i notify of errors with online payments,payment,payment_issue
I don't know how I can speak with a goddamn person,other,human_request
how can I make a consumer reclamation against your business?,other,general_complaint
support regarding online pamyent,payment,payment_issue
I want ehlp demanding a reimbursement of money,refund,refund_request
I need assistance with adding a product to purchase {{Order Number}},other,order_change
is it possible to create a standard account for my dad,account_access,account_creation
i have got to demand a reimbursement,refund,refund_request
checking the shipment options,delivery,delivery_options
is it possible to subscribe to your corporate newsletter?,other,newsletter
troubles setting up the secondary shipping address,delivery,delivery_address
lodging consumer complaint against ur business,other,general_complaint
where do i receive ur company newsletter,other,newsletter
help entering a different shipping address,delivery,delivery_address
i need help informing of a trouble with payment,payment,payment_issue
where to make a customer claim?,other,general_complaint
remove several items from purchase {{Order Number}},other,order_change
"I have got to see the fucking delivery methods, I need help",delivery,delivery_options
the available delivery options,delivery,delivery_options
what do I need to do to lodge a customer complaint?,other,general_complaint
help me create a new fucking {{Account Category}} account,account_access,account_creation
I want to check what methods for delivery you offer,delivery,delivery_options
I cannot pay for purchase {{Order Number}},other,order_cancellation
help to correct the goddamn info on my user account,account_access,account_management
I acn't unsubscribe to your company newsletter,other,newsletter
help me solving troubles with payments,payment,payment_issue
need assistance talking with an assistant,other,human_request
"I cannot find the withdrawal charge, help me",other,cancellation_fee
I try to track purchase {{Order Number}},delivery,track_order
where could I cancel purchase {{Order Number}}?,other,order_cancellation
I want assistance to demand compensations,refund,refund_request
I need assistance to speak to a live agent,other,human_request
"I would like to get the bill from {{Person Name}}, help me",other,invoice_request
could you help me to see how soon can I expect the product?,delivery,delivery_delay
can ya help me to inform of an problem with payment,payment,payment_issue
how to see the allowed payment methods,payment,payment_methods
i can no longer pay for order {{Order Number}},other,order_cancellation
need help to write an comment for ur products,other,product_information
where can i file a customer complaint agaist ur company,other,general_complaint
can you help me to see the restitution status?,refund,refund_pending
assistance with cancelling pucrhase {{Order Number}},other,order_cancellation
i need help changing an iten of purchase {{Order Number}},other,order_change
need help getting the invoices from {{Person Name}},other,invoice_request
need help to check what methods for delivery i have,delivery,delivery_options
I don't know how I can download invoice #37777,other,invoice_request
what do I need to do to see the terminbation fee?,other,cancellation_fee
help me see the eta of purchase {{Order Number}},delivery,track_order
"I am experiencing issues trying to sign up, what can I do ?",account_access,account_access
"I need to see the withdrawal fee, how to do it?",other,cancellation_fee
I do not know how I could create a standard account,account_access,account_creation
Payment failed when I tried to complete my order.,payment,payment_issue
I want to know if there is anything wrong with my refund,refund,refund_pending
I don't know what I need to do to see the termination fees,other,cancellation_fee
want help to see in which cases can I request reimbursements,refund,refund_policy
help me check in what cases can I request to be reimbursed,refund,refund_policy
help checkig in what situations can i ask for a refund,refund,refund_policy
can you help me track order {{Order Number}}?,delivery,track_order
i need assistance to track the restitution,refund,refund_pending
see if there are any news on the compensation,refund,refund_pending
how could I check your money back guarantee?,refund,refund_policy
tell me about the subscription to your corporate newsletter,other,newsletter
change data on platinum account,account_access,account_management
I have to create a premium account for my fiance,account_access,account_creation
I need help with canceling order {{Order Number}},other,order_cancellation
I do not know how I can enter the new delivery address,delivery,delivery_address
I don't know what I have to do to open a {{Account Type}} account,account_access,account_creation
I have troubles submittng the shipping address,delivery,delivery_address
update order {{Order Number}},other,order_change
need to use the freemium profile can ya help me,account_access,account_management
I want assistance downloading bill #37777,other,invoice_request
need help to list your available payment modalities,payment,payment_methods
i do not know how i can create a standard account,account_access,account_creation
want assistance notifying of payment issues,payment,payment_issue
I need assistance to receive reimbursements,refund,refund_request
could I check the withdrawal charge?,other,cancellation_fee
how to receive a reimbursement of my money?,refund,refund_request
I want help to check what options for delivery you offer,delivery,delivery_options
deeting something from order {{Order Number}},other,order_change
can ya help mereceive ur company newsletter,other,newsletter
I want to know more about opening a standard account,account_access,account_creation
I want to check in which cases can I request reimbursements,refund,refund_policy
i have to change purchase {{Order Number}} i need help,other,order_change
see the early exit fees,other,cancellation_fee
how can I see how long it takes for the package to arrive?,delivery,delivery_delay
what do I need to do to check the fucking shipment methods?,delivery,delivery_options
wanna change some items of order {{Order Number}},other,order_change
I have got to take a quick look at my invoice #37777,other,invoice_request
"I want to pudate purchase {{Order Number}}, can you help me?",other,order_change
I want to shop several articles,other,product_information
check order {{Order Number}} current  status,delivery,track_order
I don't know how I can inform of issues with payments,payment,payment_issue
Please investigate this unexpected payment charge.,payment,payment_issue
How do I receive a copy of my invoice,other,general_complaint
assistance to leave a comment for a service,other,product_information
Ineed to contact an agent,other,human_request
I try to change the delivery address,delivery,delivery_address
i do not know what to do to correct the shipping address,delivery,delivery_address
how can I check the termination charge?,other,cancellation_fee
"I have to cancel purchase {{Order Number}}, can I get some help?",other,order_cancellation
see in which cases can I ask to be reimbursed,refund,refund_policy
I have to see in which cases can I ask to be refunded,refund,refund_policy
I do not know how I can enter another shipping address,delivery,delivery_address
can ya help me remove some products from order {{Order Number}},other,order_change
could you help me solve an error with online payment?,payment,payment_issue
problems with cancelling purchase {{Order Number}},other,order_cancellation
I want to open a standard account,account_access,account_creation
need to swap some products of purchase {{Order Number}},other,order_change
"the payment failed, I want to notify of issues",payment,payment_issue
how do I create a freemium account for my daughter?,account_access,account_creation
assistance checking purchase {{Order Number}} bloody current status,delivery,track_order
i cannot check purchase {{Order Number}} status,delivery,track_order
"I don't want the freemium account, I need help to close it",account_access,account_management
help me checking the accepted payment options,payment,payment_methods
where do I take a quick look at my bill #12588?,other,invoice_request
problem submktting another delivery address,delivery,delivery_address
"I do not want my last bloody item, cancel order {{Order Number}}",other,order_cancellation
how can i see ur available payment options,payment,payment_methods
I call to check how soon can I expect my package,delivery,delivery_delay
help me check how soon can i expect my fucking purchase,delivery,delivery_delay
Opening the web store causes a crash on my device.,technical_support,technical_app_crash
see the available payment options,payment,payment_methods
help me to talk with customer service,other,human_request
"I cannot make a payment, I need help notifying of errors",payment,payment_issue
I don't know how I can chek the early exit charge,other,cancellation_fee
i cannot pay for puchase {{Order Number}} how could i cancel it,other,order_cancellation
Please fix the checkout error in the customer portal; I cannot finish my order.,technical_support,technical_checkout_error
The website crashes when I open my order history.,technical_support,technical_app_crash
"I have got to see your money back policy, how can I do it?",refund,refund_policy
I would like to see in which cases can I request refunds,refund,refund_policy
help me check what shipping methods are available,delivery,delivery_options
help to enter a different shipping address,delivery,delivery_address
can I check in which situations can I request refunds?,refund,refund_policy
how can i check the current status of my restitution,refund,refund_pending
assistance filing a claim against your organization,other,general_complaint
need help making an customer complaint against your business,other,general_complaint
I returned the product last week but no refund is visible,refund,refund_request
"I need to talk with customer assistance, can you help me?",other,human_request
can you help me call fucking customer sujpport?,other,human_request
have problems with the deletion of my gold account,account_access,account_management
how to see how long it takes for my package to arrive?,delivery,delivery_delay
help me checking what options for delivery i have,delivery,delivery_options
how do i check the current status of the reimbursement,refund,refund_pending
where can i list ur accepted payment methods,payment,payment_methods
check the current status of purchase {{Order Number}},delivery,track_order
see purchase {{Order Number}} goddamn status,delivery,track_order
I want assistance solving troubles with online payment,payment,payment_issue
i have a problem with cancelling order {{Order Number}},other,order_cancellation
I cannot talk to a person,other,human_request
editing informaqtion on {{Account Type}} account,account_access,account_management
"I have got to track the restitution, how can I do it?",refund,refund_pending
help to see the withdrawal fee,other,cancellation_fee
"I have got to edit order {{Order Number}}, I need assistance",other,order_change
I want to switch an article of purchase {{Order Number}},other,order_change
I don't know what I have to do to receive your newsletter,other,newsletter
can you help me filing an reclamation against your company?,other,general_complaint
I am trying to list your available payment methods,payment,payment_methods
is it possible to list your payment options?,payment,payment_methods
I can no longer pay for purchase {{Order Number}},other,order_cancellation
"the new delivery address is not valid, how do I do it?",delivery,delivery_address
i don want order {{Order Number}} I'd like to cancel it,other,order_cancellation
i have to see how long refunds take,refund,refund_policy
how could I swap several items of purchase {{Order Number}}?,other,order_change
i cant pay help informing of issues with payment,payment,payment_issue
"I ain't registered, help opening a standard account with you",account_access,account_creation
need help obtaining  damn rebates of my money,refund,refund_request
where to check the ETA of purchase {{Order Number}},delivery,track_order
"I want to speak with customedr assistance, help me",other,human_request
"I have got to download the bill from {{Person Name}}, help me",other,invoice_request
where do I check what damn shipment options are available?,delivery,delivery_options
how to get bill #37777,other,invoice_request
I need information about correcting purchase {{Order Number}},other,order_change
could you help me create a {{Account Type}} account for my daughter?,account_access,account_creation
I try to list the payment modalities,payment,payment_methods
information about a deliveryaddress change,delivery,delivery_address
want assistance listing your available payment options,payment,payment_methods
i want assistance earning some products,other,product_information
tell me more about subscribing to your corporate newsletter,other,newsletter
help me checking how long it takes for the article to arrive,delivery,delivery_delay
assistance checking how long the delivery takes,delivery,delivery_delay
What payment methods do you accept,other,general_complaint
"I am unhappy with your work, I have to file a damn claim",other,general_complaint
I am trying to check order {{Order Number}} currentstatus,delivery,track_order
"I have to see the fucking delivery options, how to do it?",delivery,delivery_options
cancel the subscription to the corporate newsletter,other,newsletter
want assistance trying to update the address,delivery,delivery_address
want help retrieving the pwd of my user account,account_access,account_access
"I want to check the options for shipping, how to do it?",delivery,delivery_options
can you help me seeing in what cases can I request refunds?,refund,refund_policy
where can I order some items?,other,product_information
there are problems entering my shipping address,delivery,delivery_address
want assistance listing the available payment options,payment,payment_methods
i want assistance checking what delivery methods i have,delivery,delivery_options
wanna create a {{Account Category}} account,account_access,account_creation
"I need to track purchase {{Order Number}}, can I get some help ?",delivery,track_order
"I have to see the shipment methods, can you help me?",delivery,delivery_options
how to see if there is anything wrong with my restitution?,refund,refund_pending
I am trying to leave my feedback for a service,other,product_information
what do I need to do to see how soon can I expect my item?,delivery,delivery_delay
I try to see in which cases can I request to be refunded,refund,refund_policy
buy several articles,other,product_information
where to purchase an article?,other,product_information
can you help me see what shipping options I have?,delivery,delivery_options
how do i inform of issues with a signup,account_access,account_access
correct details on freemium account,account_access,account_management
i try to receive a rebate of money,refund,refund_request
where could i see when my order is gonna arrive,delivery,delivery_delay
help me see in what situations can I ask for a refund,refund,refund_policy
need help listing ur payment modalities,payment,payment_methods
see the status of my subscription to ur newsleyter,other,newsletter
help to check your accepted payment methods,payment,payment_methods
wanna check whne my package is gonna arrive i need help,delivery,delivery_delay
how do I create a {{Account Category}} account?,account_access,account_creation
help me to change a goddamn product of order {{Order Number}},other,order_change
where to check what shipment options i have,delivery,delivery_options
find information about modifying the shipping address,delivery,delivery_address
i do not know how to check the accepted payment options,payment,payment_methods
is it possible to unsubscribe from the company newsletter,other,newsletter
i cant delete some items from order {{Order Number}},other,order_change
update data on standard account,account_access,account_management
assistance to cancel order {{Order Number}},other,order_cancellation
can ya show me at what time customer assistance available is,other,human_request
I need to check in what cases can I request reimbursements,refund,refund_policy
get invoice from {{Person Name}},other,invoice_request
The security camera has a fault and I need troubleshooting steps.,technical_support,technical_product_malfunction
need help talking to a live agent,other,human_request
I try to cancel the subscription to your newsletter,other,newsletter
wanna get the bil from {{Person Name}} will uhelp me,other,invoice_request
assistance to check what delivery options are there,delivery,delivery_options
assistance giving a quick look at the bill #00108,other,invoice_request
how can I get infomation about my pro account cancellation?,account_access,account_management
iw it possible to get in touch with customer support,other,human_request
i canot correct the order i made,other,order_change
i try to see ur reimbursement policy,refund,refund_policy
find information about modifying the delivery address,delivery,delivery_address
see at what time I can get in touch with customer support,other,human_request
how to talk to a fucking person?,other,human_request
I have to download my bill from {{Person Name}},other,invoice_request
i have a question about the forgotten pin code,account_access,account_access
editting details on platinum account,account_access,account_management
another standard account for father,account_access,account_creation
I cannot place my order because checkout freezes on the mobile app.,technical_support,technical_checkout_error
help me to make a customer claim,other,general_complaint
I call to lodge a fucking claim,other,general_complaint
can uhelp me to unsubscribe from ur corporate newsletter,other,newsletter
I do not know how to list your allowed payment methods,payment,payment_methods
help to notify of an issue with payments,payment,payment_issue
i have to receive ur corporate newsletter,other,newsletter
need help to leave feedback for ur products,other,product_information
where do I list your accepted payment options?,payment,payment_methods
I have got to demand reimbursements,refund,refund_request
need to report a payment error,payment,payment_issue
"I need to cancel my subscription to your newsletter, help me",other,newsletter
I have got to chaneg to the {{Account Category}} account,account_access,account_management
wanna see hte eta of order {{Order Number}} help me,delivery,track_order
I am trying to see the accepted payment options,payment,payment_methods
help with opening a {{Account Type}} account,account_access,account_creation
I try to check the available payment modalities,payment,payment_methods
can you help me file a consumer claim against your business?,other,general_complaint
can uhelp em to ask for rebates of money,refund,refund_request
i do not know what to do to open a {{Account Category}} account,account_access,account_creation
need assistance with canceling order {{Order Number}},other,order_cancellation
"I want to earn a product, how can I do iut?",other,product_information
the delivery address changed,delivery,delivery_address
assistance to inform of problems with online payments,payment,payment_issue
how can I list the accepted payment modalitiues?,payment,payment_methods
can ya help me to subscribe to ur corporate newsletter,other,newsletter
The shopping app freezes and then shuts down before I can use it.,technical_support,technical_app_crash
could ya help me to unsubscribe from ur company newsletter,other,newsletter
I do not know what I have to do to cancel my {{Account Type}} account,account_access,account_management
can i remove something from order {{Order Number}},other,order_change
can ya help me to change to the gold account,account_access,account_management
check the available delivery options,delivery,delivery_options
could I retrieve the access key of my profile?,account_access,account_access
how to report an issue with online payments?,payment,payment_issue
A technical error prevents me from using the order page.,technical_support,technical_website_error
where to cancel purchase {{Order Number}}?,other,order_cancellation
need help speaking with an agent,other,human_request
want help making a reclamation against ur company,other,general_complaint
i dont know how to make a reclamation against ur company,other,general_complaint
is it possible to order from {{Delivery City}} ?,delivery,delivery_options
could I edit my damn profile?,account_access,account_management
I need assistance to talk with damn customer service,other,human_request
"I have got to modify my delivery address, how can I do it?",delivery,delivery_address
Why does the website show error code E500 when I sign in?,technical_support,technical_login_error
I don't know how I can ask for compensations,refund,refund_request
I have to check the ETA of the purchase {{Order Number}},delivery,track_order
I want help canceling the subscription to the newsletter,other,newsletter
I have got to check in what cases can I request a refund,refund,refund_policy
mail me bill #00108,other,invoice_request
need help to restore my user account password,account_access,account_access
I try to see at what time I can reach customer assistance,other,human_request
The return was accepted but I have not received my refund.,refund,refund_pending
need to set my new shipping addrses up,delivery,delivery_address
need to create an standard account,account_access,account_creation
how can I see how son can I expect my package?,delivery,delivery_delay
need help requesting restitutions of my money,refund,refund_request
could you help me signing up to the corporate newsletter?,other,newsletter
open a premium acount for my dad,account_access,account_creation
My parcel has not arrived by the promised delivery period.,delivery,delivery_delay
are there any withdrawal charges?,other,cancellation_fee
i need help to check what hours i can call customer support,other,human_request
I cannot access my account after resetting my password.,account_access,account_access
I don't know how I can open a gold account for my daughter,account_access,account_creation
modifying info on freemium account,account_access,account_management
I need an update because the order has still not been delivered.,delivery,delivery_delay
I am trying to leave my feedbacj for your products,other,product_information
can you help me to create a freemium account?,account_access,account_creation
what do i need to do to see the termination fee,other,cancellation_fee
i need help to see my bill from {{Person Name}},other,invoice_request
where can i see if there are any news on the reimbursement,refund,refund_pending
i have to see the early termination penalties how to doo it,other,cancellation_fee
need help switching some articles of order {{Order Number}},other,order_change
can you help me check what options for delivery you offer?,delivery,delivery_options
I need help cancelling oredr {{Order Number}},other,order_cancellation
I want help removing something from purchase {{Order Number}},other,order_change
I have got to inform of damn errors with online payment,payment,payment_issue
troubles setting the new delivery address up,delivery,delivery_address
I want a refund for a damaged product,refund,refund_request
"I have got to submit hte secondary shipping address, help me",delivery,delivery_address
where can I see the withdrawal fees?,other,cancellation_fee
modifying data on pro account,account_access,account_management
i want assistance to see the compensation current status,refund,refund_pending
help me create a {{Account Category}} account,account_access,account_creation
i dont want order {{Order Number}},other,order_cancellation
I have got to submit my feedback,other,product_information
i do not know how to inform of issues with a registration,account_access,account_access
i need assiostance cancelling order {{Order Number}},other,order_cancellation
"I do not have a freemium account, I try to register",account_access,account_creation
i want assistance to cancel order {{Order Number}},other,order_cancellation
how to report a problem with payment,payment,payment_issue
what do I need to do to write an opinion for a service?,other,product_information
remove something from order {{Order Number}},other,order_change
My smart speaker stopped working after delivery.,technical_support,technical_product_malfunction
I want assistance downloading my invoice #85632,other,invoice_request
I have to contact na agent,other,human_request
i want help to see the rebate status,refund,refund_pending
i do not knwo how to cancel order {{Order Number}},other,order_cancellation
problem with the termination of my pro account,account_access,account_management
Setup for the smart speaker fails with an unexpected error.,technical_support,technical_device_setup
i hasve to see the ETA of order {{Order Number}} how can i do it,delivery,track_order
how can I locate the invoice #37777?,other,invoice_request
have a problem with the cancellation of my gold account,account_access,account_management
need assistance to check the ETA of the order {{Order Number}},delivery,track_order
how do i create a pro account,account_access,account_creation
what payment methods are accepted?,payment,payment_methods
i dont know what i have to do to demand rebates of money,refund,refund_request
I am trying to see what options for delivery are there,delivery,delivery_options
I have a question about opening standard accounts,account_access,account_creation
can you help me order several articles?,other,product_information
"someone stole my PIN code, assistance restoring it",account_access,account_access
what do i need to do to reportt registration errors,account_access,account_access
assistance to unsubscribe from the company newsletter,other,newsletter
"I no longer want order {{Order Number}}, I would like to cancel it",other,order_cancellation
there is anything new on my rebate,refund,refund_pending
have a problem with cancelling order {{Order Number}},other,order_cancellation
I am trying to unsubscribe from your company newsletter,other,newsletter
what do I need to do to get my bill #37777?,other,invoice_request
what do I need to do to request my money baqck?,refund,refund_request
show me the eta of the order {{Order Number}},delivery,track_order
i want assistance to cancel purchase {{Order Number}},other,order_cancellation
The tracking page is unclear; where is my package?,delivery,track_order
want help to get my invoices from {{Person Name}},other,invoice_request
help me check your money bck guarantee,refund,refund_policy
My order page closes unexpectedly after the latest update.,technical_support,technical_app_crash
I want assistance submitting feedback for your company,other,product_information
wanna check how soon can i expect my article,delivery,delivery_delay
I need help swapping an item of order {{Order Number}},other,order_change
change info on freemium account,account_access,account_management
I need to see purchase {{Order Number}} current status,delivery,track_order
help filing a reclamation against your business,other,general_complaint
can ya show me in which cases can i request a refund,refund,refund_policy
I am looking for information about my key reset,account_access,account_access
I don't know how I can check the early termination fees,other,cancellation_fee
wanna leave a comment how do i do it,other,product_information
i cant make a payment i wanna repotr a problem,payment,payment_issue
i want assistance cancelling the newsletter subscription,other,newsletter
help checking in which cases can i request a reimburement,refund,refund_policy
have problems with editing purchase {{Order Number}},other,order_change
"I need to list the payment options, how could I do it?",payment,payment_methods
where can i lodge a bloody consumer claim against ur company,other,general_complaint
i expect a restitution of {{Refund Amount}} dollafs,refund,refund_pending
would it be possible to obtain compensations of money?,refund,refund_request
how to ask for a restitution of my money,refund,refund_request
how do I track purchase {{Order Number}}?,delivery,track_order
I do not know how I can see the methods for shipping,delivery,delivery_options
I want assistance to subscribe to the corporate newsletter,other,newsletter
i have an issue with my signup,account_access,account_access
I get error code E204 during installation,technical_support,technical_website_error
could you help me seeing when will my parcel arrive?,delivery,delivery_delay
creating new {{Account Category}} account,account_access,account_creation
how do I change to the {{Account Category}} account?,account_access,account_management
How can I configure my new wireless printer in the website?,technical_support,technical_device_setup
"I have to list your payment options, I need assistance",payment,payment_methods
could you help me list the allowed payment modalities?,payment,payment_methods
I'm trying to check the status of purchase {{Order Number}},delivery,track_order
help me check the eta of purchase {{Order Number}},delivery,track_order
The mobile app crashes whenever I try to check out.,technical_support,technical_checkout_error
I have got to speak to an operator,other,human_request
I don't know what I have to do to buy some of your article,other,product_information
help seeing the shipment methods,delivery,delivery_options
I try to cancel purchase {{Order Number}},other,order_cancellation
help touse the pro profile,account_access,account_management
i have a problem with openng a platinum account,account_access,account_creation
I don't know what I have to do to file a customer complaint,other,general_complaint
how can I inform of a trouble with payhments?,payment,payment_issue
i want help to check my bill fom {{Person Name}},other,invoice_request
show me estimated time of arrival of order {{Order Number}},delivery,track_order
I don't know how I can create a {{Account Category}} accoiunt,account_access,account_creation
i can no longer afford order {{Order Number}},other,order_cancellation
I want help seeing your available payment options,payment,payment_methods
chatting with humnan agent,other,human_request
help seeing how long it takes for my item to arrive,delivery,delivery_delay
update information on gold account,account_access,account_management
whta do i need to do to change to the damn gold account,account_access,account_management
"I want to see your money back guarantee, how can I do it?",refund,refund_policy
I do not know how to see your accepted payment modalities,payment,payment_methods
tell me more about shipping period,delivery,delivery_delay
do you have an address to submit a comment for a product?,other,product_information
I don't know how I can check the ETA of order {{Order Number}},delivery,track_order
can i place an order frim {{Delivery Country}},delivery,delivery_options
"I do not understand you, help me speaking with an agent",other,human_request
I cannot complete device setup for the wireless printer.,technical_support,technical_device_setup
I want assistance seeing the withdrawal penalty,other,cancellation_fee
need help to see what payment options  are allowed,payment,payment_methods
I want assistance to check the bill #85632,other,invoice_request
i need help reporting problems with online payment,payment,payment_issue
I have got to track purchase {{Order Number}},delivery,track_order
would it be possible to lodge a reclamation?,other,general_complaint
how to see what shipping options I have?,delivery,delivery_options
buying article,other,product_information
want help seeing the current status of my reimbursement,refund,refund_pending
I want to update my preferred language,other,general_complaint
help me checking if there are any news on my refund,refund,refund_pending
I need help with a return,refund,refund_request
i purchased some fucking item cancel order {{Order Number}},other,order_cancellation
I'm not happy wirh ur services file a complaint,other,general_complaint
their is a problem trying to update my delivery address,delivery,delivery_address
"I need to talk with customer service, how could I do it?",other,human_request
assistance checking the ETA of the purchase {{Order Number}},delivery,track_order
can you help me see how soon can I expect the product?,delivery,delivery_delay
show me the accepted payment modalities,payment,payment_methods
i need help setting up my new delivery address,delivery,delivery_address
"I have to edit order {{Order Number}}, how do I do it?",other,order_change
i need assistance checking my rebate status,refund,refund_pending
need to check in what cases can i ask for a reimbursement,refund,refund_policy
want assistance seeing the cancellation penalty,other,cancellation_fee
I need help lodging an reclamation against your company,other,general_complaint
i need help to report a payment error,payment,payment_issue
I need help seeing purchase {{Order Number}} status,delivery,track_order
I don't know how to subscribe to the newsletter,other,newsletter
want help to enter my secondary shipping address,delivery,delivery_address
want help to see if there are any news on the rebate,refund,refund_pending
I don't know what to do to buy some items,other,product_information
"I have to enter my new delivery address, could you help m?",delivery,delivery_address
reporting issues with online payments,payment,payment_issue
need assistance to check ur available payment options,payment,payment_methods
I don't know what I have to do to see the termination fees,other,cancellation_fee
I want help seeing what payment options are available,payment,payment_methods
I don't know how I can check the cancellatio charges,other,cancellation_fee
can you help me receiving a compensation?,refund,refund_request
i dont khow how to cancel order {{Order Number}},other,order_cancellation
I want help to earn several of your article,other,product_information
I forgot my password and cannot sign in,account_access,account_access
"I want to set up a new delivery address, how do I do it?",delivery,delivery_address
there are problems trying to update my shipping address,delivery,delivery_address
how can i earn an article,other,product_information
I try to see in what cases can I ask for a refund,refund,refund_policy
I need help setting up my wireless printer with the website.,technical_support,technical_device_setup
would it be possible to check the shipping methods?,delivery,delivery_options
correcting details on premium account,account_access,account_management
The fitness tracker will not connect to the customer portal.,technical_support,technical_device_setup
I cannot place my order because checkout freezes on the order page.,technical_support,technical_checkout_error
want assistance to notify of a registration issue,account_access,account_access
hwy I cannot set up a shipping address valid,delivery,delivery_address
cancel my newsletter subscription,other,newsletter
help seeing what shipping options you offer,delivery,delivery_options
I don't know what to do to close my freemium account,account_access,account_management
help me to file a customer claim gaainst your organization,other,general_complaint
can you tell me more about an address change?,delivery,delivery_address
I need help to see in what cases can I ask to be refunded,refund,refund_policy
I cannot afford order {{Order Number}},other,order_cancellation
changing detais on {{Account Category}} account,account_access,account_management
can you help me checking the options for shipment?,delivery,delivery_options
I want assistance to set up my secondary delivery address,delivery,delivery_address
what do i need to do to see the early terminaion charges,other,cancellation_fee
have a problem with creating a platinum account,account_access,account_creation
"I hav got to change order {{Order Number}}, help me",other,order_change
can you help me shopping an article?,other,product_information
assistance to check the status of my newsletter subscription,other,newsletter
I need assistance to check my restitution status,refund,refund_pending
I want help to report an error with payments,payment,payment_issue
how to check at what time I can  contact customer service?,other,human_request
assistance seeing in what cases can I request reimbursements,refund,refund_policy
I have to check what shipping methods I can choose,delivery,delivery_options
show me the bill from {{Person Name}},other,invoice_request
can you help me create a different bloody platinum account?,account_access,account_creation
can uhelp me file a customer reclamation,other,general_complaint
tell me about canceling the subscription to the newsletter,other,newsletter
assistance changing to the premium account,account_access,account_management
I am trying to cancel my corporate newsletter subscription,other,newsletter
help me seeing if there are any news on my reimbursement,refund,refund_pending
"I want a platinum account for my son, I want to create it",account_access,account_creation
want assistance seeinhg how long the shipment takes,delivery,delivery_delay
I do not know what I need to do to check your refund policy,refund,refund_policy
wanna use the gold profile how can i do it,account_access,account_management
I cannot track the reimbursement,refund,refund_pending
can you help me notify of problems with online payments?,payment,payment_issue
can ya help me get reimbursements,refund,refund_request
how to demand a compensation of my money?,refund,refund_request
I want help listing the accepted payment options,payment,payment_methods
I need to see how soon can I expect my damn order,delivery,delivery_delay
do you have a free number to talk to customer assistance?,other,human_request
help me list your accepted payment methods,payment,payment_methods
where can i track order {{Order Number}},delivery,track_order
I cannot sign up to your corporate newsledtter,other,newsletter
what do i have to do to cancel purchase {{Order Number}},other,order_cancellation
I need to remove an article from purchase {{Order Number}},other,order_change
"I am trying to find the methods for shipment, I need help",delivery,delivery_options
i try to inform of a truble with payment,payment,payment_issue
i dot know what to do to notify of damn payment issues,payment,payment_issue
"I would like to track the reimbursement, how could I do it?",refund,refund_pending
can you help me unsubscribing from the company newsletter?,other,newsletter
can you help me locate the invoice #37777?,other,invoice_request
I do not know how I can make a reclamation,other,general_complaint
refund {{Refund Amount}} dollars,refund,refund_request
how can I receive your newsletter?,other,newsletter
help me delete an article from purchase {{Order Number}},other,order_change
help switching something of purchase {{Order Number}},other,order_change
i do not know how i can cancel order {{Order Number}},other,order_cancellation
show your money back guarantee,refund,refund_policy
how can I check how long it takes for the package to arrive?,delivery,delivery_delay
need help reporting an error with payments,payment,payment_issue
Login is not working on the shopping app; please help me regain access.,technical_support,technical_login_error
My shopping app closes unexpectedly after the latest update.,technical_support,technical_app_crash
assistance to speak with an agent,other,human_request
Please help diagnose a malfunction with my fitness tracker.,technical_support,technical_product_malfunction
I want help to open a {{Account Type}} account,account_access,account_creation
can you tell me about a delivery address update?,delivery,delivery_address
I try to make an order,other,product_information
help me seeing how long it takes for the delivery to arrive,delivery,delivery_delay
can ya help me checking what methds for delivery ya offer,delivery,delivery_options
help me to cancel my  last goddamn purchase,other,order_cancellation
Do you offer gift wrapping,other,general_complaint
i dont know how to set up the new delivery addresd,delivery,delivery_address
"I need to enter the shipping address, could I get some help?",delivery,delivery_address
i want assistance to see ur allowed  payment options,payment,payment_methods
would it be possible to see what shipping methods are there?,delivery,delivery_options
how could I file a consumer complaint?,other,general_complaint
Can you connect me with a sales representative,other,general_complaint
how do I make a reclamation?,other,general_complaint
issues with payment,payment,payment_issue
I need assistance to recover the PIN code of my account,account_access,account_access
I need help seeing what shipment methods are there,delivery,delivery_options
can ya help me to change an article of purchase {{Order Number}},other,order_change
where do I check the ETA of the purchase {{Order Number}}?,delivery,track_order
in what cases can I ask foir a refund?,refund,refund_policy
can you help me to notify of issues with online payment?,payment,payment_issue
how do I check what hours customer service available is?,other,human_request
I have to check what shipment methods are there,delivery,delivery_options
I want assistance to see what shipment options are available,delivery,delivery_options
i dont know how to look for  my invoice #85632,other,invoice_request
i have a problem with the deletino of a gold account,account_access,account_management
I cannot complete device setup for the Bluetooth headset.,technical_support,technical_device_setup
can I unsubscribe from the goddamn newsletter?,other,newsletter
there is a problem submitting my secondary shipping address,delivery,delivery_address
wanna check the iwthdrawal penalty,other,cancellation_fee
I am trying to notify of sign-up problems,account_access,account_access
Why is the transaction still pending on my account,payment,payment_issue
can you show me what damn payment methods are allowed?,payment,payment_methods
I need to see in what situations can I request my money back,refund,refund_policy
i need help checking the termination fee,other,cancellation_fee
can you help me to ask for damn restitutions of money?,refund,refund_request
I'm trying to lodge a consumer claim,other,general_complaint
i do not know what to do to talk to an assistant,other,human_request
can i see my invoices from {{Person Name}},other,invoice_request
assistance to modify my shipping address,delivery,delivery_address
help to lodge a claim against your business,other,general_complaint
remove an itemfrom purchase {{Order Number}},other,order_change
The driver delivered my parcel to a neighbour without permission,delivery,delivery_delay
The mobile app keeps showing an unexpected error; can technical support investigate?,technical_support,technical_website_error
I do not know what I have to do to look for the bill #12588,other,invoice_request
help to see in what cases can I ask for a reimbursement,refund,refund_policy
i want help to see what payment methods uaccept,payment,payment_methods
check if there is anything wrong with my damn restitution,refund,refund_pending
i cannot find anything about the early termination charge,other,cancellation_fee
i want help to check the ETA of the oder {{Order Number}},delivery,track_order
what options for shipment are available?,delivery,delivery_options
I receive a a loading error message whenever I try to access my account on the order page.,technical_support,technical_login_error
I want assistance demanding rebates of my money,refund,refund_request
"I need to lodge a damn consumer claim, ehlp me",other,general_complaint
how can I lodge a customer claim?,other,general_complaint
"I have to check the early exit charge, I need help",other,cancellation_fee
assistance to cancel purchase {{Order Number}},other,order_cancellation
nede to download my bill #85632,other,invoice_request
how can I get information about damn delivery  period?,delivery,delivery_delay
want help demanding a rebate of my money,refund,refund_request
I want assistance seeing the options for shipping,delivery,delivery_options
complaint against ur company,other,general_complaint
can you help me check the cancellation charges?,other,cancellation_fee
I want help to swap several items of purchase {{Order Number}},other,order_change
I expect a fucking compensation of {{Currency Symbol}}{{Refund Amount}},refund,refund_pending
how to subscribe to your newsletter?,other,newsletter
help me seeing your accepted payment methods,payment,payment_methods
Can you help me follow the delivery for my order?,delivery,track_order
prfoblems with cancelling order {{Order Number}},other,order_cancellation
i cant enter the secondary delivery address,delivery,delivery_address
i have problems with creating a pro account,account_access,account_creation
I cannot sign in to the customer portal; it says a blank screen.,technical_support,technical_login_error
where do I seed the early exit charge?,other,cancellation_fee
create {{Account Category}} account,account_access,account_creation
I do not know how to create a {{Account Category}} account,account_access,account_creation
The customer portal crashes when I open my order history.,technical_support,technical_app_crash
assistance to retrieve the password of my user account,account_access,account_access
do you have an e-mai to send a review about a service?,other,product_information
what do I have to do to unsubscribe to your newsletter?,other,newsletter
how could i edmand a refund of my money,refund,refund_request
i have to see how long i takes for my article to arrive,delivery,delivery_delay
I do not know how I can sign up to your newsletter,other,newsletter
could uhelp me to know if there are any news on my rebate,refund,refund_pending
help me to open a {{Account Type}} account,account_access,account_creation
I get an unexpected error when I try to check out on the mobile app.,technical_support,technical_checkout_error
where to reset my fucking account pass ?,account_access,account_access
"I have got to swap something of order {{Order Number}}, help em",other,order_change
what do I have to do to see my compensation current status?,refund,refund_pending
wanna call cystomer assistance,other,human_request
reporting registration issues,account_access,account_access
I want help to see the early exit fees,other,cancellation_fee
"I want to see the termination fee, help me",other,cancellation_fee
where can i gert information about my forgotten password,account_access,account_access
I receive a an unexpected error message whenever I try to access my account on the mobile app.,technical_support,technical_login_error
editing information on gold account,account_access,account_management
can I sign up to the corporate newsletter?,other,newsletter
refunding {{Refund Amount}}  dollars,refund,refund_request
can uhelp me to report a trouble with online payment,payment,payment_issue
"I cannot find the termination fees, I need assistance",other,cancellation_fee
i do not know how to look for my invoice from {{Person Name}},other,invoice_request
chek in which cases can I request reimbursements,refund,refund_policy
i dont know how i can see the delivery options,delivery,delivery_options
how to check at what time i can reach customer assistance,other,human_request
what do I have to do to buy several damn articles?,other,product_information
how do I retrieve the access key of my user account?,account_access,account_access
i want herlp to update order {{Order Number}},other,order_change
correct information on pro account,account_access,account_management
what is the fee for canceling the contract?,other,cancellation_fee
how to open a standard account?,account_access,account_creation
I'm calling ot check when my parcel is gonna arrive,delivery,delivery_delay
how to make a damn customer claim against your business?,other,general_complaint
Setup for the Bluetooth headset fails with a loading error.,technical_support,technical_device_setup
My refund has not reached my account,refund,refund_request
"I paid {{Currency Symbol}}{{Refund Amount}} for this product, how doI get a rebate?",refund,refund_request
I don'tknow what to do to check your payment options,payment,payment_methods
i want assistance to check how long refunds take,refund,refund_policy
i dfo not know what i have to do to create a {{Account Type}} account,account_access,account_creation
I don't know what I have to do to inform of sign-up issues,account_access,account_access
I  need assistance to see when my article is going to arrive,delivery,delivery_delay
I need assistance to demand compensations of my money,refund,refund_request
I want to check when will my product arrive,delivery,delivery_delay
My fitness tracker is not recognised by the customer portal.,technical_support,technical_device_setup
can I check how long it takes for the product to arrive?,delivery,delivery_delay
need assistance sending some feedback for ur services,other,product_information
"I no longer make use of the {{Account Type}} account, how do I delete it?",account_access,account_management
need to file a consumer complaint against ur organization,other,general_complaint
I habe problems with creating a {{Account Type}} account,account_access,account_creation
want help updating the address,delivery,delivery_address
help updating order {{Order Number}},other,order_change
can youhelp me reporting troubles with online payments?,payment,payment_issue
i have to purchase some damn products how can i do it,other,product_information
"I have to see the withdrawal penalties, help me",other,cancellation_fee
checking early exit charge,other,cancellation_fee
"I am unhappy with your service, help me to make a claim",other,general_complaint
where to inform of a sign-up problem?,account_access,account_access
"I want to modify the info on my user, I need assistance",account_access,account_management
can ya help me to open a {{Account Category}} account,account_access,account_creation
i dont have a bloody {{Account Category}} account yet i ened to open one,account_access,account_creation
where do I see the status of the compensation ?,refund,refund_pending
I'd like to check my bill from {{Person Name}} i need assistance,other,invoice_request
see order {{Order Number}} current status,delivery,track_order
early termination penalties,other,cancellation_fee
i have an error trying to correct my address,delivery,delivery_address
The customer portal freezes and then shuts down before I can use it.,technical_support,technical_app_crash
I need help to obtain refunds of money,refund,refund_request
i have got to file an complaint,other,general_complaint
needx help to check the ETA of purchase {{Order Number}},delivery,track_order
I need to check in which situations can I ask for a refund,refund,refund_policy
i call to check how soon can i expect my bloody item,delivery,delivery_delay
i cannot change order {{Order Number}},other,order_change
I need help checking how soon can I expect the purchase,delivery,delivery_delay
what do i have to do to see the available payment modalities,payment,payment_methods
how to switch some items of purchase {{Order Number}}?,other,order_change
can uhelp me file a claim,other,general_complaint
uhave a free number to call customer support,other,human_request
need help checking the eta of the order {{Order Number}},delivery,track_order
can you help me to open a freemium account?,account_access,account_creation
i need assistance restoring the key of my profile,account_access,account_access
I want help to see the delivery options,delivery,delivery_options
can i check i which situations can i ask to be reimbursed,refund,refund_policy
i cannot see the eta of order {{Order Number}},delivery,track_order
want assistance reporting an error with payments,payment,payment_issue
i need help to solve problems with online payment,payment,payment_issue
help me seeing the payment modalities,payment,payment_methods
I want to cancle purchase {{Order Number}},other,order_cancellation
how to add an article to purchase {{Order Number}}?,other,order_change
I am trying to retrieve the password of my account,account_access,account_access
I try to acquire an article,other,product_information
I am oloking for information about the pass reset,account_access,account_access
"someone stole my profile PIN, how can I reset it?",account_access,account_access
"I have to list the payment modalities, help me",payment,payment_methods
The checkout screen will not load in the mobile app.,technical_support,technical_checkout_error
"I paid {{Currency Symbol}}{{Refund Amount}} for this item, I try to receive a rebate",refund,refund_request
"I expect a refund of {{Currency Symbol}}{{Refund Amount}}, has it been processed already?",refund,refund_pending
help reporting troubles with online payments,payment,payment_issue
"I have to check your payment methods, how do I do it?",payment,payment_methods
The checkout page will not complete my order in the customer portal.,technical_support,technical_checkout_error
I need assistance leaving a review about a product,other,product_information
where do i track the refund,refund,refund_pending
I do not know what I have to do to get a refund,refund,refund_request
is it possible to set up the secondary shipping address,delivery,delivery_address
were can I demand compensations of money?,refund,refund_request
"I want to sign up to the newsletter, can I get some help?",other,newsletter
i try to make a bloody consumer complaint against ur company,other,general_complaint
need assistance to ask for a compensation,refund,refund_request
i want help cancelling order {{Order Number}},other,order_cancellation
modify data on freemium account,account_access,account_management
help seeing the current status of purchase {{Order Number}},delivery,track_order
what do i have to do to buy some items,other,product_information
how do I check what hours I can ocntact customer service?,other,human_request
check in which situations can i request an refund,refund,refund_policy
i dont know what i have to do to obtain a compensation,refund,refund_request
I need assistance buying an article,other,product_information
need assistance seeing ur available payment methods,payment,payment_methods
create premium accountfor wife,account_access,account_creation
"I have to see the early exit penalty, could you help me?",other,cancellation_fee
"I expect a restitution of {{Currency Symbol}}{{Refund Amount}}, was it processed",refund,refund_pending
I need to recover my profile password,account_access,account_access
"I have to check what shipping options I have, I need help",delivery,delivery_options
seeing reimbursement status,refund,refund_pending
I cannot see the current status of purchase {{Order Number}},delivery,track_order
help to check in whta situations can I ask to be refunded,refund,refund_policy
how do I sign up to the company newsletter?,other,newsletter
"I have to check purchase {{Order Number}} status, I need assistance",delivery,track_order
I want help reporting sign-up issues,account_access,account_access
The mobile app crashes every time I open it,technical_support,technical_website_error
can i see order {{Order Number}} status,delivery,track_order
how can i inform of a payment problem,payment,payment_issue
help em checking the withdrawal fees,other,cancellation_fee
could I see the damn shipment methods?,delivery,delivery_options
I do not know what to do to get my invoice #00108,other,invoice_request
what do i need to do to check the payment methods,payment,payment_methods
I am trying to make a fucking consumer complaint,other,general_complaint
I want help to see the withdrawal penalty,other,cancellation_fee
I want help to talk with customer assistance,other,human_request
opening new freemium account for daughter,account_access,account_creation
need help singing up to the company newsletter,other,newsletter
I do not know how to see the accepted payment methods,payment,payment_methods
problems with canceling purchase {{Order Number}},other,order_cancellation
change to platinum account,account_access,account_management
i want help notifying of errors with a signup,account_access,account_access
"I need to see the early exit penalties, can I get some help?",other,cancellation_fee
"I want to earn some of your item, will you help me?",other,product_information
The order page will not let me log in after I enter my email.,technical_support,technical_login_error
can you help me to notify of an error with payment?,payment,payment_issue
help me speaking to someone,other,human_request
editdata on platinum account,account_access,account_management
show the available shipment methods,delivery,delivery_options
can uhelp me talk to a live agent,other,human_request
can uhelp me demanding a rebate,refund,refund_request
Checkout is broken and will not accept my selection on the web store.,technical_support,technical_checkout_error
i try to check the shipment options,delivery,delivery_options
where do I receive the corporate newsletter?,other,newsletter
how can I receive the newsletter?,other,newsletter
I do not know how to acquire a few of your product,other,product_information
help to inform of errors with online payments,payment,payment_issue
I cannot log into the customer portal.,account_access,account_access
i have a question about creating a freemium account,account_access,account_creation
can ya help me cancel the subscription to the newsletter,other,newsletter
switch something of order {{Order Number}},other,order_change
"I need to check what shipping options you offer, help me",delivery,delivery_options
I have to see in what situations can I request refunds,refund,refund_policy
how to check the shipping options?,delivery,delivery_options
I have to retrieve my user PIN code,account_access,account_access
how do i inform of payment issues,payment,payment_issue
could I use the {{Account Type}} profile?,account_access,account_management
I cannot change some products of pirchase {{Order Number}},other,order_change
how to check the fucking early termination charge?,other,cancellation_fee
help me to obtain rebates  of money,refund,refund_request
how can I unsubscribe from your newsletter?,other,newsletter
i need assistance to remove the platinum account,account_access,account_management
i have got to see the shipping options help me,delivery,delivery_options
where do I see the shipment methods?,delivery,delivery_options
i try to inform of problems with online payments,payment,payment_issue
I don't know how I can submit some feedback about a product,other,product_information
can i check the status of purchase {{Order Number}},delivery,track_order
"I have to enter the shipping address, how do I do it?",delivery,delivery_address
assistance t obtain a refund,refund,refund_request
"I have got to see what shipping methods are there, help me",delivery,delivery_options
I am waiting for a reimbursement of {{Currency Symbol}}{{Refund Amount}},refund,refund_pending
I see a broken page in the customer portal when I search for a product.,technical_support,technical_website_error
i have a problem with canceling purchase {{Order Number}},other,order_cancellation
help me see the current status of the refund,refund,refund_pending
help me seeing in what situations can i ask for a refund,refund,refund_policy
assistance to see if there are any news on the compensation,refund,refund_pending
I don't know how I could see the cancellation penalties,other,cancellation_fee
is it possible to obtaih rebates,refund,refund_request
what do I need to do to see the early exit penalties?,other,cancellation_fee
"I want to locate invoice #37777, how to do it?",other,invoice_request
I want help solving a problem with online payment,payment,payment_issue
modifying data on standard account,account_access,account_management
Can I place an order using a gift card,other,general_complaint
where do I see what methods for delivery are available?,delivery,delivery_options
check in what cases can I request to be reimbursed,refund,refund_policy
I try to edit my address,delivery,delivery_address
can i see the status of purchase {{Order Number}},delivery,track_order
status of order {{Order Number}},delivery,track_order
i do not know how i can see the terminationpenalty,other,cancellation_fee
opening standard account for wife,account_access,account_creation
"I have to cancel my newsletter subscription, how do I do it?",other,newsletter
can I get the bill from {{Person Name}}?,other,invoice_request
help correcting my address,delivery,delivery_address
I don't know how to see the early exit charges,other,cancellation_fee
I want to update my address,delivery,delivery_address
modify order370795561790,other,order_change
can uhelp me retrieving my user password,account_access,account_access
i have got to notify of problems with a registration,account_access,account_access
i dont know what to do to fgile a consumer claim,other,general_complaint
opening new gold account,account_access,account_creation
help me switch several products of purchase {{Order Number}},other,order_change
do ya ship toFinland,delivery,delivery_options
i want help seeing when will my itwm arrive,delivery,delivery_delay
can you help me check your goddamn reimbursement policy?,refund,refund_policy
I need help checking what delivery methods I can choose,delivery,delivery_options
lcate order {{Order Number}},delivery,track_order
open a gold account for my dad,account_access,account_creation
"you are not helpful at all, could I contact a human agent?",other,human_request
assistance to delete an item from purchase {{Order Number}},other,order_change
how can i demand refunds,refund,refund_request
information about cancel my subscription to your newsletter,other,newsletter
I do not know what I need to do to download the bill #12588,other,invoice_request
question about opening a {{Account Type}} account,account_access,account_creation
I cannot find the early termination charge,other,cancellation_fee
can utell me about the delivery periods,delivery,delivery_delay
need assistance checking my refund current status,refund,refund_pending
I see a broken page in the mobile app when I search for a product.,technical_support,technical_website_error
assistance unsubscribing from the newsletter,other,newsletter
"I don't want this item, help me cancel purchase {{Order Number}}",other,order_cancellation
I need assistance to check the status of my compensation,refund,refund_pending
help me lodge a customer claim against your business,other,general_complaint
I don't know how I could check the early termination charges,other,cancellation_fee
i need help to see the cancellation penalty,other,cancellation_fee
The item was sent to the old address,delivery,delivery_delay
i have to download the invoices from {{Person Name}},other,invoice_request
I try to demand rebates,refund,refund_request
I'd like to order some of ur article how coupd i do it,other,product_information
i have got to contact an agent,other,human_request
assistance subscribing to the company newsletter,other,newsletter
will ya shwo me the eta of order {{Order Number}},delivery,track_order
where do I change my address?,delivery,delivery_address
I am trying to see the current status of the rebate,refund,refund_pending
where to purchase several  articles,other,product_information
can you tell me more about the methods for delivery?,delivery,delivery_options
how can I inform of a  payment issue?,payment,payment_issue
i do not know what i have to do to check the cancellation fe,other,cancellation_fee
I need to demand a rebate,refund,refund_request
open another {{Account Type}} account for mum,account_access,account_creation
I do not know how I could receive a reimbursement of money,refund,refund_request
create new platinum account for daughter,account_access,account_creation
i do not know how i can cancel purchase {{Order Number}},other,order_cancellation
I try to inform of a trouble with online payment,payment,payment_issue
"I want to unsubscribe to your newsletter, I need help",other,newsletter
what do I need t do to check the cancellation charges?,other,cancellation_fee
could you help me modify the shipping address?,delivery,delivery_address
i expect a refund of {{Refund Amount}} dollars has it been processed,refund,refund_pending
I do not know how I can cancel purchase {{Order Number}},other,order_cancellation
I am trying to update my delivery address,delivery,delivery_address
I do not know what to do to locate purchase {{Order Number}},delivery,track_order
The fitness tracker is defective and does not operate as described.,technical_support,technical_product_malfunction
i dont know what i have to do to open a standard account,account_access,account_creation
where can I report an error with payments?,payment,payment_issue
can I check what delivery methods I can choose?,delivery,delivery_options
I have tl talk to a live agent,other,human_request
need assistance to see how soon can i expect my parcel,delivery,delivery_delay
see ur reimbursement policy,refund,refund_policy
I want assistance to open a {{Account Category}} account,account_access,account_creation
i cant open a rpofile want help notifying of a signup error,account_access,account_access
checking status of rebate,refund,refund_pending
I want to check when my item is going to arrivd,delivery,delivery_delay
where to check  the termination fee?,other,cancellation_fee
I have issues setting up a new delivery address,delivery,delivery_address
check in which cases can i request refunds,refund,refund_policy
I need assistance with canceling order {{Order Number}},other,order_cancellation
i want help seeing in what cases can i ask to be refunded,refund,refund_policy
I am trying to find information about a {{Account Type}} account removal,account_access,account_management
I'm looking for infdormation about editing the address,delivery,delivery_address
i do not know what to do to track my compensation,refund,refund_pending
help to check in whatcases can I request my money back,refund,refund_policy
i need help seeing if there are any news on the rebate,refund,refund_pending
would it be possible to get a refund?,refund,refund_request
I don't know what to do to get my invoice from {{Person Name}},other,invoice_request
I receive a error code C102 message whenever I try to access my account on the web store.,technical_support,technical_login_error
assistance seeing how soon can i expect the article,delivery,delivery_delay
I don't  know how I can find the invoices from {{Person Name}},other,invoice_request
I cannot access my profile,account_access,account_access
I cannot sign in to the shopping app; it says a server error.,technical_support,technical_login_error
I don't know how I could list the allowed payment modalities,payment,payment_methods
want assistance to send feedback about your company,other,product_information
I need to track my fucking compensation,refund,refund_pending
"I have to submit the new delivery address, how can I do it?",delivery,delivery_address
help me see the ETA  of purchase {{Order Number}},delivery,track_order
I need assistance changing the address,delivery,delivery_address
"my card was declined, inform of an error with payments",payment,payment_issue
editing order {{Order Number}},other,order_change
help seeing your reimbursement policy,refund,refund_policy
The website will not let me sign in.,account_access,account_access
create {{Account Type}} account,account_access,account_creation
"I expect a bloody refund of {{Currency Symbol}}{{Refund Amount}}, has it been processed?",refund,refund_pending
I do not know how I can check your money back guarantee,refund,refund_policy
what do I have to do to earn some items?,other,product_information
i have problems with  cancelling purchase {{Order Number}},other,order_cancellation
"I have to se what payment methods you accept, I need help",payment,payment_methods
i submitted an wrong address i need help to edit it,delivery,delivery_address
I do not knowhow to receive compensations of my money,refund,refund_request
i wan help to cancel purchase {{Order Number}},other,order_cancellation
The smart speaker has a fault and I need troubleshooting steps.,technical_support,technical_product_malfunction
I want help checking the methods for shipping,delivery,delivery_options
i need assistance to solve na issue with payment,payment,payment_issue
what do i have to do to look for the invoice #85632,other,invoice_request
I need support modifying the address,delivery,delivery_address
"I would like to modify order {{Order Number}}, how can I do it?",other,order_change
can ya help me updating the details included on my account,account_access,account_management
I want help to download the bill from {{Person Name}},other,invoice_request
help to see your money back guarantee,refund,refund_policy
how do I delete something from order {{Order Number}}?,other,order_change
what do I have to do to talk with customer support?,other,human_request
i want assistance to list ur available payment modalities,payment,payment_methods
I want help to talk to customer service,other,human_request
give me information about the shipping methods,delivery,delivery_options
I expect a compensation of {{Currency Symbol}}{{Refund Amount}},refund,refund_pending
I have a problem setting the secondary delivery address up,delivery,delivery_address
i do not know how to download the bills from {{Person Name}},other,invoice_request
"I have paid {{Currency Symbol}}{{Refund Amount}} for these articles, I want a refund",refund,refund_request
i cant sign up I'd ilke to inform of a bloody signup problem,account_access,account_access
assistance to see what payment methods are accepted,payment,payment_methods
where to see the methods for shipment,delivery,delivery_options
I don't know what to do to create a pro account,account_access,account_creation
I have got to notify of troubles with payments,payment,payment_issue
are there cancellation penalties,other,cancellation_fee
"I have to speak with somebody, can I get some help?",other,human_request
could I set a shipping address up?,delivery,delivery_address
how can I cancel my subscription to the newsletter?,other,newsletter
I have got to request my damn money back,refund,refund_request
changing purchase {{Order Number}},other,order_change
I have problems with opening my {{Account Type}} account,account_access,account_creation
I need help canceling purchase {{Order Number}},other,order_cancellation
where can i get information about creating gold accounts,account_access,account_creation
help me listing the payment methods,payment,payment_methods
i try to obtain restitutions of money,refund,refund_request
want help to see the withdrawal charges,other,cancellation_fee
could ya help me checking the current status of my refund,refund,refund_pending
"I want to list your allowed payment options, I need help",payment,payment_methods
When will order ORD-12345 be delivered,delivery,delivery_delay
assistance to see how log reimbursements take,refund,refund_policy
Ihave to receive the newsletter,other,newsletter
i need assistance giving a quick look at the invoice #00108,other,invoice_request
I do not know how I can see the withdrawal fee,other,cancellation_fee
help checkinjg the eta of order {{Order Number}},delivery,track_order
"I want to see what damn payment methods are allowed, help me",payment,payment_methods
what do i have to do to report a bloody issue with payments,payment,payment_issue
I cannot reset my profile PIN,account_access,account_access
I don't know what to do to report problems witha sign-up,account_access,account_access
"I don't want this item, cancel order {{Order Number}}",other,order_cancellation
i cannot see the current staus of purchase {{Order Number}},delivery,track_order
Setup for the fitness tracker fails with a blank screen.,technical_support,technical_device_setup
where culd i cancel order {{Order Number}},other,order_cancellation
I don't know how I can see the damn invoices from {{Person Name}},other,invoice_request
need help acquiring a few of your article,other,product_information
I expect a compendation of {{Currency Symbol}}{{Refund Amount}},refund,refund_pending
get invoice,other,invoice_request
i need assistancechecking the status of order {{Order Number}},delivery,track_order
what do I have to do to leave a review for a product?,other,product_information
i dont knw what to do to see the bill from {{Person Name}},other,invoice_request
I have got to check what hours customer service available is,other,human_request
I want help changing to the standard account,account_access,account_management
wanna see bill #85632,other,invoice_request
i try to notify of troubles with online payment,payment,payment_issue
"I do not want this item, I try to cancel order {{Order Number}}",other,order_cancellation
I try to see what shipment options are available,delivery,delivery_options
The customer portal keeps showing a blank screen; can technical support investigate?,technical_support,technical_website_error
i have problems editing my delivery address,delivery,delivery_address
i have got to check when will my item arrive,delivery,delivery_delay
help me reporting problems with online payment,payment,payment_issue
"I have ordered some article, cancel purchase {{Order Number}}",other,order_cancellation
help me create a new fucking {{Account Type}} account,account_access,account_creation
issues setting up a secondary shipping address,delivery,delivery_address
ya have a section to send a comment for ur services,other,product_information
need assistance switching to the {{Account Type}} account,account_access,account_management
help to casncel my subscription to your company newsletter,other,newsletter
I do not know how I can write a opinion about your services,other,product_information
do youhave an e-mail address to contact customer service?,other,human_request
Please help diagnose a malfunction with my Bluetooth headset.,technical_support,technical_product_malfunction
could you help me lodging a claim?,other,general_complaint
want help reporting an error with online payments,payment,payment_issue
help to see how long it takes for my item to arrive,delivery,delivery_delay
i have got to correct purcgase {{Order Number}},other,order_change
i want help to report a payment issue,payment,payment_issue
assistance to talk to an assistant,other,human_request
I am trying to see order {{Order Number}} status,delivery,track_order
is it possible to take a quick look at the invoice #85632?,other,invoice_request
can utell me more about receiving ur newsletter,other,newsletter
can i check theearly exit penalty,other,cancellation_fee
"I lost bill #37777, mail it to me",other,invoice_request
Checkout is broken and will not accept my selection on the shopping app.,technical_support,technical_checkout_error
I have got to check what delivery methods I can choose,delivery,delivery_options
help me to ask for a restitution of my money,refund,refund_request
I have to report problems with payment,payment,payment_issue
I have to request reimbursements of my money,refund,refund_request
I want to know about unsubscribing to your newsletter,other,newsletter
where do I demand a reimbursement of my money?,refund,refund_request
error setting a new shipping address up,delivery,delivery_address
I don't know how to look for the invoices from {{Person Name}},other,invoice_request
I need help to add several articles to order {{Order Number}},other,order_change
where do I check the accepted payment methods?,payment,payment_methods
can uhelp me to modify the data on my user,account_access,account_management
"I have to check the shipping options, will you help me?",delivery,delivery_options
A technical error prevents me from using the shopping app.,technical_support,technical_website_error
My fitness tracker stopped working after delivery.,technical_support,technical_product_malfunction
Something is wrong with the wireless printer; it fails during normal use.,technical_support,technical_product_malfunction
I have to sign up to your corporate newsletter,other,newsletter
"I want to see your reimbursement policy, I need assistance",refund,refund_policy
I want assistance to contact an operator,other,human_request
When will the pending refund for order ORD-78901 be processed?,refund,refund_pending
where to recover the PIN of my user?,account_access,account_access
I don't know what I need to do to earn aa product,other,product_information
The search feature returns no results in the app,technical_support,technical_website_error
tell accepted payment options,payment,payment_methods
"I want to cancel my subscription to your newsletter, help me",other,newsletter
i do not know what i need to do to check the termination fee,other,cancellation_fee
how to see what shipment options I can choose?,delivery,delivery_options
where to see the current status of the reimbursement,refund,refund_pending
check invoice #12588,other,invoice_request
I need technical help because my new fitness tracker will not turn on.,technical_support,technical_product_malfunction
I'm waiting for a  compensation of {{Currency Symbol}}{{Refund Amount}},refund,refund_pending
I am trying to see in which cases can I ask for refunds,refund,refund_policy
I don't know what I need to do to see the shipment options,delivery,delivery_options
what do i have todo to find invoice #37777,other,invoice_request
i do not know how i can check the options for shipment,delivery,delivery_options
I want assistance editing purchase {{Order Number}},other,order_change
The customer portal page displays a blank screen instead of my account.,technical_support,technical_website_error
can i see in which cases can i as for reimbursements,refund,refund_policy
help me acquire some products,other,product_information
I want help to create a platinum account for my fiance,account_access,account_creation
checking invoice,other,invoice_request
wanna open a platinum account,account_access,account_creation
I want help buying several articles,other,product_information
get money back,refund,refund_request
would you give me information about cancelling orders?,other,order_cancellation
need help lodging a consumer claim against your organization,other,general_complaint
where to check how long it takes for my shipment to arrive?,delivery,delivery_delay
Why does the web store show error code C102 when I sign in?,technical_support,technical_login_error
can uhlep me getting my fucking bill from {{Person Name}},other,invoice_request
help me see in what cases can I request a reimbursement,refund,refund_policy
I want to know where my parcel is right now.,delivery,track_order
I need help to check the current status of my refund,refund,refund_pending
"I can't afford order {{Order Number}}, could you cancel it?",other,order_cancellation
can I see in which cases can I ask to be reimbursed?,refund,refund_policy
"I am looking for the delivery options, can you help me?",delivery,delivery_options
i need assistance to create a standard account,account_access,account_creation
i want help to file a complaint against ur business,other,general_complaint
"I need to see your goddamn refund policy, how do I do it?",refund,refund_policy
I want to know more about my newsletter subscription,other,newsletter
can I check the available payment options ?,payment,payment_methods
i nee help to cancel order {{Order Number}},other,order_cancellation
direct to me an operator,other,human_request
need assistance downloading my bill from {{Person Name}},other,invoice_request
can you help me to reset the PIN code of my user?,account_access,account_access
"I want to track my rebate, I need assistance",refund,refund_pending
i want assistznce signing up to ur company newsletter,other,newsletter
need assistance seeing the withdrawal penalty,other,cancellation_fee
I am looking for information about an address modification,delivery,delivery_address
I want assistance cancelling purchase {{Order Number}},other,order_cancellation
"I have got to unsubscribe to your newsletter, help me",other,newsletter
how could I see the payment options?,payment,payment_methods
"I lost my user password, would it be possible to recover it?",account_access,account_access
i call to downbload my invoices from {{Person Name}},other,invoice_request
look for my invoice from {{Person Name}},other,invoice_request
I want assistance filing a complaint against your company,other,general_complaint
i do not have a standard account assistance registering,account_access,account_creation
I do not know how I can change to the standard account,account_access,account_management
I try to subscribe to the newsletter,other,newsletter
I need help seeing purchase {{Order Number}} current status,delivery,track_order
modify information on platinum account,account_access,account_management
can yo help me receive your newsletter?,other,newsletter
want help recovering the key of my account,account_access,account_access
modifying details on pro account,account_access,account_management
i have got to retrieve the pwd of my user account,account_access,account_access
show withdrawal penalty,other,cancellation_fee
I want help checking in what cases can I request a refund,refund,refund_policy
I need help to see the accepted paayment options,payment,payment_methods
I have got to receive compensations,refund,refund_request
I don't know what I need to dol to make a reclamation,other,general_complaint
how to cancel order {{Order Number}}?,other,order_cancellation
need help seeing my rebate status,refund,refund_pending
i cannot check the refund current status,refund,refund_pending
where can i lodge a customer claim,other,general_complaint
wanna locate purchase {{Order Number}} can i get some help,delivery,track_order
how can I notify of problems with payment?,payment,payment_issue
where can I check the damn withdrawal charges?,other,cancellation_fee
what do I have to do to inform of problems with sign-up?,account_access,account_access
lodge reclamtaion against ur business,other,general_complaint
how can i notify of issues with online payment,payment,payment_issue
want assistance updating the address,delivery,delivery_address
how do i cancel my subscription to ur corporate newsletter,other,newsletter
how do i delete a product from order {{Order Number}},other,order_change
i do not knw how to talk to somebody,other,human_request
can I check your available payment options?,payment,payment_methods
need help ot recover the pin of my user,account_access,account_access
i have to edit my personal info,account_access,account_management
check invoice #00108,other,invoice_request
The checkout page says payment failed,payment,payment_issue
My browser shows a server error on the support portal,technical_support,technical_website_error
contact live agent,other,human_request
i want assistance to create a premium account,account_access,account_creation
My parcel has still not arrived,delivery,delivery_delay
I need assistance to check the shipping methods,delivery,delivery_options
I have a trouble trying to change my delivery address,delivery,delivery_address
is it possible to notify of troubles with online payment ?,payment,payment_issue
assistance to inform of an error with a registration,account_access,account_access
I try to see how soon can I expect my fucking package,delivery,delivery_delay
need assistance solving problems with payment,payment,payment_issue
i do not know what to do to retrieve my profile access key,account_access,account_access
need assistaance to see the accepted payment methods,payment,payment_methods
help me checking the goddamn status of the compensation,refund,refund_pending
I want assistance seeing how soon can I expect my product,delivery,delivery_delay
help me checking the goddamn reimbursement current status,refund,refund_pending
could I check in which cases can I ask to be reimbursed?,refund,refund_policy
I need help earning a few of your product,other,product_information
show me what payment methods are accepted,payment,payment_methods
need to change order {{Order Number}},other,order_change
"I cannot make a payment, I want help to report a problem",payment,payment_issue
"I need to make a damn consumer complaint, how could I do it?",other,general_complaint
"my experience with your brand was too bad, lodge a complaint",other,general_complaint
can you help me seeing the ETA of purchase {{Order Number}}?,delivery,track_order
"I can no longer afford order {{Order Number}}, help me cancel it",other,order_cancellation
"I cannot pay, help to inform of problems with payment",payment,payment_issue
where do i check the restitution status,refund,refund_pending
refunding{{Currency Symbol}}{{Refund Amount}},refund,refund_request
"I have got to look for bill #00108, how do I do it?",other,invoice_request
I need to check my goddamn restitution status,refund,refund_pending
I don't know what to do to cancel order {{Order Number}},other,order_cancellation
I have to download the bill from {{Person Name}},other,invoice_request
i do not know what i need to do to speak with somebody,other,human_request
can you help me see what shipping methods you offer?,delivery,delivery_options
can ya help me to solve atrouble with payments,payment,payment_issue
i do not know how to file a customer complaint,other,general_complaint
I don't know how to demand a restitution of my money,refund,refund_request
add some goddamn articles to order {{Order Number}},other,order_change
"I get an error when I try to make a payment, inform of it",payment,payment_issue
where do I see what payment methods are accepted?,payment,payment_methods
"I don't need my platinum account, help cancelling it",account_access,account_management
I expect a refund of {{Currency Symbol}}{{Refund Amount}},refund,refund_pending
hdlp me to make a consumer complaint against your company,other,general_complaint
is it possible to inform of errors with a registration?,account_access,account_access
"I have bought some items, help canceling purchase {{Order Number}}",other,order_cancellation
help me see under which circumstances can i request a refund,refund,refund_policy
"I need to see when will my item arrive, how to do it?",delivery,delivery_delay
assitsance seeing in which cases can i request a refund,refund,refund_policy
i dont know how i can reset the pass of my account,account_access,account_access
The app says my account is temporarily suspended,account_access,account_access
could ya help me locae purchase {{Order Number}},delivery,track_order
where to sign up to your newsletter?,other,newsletter
"I have got to receive the corporate newsletter, I need help",other,newsletter
i need information about the termination of a {{Account Type}} account,account_access,account_management
can uhelp me see ur alolwed payment modalities,payment,payment_methods
can I reset the key of my user profile?,account_access,account_access
I would like to cancel the subscription to your newsletter,other,newsletter
can I check the damn delivery methods?,delivery,delivery_options
i have got to see how long reimbursements take,refund,refund_policy
what do I have to do to get the invoice from {{Person Name}}?,other,invoice_request
Why does the shopping app show a server error when I sign in?,technical_support,technical_login_error
i need help to see my compensation status,refund,refund_pending
"I have to unsuscribe to your company newsletter, I need help",other,newsletter
I need assistance to change to the {{Account Type}} account,account_access,account_management
can i speak with an assistant,other,human_request
need to see the ETA of purchase {{Order Number}} how to do it,delivery,track_order
"I need to see your refund policy, can you helpme?",refund,refund_policy
assistance seeing in what cases can i request reimbursements,refund,refund_policy
help me seeing if there are any updates on my compensation,refund,refund_pending
"I want to see my compensation status, I need help",refund,refund_pending
check what hours i can get in touch with customer service,other,human_request
how do I correct purchase {{Order Number}}?,other,order_change
where do I check my last purchase estimated time of arrival?,delivery,track_order
tell me about updating the address,delivery,delivery_address
i try to talk with an assistant,other,human_request
how to enter another shipping address?,delivery,delivery_address
"I have to enter a new shipping address, how do I do it?",delivery,delivery_address
I need help to submit a different shipping address,delivery,delivery_address
how to see what options for delivery are there?,delivery,delivery_options
want assistance to report issues with payments,payment,payment_issue
assistance leaving a bloody opinion about a product,other,product_information
informing of issues with payments,payment,payment_issue
where to create a standard account,account_access,account_creation
could you help me unsubscribe to your newsletter?,other,newsletter
My username is not recognized,account_access,account_access
modiby data on {{Account Type}} account,account_access,account_management
edit details on {{Account Type}} account,account_access,account_management
"I have to see the cancellation penalties, how do I do it?",other,cancellation_fee
Can you help locate my parcel,delivery,delivery_delay
i do not kno what i need to do to remove a {{Account Type}} account,account_access,account_management
is it possible to create a {{Account Category}} accojnt for my daughter?,account_access,account_creation
can ya help me to notify of an error with online payment,payment,payment_issue
can ya help me obtaining restitutions of my money,refund,refund_request
I need assistance checking the methods for shipment,delivery,delivery_options
I do not know how to ask for a restitution of my money,refund,refund_request
correcting details on freemium account,account_access,account_management
i cannot subscribe to the newsletter,other,newsletter
do ya ship toJapan,delivery,delivery_options
i want help seeing what payment methods uaccept,payment,payment_methods
wanna check how long it takes for my delivery to arrive,delivery,delivery_delay
open pro account,account_access,account_creation
I was billed after cancelling the purchase,payment,payment_issue
can i see what payment payment modalities are available,payment,payment_methods
need help notifying of issues wiht a sign-up,account_access,account_access
I can't delete several products from purchase {{Order Number}},other,order_change
I want assistance seeing when will my parcel arrive,delivery,delivery_delay
I need assistance to cancel order {{Order Number}},other,order_cancellation
I need to cancel purchase {{Order Number}},other,order_cancellation
I need to check how long it takes for my shipment to arrive,delivery,delivery_delay
i expect a compensation of {{Currency Symbol}}{{Refund Amount}},refund,refund_pending
is it possible to cancel order {{Order Number}} ?,other,order_cancellation
i need help to list ur payment methods,payment,payment_methods
how do i get my invoice #85632,other,invoice_request
I have to call customer service,other,human_request
what do I have to do to checkhow soon can I expect my order?,delivery,delivery_delay
help me to get my invoices from {{Person Name}},other,invoice_request
need assistance to track order {{Order Number}},delivery,track_order
can you help me see the current status of order {{Order Number}}?,delivery,track_order
use freemium account,account_access,account_management
cancel purchase00123842,other,order_cancellation
i want help informing of troubles with online payment,payment,payment_issue
ehlp to check ur allowed payment modalities,payment,payment_methods
would it be possible to place a fucking order from {{Delivery City}},delivery,delivery_options
itry to swap several damn products of order {{Order Number}},other,order_change
i do not know how i can receive rebates of my money,refund,refund_request
would it be possible to edit the information on my account?,account_access,account_management
"I am unhappy with your work, lodge a claim",other,general_complaint
can ya help me to see my compensation current status,refund,refund_pending
I am trying to leave a goddamn comment for a product,other,product_information
I need help seeing your reimbursement policy,refund,refund_policy
How long does refund verification take,refund,refund_request
I'd like to locate purchase {{Order Number}} i need assistance,delivery,track_order
help me seeing the early exit fee,other,cancellation_fee
i cant inform of sign-up errors,account_access,account_access
I need help to see the early exit charge,other,cancellation_fee
"I can't find my bills from {{Person Name}}, find them for me",other,invoice_request
I don't know how to create a premium account,account_access,account_creation
where can I see at what time I can reach customer support?,other,human_request
I want help to check if there are any news on the refund,refund,refund_pending
can ya help me to open a gold account for my dad,account_access,account_creation
problem entering the seocndary shipping address,delivery,delivery_address
i dont know what i have to do to download my invoice #12588,other,invoice_request
I do not know how to get my invoice from {{Person Name}},other,invoice_request
"I am waiting for a  refund of {{Currency Symbol}}{{Refund Amount}}, was it processed",refund,refund_pending
I need help to list the accepted payment options,payment,payment_methods
how do I see the withdrawal charge?,other,cancellation_fee
I need help unsubscribing to the company newsletter,other,newsletter
i do not know how i can get a compensation of money,refund,refund_request
The bank app shows a charge that I did not authorize,payment,payment_issue
can I unsubscribe to your corporate newsletter?,other,newsletter
I do not know what I need to do to notify of sign-up issues,account_access,account_access
where can I make a customer claim against your organization?,other,general_complaint
can ya tell me more abuot unsubscribing from ur newsletter,other,newsletter
I need help solving a troouble with online payments,payment,payment_issue
Why does login keep redirecting me to the sign in page,account_access,account_access
where to see the status of my reimbursement?,refund,refund_pending
getting invoice #37777,other,invoice_request
help to see ur available paymnet options,payment,payment_methods
I'm waiting for a compensation of {{Currency Symbol}}{{Refund Amount}},refund,refund_pending
can ya help me to cancel order {{Order Number}},other,order_cancellation
is it possible to reset the keyof my user account,account_access,account_access
where do I list the damn accepted payment modalities?,payment,payment_methods
where do I check the termination fees?,other,cancellation_fee
help me signing up to the newsletter,other,newsletter
can i see the status of my company newsletter subscription,other,newsletter
I want to see the cancellation fees,other,cancellation_fee
i try to edit the data on my user account,account_access,account_management
I have got to set my new delivery address up,delivery,delivery_address
tracking refund,refund,refund_pending
wanna buy several articles,other,product_information
I want help to notify of a registration error,account_access,account_access
can I report errors with a fucking sign-up?,account_access,account_access
assistance to see the delivery methods,delivery,delivery_options
how do I check the status of my newsletter subscription?,other,newsletter
have a question about opening {{Account Type}} accounts,account_access,account_creation
I have got to change an article of purchase {{Order Number}},other,order_change
how can I see your accepted payment options?,payment,payment_methods
help to see what shipping methods you offer,delivery,delivery_options
can you show me what payment options are available ?,payment,payment_methods
can uhelp me subscribing to the copany newsletter,other,newsletter
can you help me checking what shipping options I have?,delivery,delivery_options
help seeing what payment options you accept,payment,payment_methods
need help seeing your available payment option,payment,payment_methods
My robot vacuum is not recognised by the shopping app.,technical_support,technical_device_setup
want help to sign up to your corpirate newsletter,other,newsletter
new standard acount,account_access,account_creation
assistance to sign up to ur corporate newsletter,other,newsletter
modifying info on {{Account Category}} account,account_access,account_management
help to list the available payment modalities,payment,payment_methods
I expect a reimbursement of {{Currency Symbol}}{{Refund Amount}},refund,refund_pending
"I need to levae some feedback for a service, how do I do it?",other,product_information
Checkout is broken and will not accept my selection on the customer portal.,technical_support,technical_checkout_error
see the ETA of purchase {{Order Number}},delivery,track_order
deit purchase {{Order Number}},other,order_change
i want assistance seing the invoice from {{Person Name}},other,invoice_request
help me to check the termination fees,other,cancellation_fee
want help sending feedback for a product,other,product_information
another premium account for father,account_access,account_creation
I have an issue with the online registration,account_access,account_access
need to obtain restitutions of money,refund,refund_request
i do not know what i have to do to download invoice #12588,other,invoice_request
i dont know how i can inform of sign-up problems,account_access,account_access
is it possible to check the early termination charge?,other,cancellation_fee
unsubscribe to your company newspetter,other,newsletter
I need assistance to create a {{Account Category}} account,account_access,account_creation
can you show me the early termination fee?,other,cancellation_fee
where to reoort a problem with a signup,account_access,account_access
how can I cancel order {{Order Number}}?,other,order_cancellation
help me lodge a consumer complaint against ur business,other,general_complaint
I don't knwo how to make an order,other,product_information
help me sign up to the newsletter,other,newsletter
i do not know how to subscribe to the newsletter,other,newsletter
could you help me obtain rebates of money?,refund,refund_request
I want help to get compensations,refund,refund_request
where do I check the current status of order {{Order Number}}?,delivery,track_order
"I don't have a bloody user, could you help me to open one?",account_access,account_creation
need help to file a damn claim against your organization,other,general_complaint
I want help seeing the cancellation charge,other,cancellation_fee
help to know if there are any news on my restitution,refund,refund_pending
how long until I get a compensation of money?,refund,refund_request
i need information about my company newsletter subscription,other,newsletter
I don't know what I need to do to downloa the invoice #00108,other,invoice_request
I want to see in what situations can I request a refund,refund,refund_policy
want help leaving a coment for ur products,other,product_information
can you help me acquiring a few of your product?,other,product_information
I don't know how to check how soon can I expect the parcel,delivery,delivery_delay
Please tell me about your warranty coverage,other,general_complaint
can you help me checking your reimbursement policy?,refund,refund_policy
help solving a problem with online payment,payment,payment_issue
do you have a method to submit some feedback for a product?,other,product_information
I need assistance to shop a product,other,product_information
where to lodge a complaint against ur company,other,general_complaint
can you show me what payment options you accept?,payment,payment_methods
checkmy invoice #37777,other,invoice_request
how can I check at what time I can call customer service?,other,human_request
can you help me inform of a problem with payment?,payment,payment_issue
assistance looking for invoice #85632,other,invoice_request
question about the removal of a standard account,account_access,account_management
"I have got to use the gold profile, I need assistance",account_access,account_management
wanna demand a reimbursement of money,refund,refund_request
help me to open a premium account for my daughter,account_access,account_creation
I do not know what I need to do to create a {{Account Type}} account,account_access,account_creation
could I see in what situations can I ask for refunds?,refund,refund_policy
"I need to see in what cases can I request a refund, help me",refund,refund_policy
need to receive the newsletter,other,newsletter
can i talk to an agent,other,human_request
My Bluetooth headset is not recognised by the order page.,technical_support,technical_device_setup
I do not know what to do to check the early exit fees,other,cancellation_fee
are charges of services refundable,refund,refund_policy
I want help to see what payment options you accept,payment,payment_methods
"I have got to see what delivery options you offer, help me",delivery,delivery_options
Please start a return for my purchase,refund,refund_request
I don't know what to do to see the early termination fees,other,cancellation_fee
"I want to check order {{Order Number}} current status, help me",delivery,track_order
i have got to request reimbirsements of money,refund,refund_request
how do I check the methods for delivery?,delivery,delivery_options
"I cannot remember my user key, I want to reset it",account_access,account_access
receive your corporate newsletter,other,newsletter
i do not know what to do to purchase several products,other,product_information
could you help me opening a standard account?,account_access,account_creation
"I want to get my invoice from {{Person Name}}, I need help",other,invoice_request
see in which cases can I ask for my goddamn money back,refund,refund_policy
checking status of refund,refund,refund_pending
Please fix the checkout error in the website; I cannot finish my order.,technical_support,technical_checkout_error
where can I request refunds?,refund,refund_request
order 370795561790current status,delivery,track_order
i need help checking what payment options are accepted,payment,payment_methods
The courier marked my order delivered but I did not receive it,delivery,delivery_delay
modifying purchase {{Order Number}},other,order_change
assistance seeing the invoices from {{Person Name}},other,invoice_request
show me the bill #12588,other,invoice_request
I'm trying to see the cancellation fee,other,cancellation_fee
"I cannot register, inform of a signup issue",account_access,account_access
I need assistance to list the allowed payment options,payment,payment_methods
I do not know what to do to lodge an customer reclamation,other,general_complaint
I have got to create a pro account,account_access,account_creation
I have to lodge a customer reclamation against your business,other,general_complaint
i want help listing u payment methods,payment,payment_methods
I do not know what to do to set my shipping address up,delivery,delivery_address
I need help to check purchase {{Order Number}} current status,delivery,track_order
I am waiting for an refund of {{Currency Symbol}}{{Refund Amount}},refund,refund_pending
i nerd help to add some items to purchase {{Order Number}},other,order_change
can you help me sign up to the corporate newsletter?,other,newsletter
can I check the current status of my reimbursement?,refund,refund_pending
i call to see when my product is gonna arrive,delivery,delivery_delay
need to know if there are any updates on the ocmpensation,refund,refund_pending
"I have got to leave a review about your company, help me",other,product_information
can I delete some article from order {{Order Number}}?,other,order_change
"I lost the bills from {{Person Name}}, find it for me",other,invoice_request
need to check the withdrawal penalty will uhelp me,other,cancellation_fee
The payment page charged my debit card but displayed an error,payment,payment_issue
problems with a delivery address correction,delivery,delivery_address
i need help to see ur available payment methods,payment,payment_methods
could uhelp me close a freemium account,account_access,account_management
i dont know what i have to do to track the restitution,refund,refund_pending
I need help to report a trouble with online payment,payment,payment_issue
I need help checking how long rdimbursements take,refund,refund_policy
assistance to solve a fucking payment error,payment,payment_issue
deliverids to {{Delivery Country}},delivery,delivery_options
I am trying to find the delivery periods,delivery,delivery_delay
I want to modify my delivery address,delivery,delivery_address
can you help me create a premium account?,account_access,account_creation
can you help me see the withdrawal charge?,other,cancellation_fee
need help to place an oredr,other,product_information
I want information about opening a standard account,account_access,account_creation
have problems with a shipping address modification,delivery,delivery_address
i want help to see ur available payment methods,payment,payment_methods
"I have to see the payment modalities, can you help me?",payment,payment_methods
i need help to see what shipment options i have,delivery,delivery_options
their is an error trying to update the shipping address,delivery,delivery_address
I call to write a bloody opinion for a product,other,product_information
i want help to open a standard account for my dad,account_access,account_creation
I need to receive a refund of my money,refund,refund_request
i dont know how to check what methods for delivery are there,delivery,delivery_options
need assistance to request rebates of my money,refund,refund_request
help filing a damn customer reclamation,other,general_complaint
I need to check what shipment options I can choose,delivery,delivery_options
can i see the status of my subscription to ur newsletter,other,newsletter
want help to file a customer reclamation against ur business,other,general_complaint
I don't know how to get compensations,refund,refund_request
"I am looking for the delivery methods, how can I find them?",delivery,delivery_options
I need help to call customer assistance,other,human_request
how do I see what shipping methods I can choose?,delivery,delivery_options
need assistance to see the status of purchase {{Order Number}},delivery,track_order
see the ETA of order {{Order Number}},delivery,track_order
can you help me see the current status of the rebate?,refund,refund_pending
could you help me to check your payment modalities?,payment,payment_methods
Where can I find the product documentation,other,general_complaint
how could I check how long it takes for the item to arrive?,delivery,delivery_delay
where can I check the withdrawal charge?,other,cancellation_fee
how do i find the bills from {{Person Name}},other,invoice_request
how can I cancel purchase {{Order Number}}?,other,order_cancellation
I want assistance to inform of problems with payment,payment,payment_issue
can you help me to request a reimbursement of money?,refund,refund_request
where can  i subscribe to ur corporate newsletter,other,newsletter
how can I retrieve the PIN of my profile?,account_access,account_access
what do i have to  do to see when will my parcel arrive,delivery,delivery_delay
I chose a wrong address by mistake,delivery,delivery_address
assistance to set up a secondary shipping address,delivery,delivery_address
i have got to check the early exit fee can uhelp me,other,cancellation_fee
can you help me making a claim against your company?,other,general_complaint
I try to see how long it takes for my product to arrive,delivery,delivery_delay
how can I get information about gold account deletions?,account_access,account_management
My card was charged twice for the same order.,payment,payment_issue
i want help to delete some products from order {{Order Number}},other,order_change
I have to look for bill #12588,other,invoice_request
I have got to delete a damn product from purchase {{Order Number}},other,order_change
I need assistance to leave a review about your products,other,product_information
help me see my bills from {{Person Name}},other,invoice_request
where do I check what shipment methods are available?,delivery,delivery_options
I have troubles trying to change the address,delivery,delivery_address
how can I check the early exit fees?,other,cancellation_fee
The robot vacuum is defective and does not operate as described.,technical_support,technical_product_malfunction
could i change something of purchase {{Order Number}},other,order_change
i do not know what to do to contact a human agent,other,human_request
i want help demanding rebates of my money,refund,refund_request
how can I obtain goddamn rebates of my money?,refund,refund_request
need help seeing in what cases can i ask for reimbursements,refund,refund_policy
modifying info on freemium accoumt,account_access,account_management
need help to  retrieve my profile pin,account_access,account_access
i dont know how i could track the rebate,refund,refund_pending
I need general information about your company,other,general_complaint
The mobile app shows an unexpected error after I press place order.,technical_support,technical_checkout_error
i do not know what to do to check the cancellation fees,other,cancellation_fee
inform of an issue with an registration,account_access,account_access
I want assistance canceling purchase {{Order Number}},other,order_cancellation
how soon can I expect my article?,delivery,delivery_delay
assistance checking your accepted payment modalities,payment,payment_methods
I want to see in which cases can I ask to be reimbursed,refund,refund_policy
where to request compensations of money?,refund,refund_request
I'm waiting for a bloody compensation of {{Currency Symbol}}{{Refund Amount}},refund,refund_pending
want help to write a comment about a product,other,product_information
need hepl looking for my invoices from {{Person Name}},other,invoice_request
wana check how soon can i expect my order i need help,delivery,delivery_delay
I want to check what shipping options are there,delivery,delivery_options
where to report an error with a signup?,account_access,account_access
updating data on {{Account Type}} account,account_access,account_management
uhave a free of charge number to talk with customer support,other,human_request
I don't know what I have to do to remove my platinum account,account_access,account_management
help me to check ur money back guarantee,refund,refund_policy
I do not know what I have to do to look for my bill #12588,other,invoice_request
i have to check the shipment methods i need assistance,delivery,delivery_options
where can i lodge a reclamation against ur business,other,general_complaint
I need assistance tocancel order {{Order Number}},other,order_cancellation
My wireless printer stopped working after delivery.,technical_support,technical_product_malfunction
could you help me seeing the status of my refund?,refund,refund_pending
can I receive your newsletter?,other,newsletter
filing consumer claim against ur organizzation,other,general_complaint
I have got to check how soon can I expect the package,delivery,delivery_delay
i dont know how to inform of a payment problem,payment,payment_issue
The order page shows a loading error after I press place order.,technical_support,technical_checkout_error
can you help me to  buy some articles?,other,product_information
could i place an orde from {{Delivery Country}},delivery,delivery_options
Iwant assistance canceling order {{Order Number}},other,order_cancellation
need help to check in which cases can i ask to be refunded,refund,refund_policy
how to check at what time i can call customer support,other,human_request
I need help to check when will my purchase arrive,delivery,delivery_delay
customer complaint against your business,other,general_complaint
how to know if there are any updates on my reimbursement?,refund,refund_pending
can I check how long reimbursements usually take?,refund,refund_policy
I don't know how I can list the accepted payment methods,payment,payment_methods
how do I correct order {{Order Number}}?,other,order_change
"I have to submit my new shipping address, how to do it?",delivery,delivery_address
I don't know how I can earn an article,other,product_information
I do not know how to send feedback about your services,other,product_information
reporting payment issues,payment,payment_issue
show me the early exit penalty,other,cancellation_fee
i need assistance informing of problems with online payment,payment,payment_issue
"I forgot the PIN of my user, I need help to retrieve it",account_access,account_access
I need help seeing the cancellation penalty,other,cancellation_fee
ohw do I check how soon can I expect the item?,delivery,delivery_delay
i want assistance to see the eta of order {{Order Number}},delivery,track_order
what do i need to do to chcek when will my article arrive,delivery,delivery_delay
I want assistance to demand refunds of my  money,refund,refund_request
need assistance to check ur reimbursement policy,refund,refund_policy
how do ii modify order {{Order Number}},other,order_change
is tere an e-mail to send a comment about a product,other,product_information
I need help checking how long the shipment takes,delivery,delivery_delay
where do I check when will my purchase arrive?,delivery,delivery_delay
"I have to receive your corporate newsletter, help me",other,newsletter
could you help me seeing how soon can I expect the article?,delivery,delivery_delay
troubles with payments,payment,payment_issue
where can I check how soon can I expect the product?,delivery,delivery_delay
can you help me check if there are any news on my refund?,refund,refund_pending
how to make a consumer claim against ur company,other,general_complaint
show me your payment options,payment,payment_methods
how do i earn a few of ur product,other,product_information
need assistance to submit my feedback for ur services,other,product_information
i need help checking in what cases can i ask to be refunded,refund,refund_policy
help to obtain my money back,refund,refund_request
wqhere can i order some of ur article,other,product_information
I have an issue trying to correct my delivery address,delivery,delivery_address
assistance restoring my user account access key,account_access,account_access
where do I see what delivery methods are there?,delivery,delivery_options
where can I check the bloody cancellation penalties?,other,cancellation_fee
list ur available payment methods,payment,payment_methods
withdrawal fee,other,cancellation_fee
The web store freezes and then shuts down before I can use it.,technical_support,technical_app_crash
i need assistance editing order {{Order Number}},other,order_change
i want assistance to notify of a signup error,account_access,account_access
The desktop client freezes after the latest update,technical_support,technical_website_error
i dont know what to do to track purchase {{Order Number}},delivery,track_order
can I delete several articles from purchase {{Order Number}}?,other,order_change
i do not know what i have to do to create a standard account,account_access,account_creation
I do not know how to demand a reimbursement,refund,refund_request
i can no longer pay fororder {{Order Number}} cancel it,other,order_cancellation
wanna place an order can ya help me,other,product_information
need assistance to check the status of order {{Order Number}},delivery,track_order
i have a problem with creating a freemium account,account_access,account_creation
I am trying to check the options for shipping,delivery,delivery_options
i cant check ur moeny back guarantee,refund,refund_policy
i want help to locate the invoice from {{Person Name}},other,invoice_request
wanna use th gold account how can i do it,account_access,account_management
could you help me to receive your newsletter?,other,newsletter
can you help me see what delivery options I have?,delivery,delivery_options
I want  assistance downloading the invoice #00108,other,invoice_request
can you help me to set up a different delivery address?,delivery,delivery_address
need assistance getting a refund of my money,refund,refund_request
My security camera is not recognised by the web store.,technical_support,technical_device_setup
I need assistance canceling ordr {{Order Number}},other,order_cancellation
where can I make a consumer claim against your company?,other,general_complaint
under what circumstances can I ask to be reimbursed?,refund,refund_policy
Thank you for the helpful service,other,general_complaint
The checkout page will not complete my order in the web store.,technical_support,technical_checkout_error
how to inform of payment probloems?,payment,payment_issue
need to see in what situations can i ask for a reimbursement,refund,refund_policy
I need assistance to receive your corporate newsletter,other,newsletter
how can i demand refunds of my money,refund,refund_request
can you tell me about editing the shipping address?,delivery,delivery_address
want help to make a consumer complaint against ur company,other,general_complaint
I don't know how to see how soon can I expect my parcel,delivery,delivery_delay
wshere do i list ur allowed payment options,payment,payment_methods
"I purchased some articles, cancel order {{Order Number}}",other,order_cancellation
I want help to leave some feedback for a product,other,product_information
"I have got to modify purchase {{Order Number}}, I need help",other,order_change
I have got to look for my bill #00108,other,invoice_request
help me seeing in which cases can I request my money back,refund,refund_policy
help seeing the early termination fee,other,cancellation_fee
"I have to list the payment options, will you help me?",payment,payment_methods
I'm trying to write a review for ur company,other,product_information
i need assistance to check the status of order {{Order Number}},delivery,track_order
can ushow me the cancellation fees,other,cancellation_fee
can ushow me in which cases can i ask for reimbursements,refund,refund_policy
opening new {{Account Type}} account for daughter,account_access,account_creation
I want help to purchase several damn products,other,product_information
i need help to lodge a customer claim agaisnt ur business,other,general_complaint
need to see at what time i can contact customer service,other,human_request
I need to check the withdrawal fee,other,cancellation_fee
"I want to track the reimbursement, can you help me?",refund,refund_pending
I have a question about a freemium account cancellation,account_access,account_management
"I cannot open a user, I have to inform of a signup issue",account_access,account_access
i want information about creating a {{Account Category}} account,account_access,account_creation
is htere an address to submit an opinion for a product,other,product_information
calling customer assistance,other,human_request
could you help me to submit my feedback for your products?,other,product_information
i have a question about thepayments,payment,payment_issue
Order ORD-12345 is late and I need it as soon as possible.,delivery,delivery_delay
I want assistance to recover my user profile PIN,account_access,account_access
check allowed payment methods,payment,payment_methods
I need assistance asking for compensations of money,refund,refund_request
"I havve to sign up to the newsletter, I need assistance",other,newsletter
"I have got to check the withdrawal charges, help me",other,cancellation_fee
i need help with swapping something of order {{Order Number}},other,order_change
any news on the refund,refund,refund_pending
assistance seeing in what situations can i ask for refunds,refund,refund_policy
I need to speak with a live agent,other,human_request
The tracking link is not updating,delivery,delivery_delay
how to edt order {{Order Number}},other,order_change
"I haven't signed up, could I create a {{Account Type}} account with you?",account_access,account_creation
what do i have to do to check when will my parcel arrive,delivery,delivery_delay
what do i have to do to see when my order is gonna arrive,delivery,delivery_delay
how can I make a complaint against your company?,other,general_complaint
what do I need to do to see order {{Order Number}} status?,delivery,track_order
i need help to see purchase {{Order Number}} status,delivery,track_order
I am trying to see how long refunds usually take,refund,refund_policy
I donot know what I have to do to inform of payment issues,payment,payment_issue
order 113542617735902current status,delivery,track_order
I'm unsatisfied with ur work how do i lodge a claim,other,general_complaint
I missed several damn articles in order {{Order Number}},other,order_change
can uhelp me to solve a problem with online payments,payment,payment_issue
is it possible to get a refund of money,refund,refund_request
I'd like to chat withan assistant,other,human_request
need help checking trhe early exit charge,other,cancellation_fee
I don't know how I can cancel purchase {{Order Number}},other,order_cancellation
how can I find information about a delivery address change?,delivery,delivery_address
editing data on gold acocunt,account_access,account_management
i havegot to cancel purchase {{Order Number}},other,order_cancellation
could I contact an operator?,other,human_request
i dont know what i need to do to create a {{Account Category}} account,account_access,account_creation
help me see your azllowed payment modalities,payment,payment_methods
do ya have an e-mail to leave my feedback about ur services,other,product_information
watn help to change to the premium account,account_access,account_management
can you give me information about the damn shipment options?,delivery,delivery_options
can you help me to set up my secondary shipping address?,delivery,delivery_address
I do not know how to check your payment methods,payment,payment_methods
how to see order {{Order Number}} current status?,delivery,track_order
i want assistance seeing order {{Order Number}} status,delivery,track_order
need to see the payment potions how to do it,payment,payment_methods
can I know if there is anything new on the restitution?,refund,refund_pending
how do I know if there is anything new on my reimbursement?,refund,refund_pending
I need help  to get a refund,refund,refund_request
The mobile app keeps crashing when I view my orders.,technical_support,technical_app_crash
what do i need to do to get in touch with customer support,other,human_request
how do I remove several items from purchase {{Order Number}}?,other,order_change
"I cannot understand you, I want to speak to a person",other,human_request
"I have to sign up to the newsletter, I need help",other,newsletter
want help to open a {{Account Type}} account for my dad,account_access,account_creation
I get error code E500 when I try to check out on the website.,technical_support,technical_checkout_error
help to see the status of my rebate,refund,refund_pending
can you help me see what methods for delivery I have?,delivery,delivery_options
what do I have to do to speak with an agent?,other,human_request
I do not know what I need to do to remove my gold account,account_access,account_management
where do i cancel order {{Order Number}},other,order_cancellation
I have missed some goddamn articles in purchase {{Order Number}},other,order_change
how do i change some items of order {{Order Number}},other,order_change
help  me canceling purchase {{Order Number}},other,order_cancellation
"I want to list the allowed payment methods, how to do it?",payment,payment_methods
where can I check when will my product arrive?,delivery,delivery_delay
showing me purchase {{Order Number}} status,delivery,track_order
I need help leaving my feedback for your products,other,product_information
I want assistance entering the new delivery address,delivery,delivery_address
i dont know how to contact customer support,other,human_request
can you help me sign up to the company newsletter?,other,newsletter
issue changing shipping address,delivery,delivery_address
needhelp submitting some feedback,other,product_information
I need assistance to check how soon can I expect my delivery,delivery,delivery_delay
how to get a rebate of money?,refund,refund_request
in what situations can I request to be refunded ?,refund,refund_policy
where can I notify of issues with online payment?,payment,payment_issue
The order page freezes and then shuts down before I can use it.,technical_support,technical_app_crash
i have a problem setting a secondary shipping address up,delivery,delivery_address
I have to see in which cases can I request to be refunded,refund,refund_policy
I need to speak to an operator,other,human_request
help informing of a problem with sign-up,account_access,account_access
is it possible to write a review about ur rpoducts,other,product_information
how to track order {{Order Number}}?,delivery,track_order
help me seeing your accepted payment modalities,payment,payment_methods
"I have to list the allowed payment modalities, help me",payment,payment_methods
editting details on pro account,account_access,account_management
where do I lodge a consumer reclamation?,other,general_complaint
ened assistance to see the termination penalties,other,cancellation_fee
i try to check how long it takes forf my product to arrive,delivery,delivery_delay
I am waiting for an restitution of {{Refund Amount}} dollars,refund,refund_pending
I have got to set up a secondary shipping address,delivery,delivery_address
can you help me to see if there are any news on my refund?,refund,refund_pending
correcting infornation on premium account,account_access,account_management
I want assistance to cancel a gold account,account_access,account_management
I want to know moreabout the delivery period,delivery,delivery_delay
can i check how soon can i expect the item,delivery,delivery_delay
where to check what payment options are accepted?,payment,payment_methods
correcting infornation on standard account,account_access,account_management
i have to correct the personal details can i get some help,account_access,account_management
i dont know what i need to do to receive a rebate,refund,refund_request
"I would like to contact customer support, could you help me?",other,human_request
i have troubles changing the address,delivery,delivery_address
checking bill #12588,other,invoice_request
I don't know what I have to do to demand my money back,refund,refund_request
help me seeing how long it takes for the delivery to rarive,delivery,delivery_delay
i have t check the available payment options will uhelp me,payment,payment_methods
I cannot see the current status of order {{Order Number}},delivery,track_order
"I cannot sign up, assistance reporting fucking signup issues",account_access,account_access
i want my rebate of money,refund,refund_request
assistance seeing the early exit charges,other,cancellation_fee
can I check the ETA of order {{Order Number}}?,delivery,track_order
I want help seeing the invoices from {{Person Name}},other,invoice_request
want assistance to check how soon can i exppect the item,delivery,delivery_delay
what do I need to do to speak with an operator?,other,human_request
is it possible to see the witdrawal penalties,other,cancellation_fee
I am trying to retrieve the key of my user account,account_access,account_access
changing information on standard account,account_access,account_management
how to see order {{Order Number}} status?,delivery,track_order
i need help seeing order {{Order Number}} current status,delivery,track_order
Please help diagnose a malfunction with my smart speaker.,technical_support,technical_product_malfunction
i do not know what i need to do to delete a {{Account Category}} acclunt,account_access,account_management
"I have to create a {{Account Category}} account, I need assistance",account_access,account_creation
i cannot sign up help me reporting sign-up errors,account_access,account_access
I don't know how to inform of a trouble with payment,payment,payment_issue
I don't know what to do to purchase some of your article,other,product_information
i do not know how i can list the lalowed payment options,payment,payment_methods
I need to see your available payment options,payment,payment_methods
Please check why my card payment is pending,payment,payment_issue
I am trying to see in what cases can I request a refund,refund,refund_policy
i try to see the statuis of purchase {{Order Number}},delivery,track_order
where do i enter a different shipping address,delivery,delivery_address
need assistance to modify the address,delivery,delivery_address
i dont know how i can check the cancellation penalty,other,cancellation_fee
where can I find information about shipping periods?,delivery,delivery_delay
I am trying to find the shipping perod,delivery,delivery_delay
My bank transfer has not appeared yet,payment,payment_issue
how could I leave a review for your products?,other,product_information
i need assistance making a consumer claim against ur compan,other,general_complaint
want assistance to send feedback for a product,other,product_information
I have a problem with cancelling order {{Order Number}},other,order_cancellation
would it be possible to leave a comment for a service?,other,product_information
Please fix the checkout error in the order page; I cannot finish my order.,technical_support,technical_checkout_error
need to switch some products of purchase {{Order Number}},other,order_change
help doing a  purchase,other,product_information
help checking when my article is gonna arrive,delivery,delivery_delay
"I have to see the cancellation charges, help me",other,cancellation_fee
where can i see the early termination fees,other,cancellation_fee
"you aren't helpful at all, talk to an operator",other,human_request
"I cannot afford this order, cancel purchase {{Order Number}}",other,order_cancellation
help to see your money back policy,refund,refund_policy
I want assistance to report problems with online payments,payment,payment_issue
I do not know how to cancel order {{Order Number}},other,order_cancellation
i want assistance to receive the corporate newsletter,other,newsletter
I have to check how long it takes for my delivery to arrive,delivery,delivery_delay
can I track the reimbursement?,refund,refund_pending
what do i need to do to change to hte {{Account Type}} account,account_access,account_management
My courier package is stuck at the sorting center,delivery,delivery_delay
where to check the termination fee,other,cancellation_fee
I want help downloading my invoices from {{Person Name}},other,invoice_request
can ya help me see the accepted payment modalities,payment,payment_methods
"I lost the bill #12588, mail it to me",other,invoice_request
I want assistance to see the early termination fees,other,cancellation_fee
show ur money back policcy,refund,refund_policy
where can I get information about the shipping period?,delivery,delivery_delay
I need help to see how long the delivery takes,delivery,delivery_delay
"I want to edit order {{Order Number}} , will you help me?",other,order_change
assistance downloading my invoices from {{Person Name}},other,invoice_request
I try to update my address,delivery,delivery_address
reporting issue with payment,payment,payment_issue
is it possible to create a standard account?,account_access,account_creation
"I have to swap some items of purchase {{Order Number}}, help me",other,order_change
i do not know how to cancel order {{Order Number}},other,order_cancellation
What is the refund policy,refund,refund_request
"I need to see the cancellation penalties, will you help me?",other,cancellation_fee
I have a question about product features,other,general_complaint
I want to check the bloody payment options,payment,payment_methods
Why does the order page show a loading error when I sign in?,technical_support,technical_login_error
is it possible to check ur allowed payment modalities,payment,payment_methods
deleting account,account_access,account_management
how could I switch several articles of purchase {{Order Number}}?,other,order_change
there is an error trying to update the address,delivery,delivery_address
I don't know how I can get the bills from {{Person Name}},other,invoice_request
get invoice from nine months ago,other,invoice_request
correcting info on freemium account,account_access,account_management
I try to see the available payment options,payment,payment_methods
can I check what hours I can reach customer assistance?,other,human_request
Something is wrong with the robot vacuum; it fails during normal use.,technical_support,technical_product_malfunction
acquire afew of ur item,other,product_information
"I have to see the status of my reimbursement, I need help",refund,refund_pending
I want help to reset the password of my user,account_access,account_access
show me in which situations can I ask for reimbursements,refund,refund_policy
there is anything new on the reimbursement,refund,refund_pending
I need help  checking the withdrawal charges,other,cancellation_fee
help checking what shipment methods i can choose,delivery,delivery_options
want assistance switching an item of purchase {{Order Number}},other,order_change
where can i report a sign-up issue,account_access,account_access
want help writing an comment for your services,other,product_information
what do I have to do to speak to a live agent?,other,human_request
how can I see the accepted payment options?,payment,payment_methods
assistance to check in which cases can i request a refund,refund,refund_policy
i have got to edit my personal information can uhelp me,account_access,account_management
can uhelp me to notify of errors with payment,payment,payment_issue
The web store page displays error code C102 instead of my account.,technical_support,technical_website_error
assistance to see what shipping options uoffer,delivery,delivery_options
I do not know what I need to do to change to the pro acount,account_access,account_management
Please help diagnose a malfunction with my wireless printer.,technical_support,technical_product_malfunction
need assistance to talk to someone,other,human_request
i have got to get bill #37777 how to do it,other,invoice_request
I want help to cancel my company newsletter subscription,other,newsletter
i do not know how i could report signup issues,account_access,account_access
help seeing in what situations can I request reimbursements,refund,refund_policy
need to know if there is anything new on the restitution,refund,refund_pending
Please help me unlock my account.,account_access,account_access
how do I subscribe to your newsletter?,other,newsletter
where can i submit my feedback for ur company,other,product_information
I want assistance to edit my shipping address,delivery,delivery_address
how can i cancel purchase {{Order Number}},other,order_cancellation
I can't notify of issues with a registration,account_access,account_access
"I have got to see when will my parcel arrive, help me",delivery,delivery_delay
issues setting my new delivery address up,delivery,delivery_address
where do i check the cancellation penalty,other,cancellation_fee
The mobile app page displays an unexpected error instead of my account.,technical_support,technical_website_error
i have to use the freemium account could ya help m,account_access,account_management
"I cannot sign up, could I inform of a registration issue?",account_access,account_access
want help creating a premium account for my dad,account_access,account_creation
i have got to change purchase {{Order Number}},other,order_change
track order,delivery,track_order
"I have to see order {{Order Number}} status, I need assistance",delivery,track_order
wanna know about delivery periods give me some informtion,delivery,delivery_delay
Login is not working on the website; please help me regain access.,technical_support,technical_login_error
I see a broken page in the website when I search for a product.,technical_support,technical_website_error
can I modify order {{Order Number}}?,other,order_change
My shopping app closes unexpectedly every time I open it.,technical_support,technical_app_crash
I want assistance to see when will my item arrive,delivery,delivery_delay
I do not know how to switch some items of order {{Order Number}},other,order_change
need assistance cancelling order {{Order Number}},other,order_cancellation
i want assistance seeing what shipment methods are there,delivery,delivery_options
i cant see if there is anything wrong with my reimbursement,refund,refund_pending
Please cancel my order and issue a refund,refund,refund_request
I don't know what to do to ask for compensationsof my money,refund,refund_request
I try to order some of your article,other,product_information
how do I see how soon can I expect my package?,delivery,delivery_delay
cancelling {{Account Category}} account,account_access,account_management
receiving rebate,refund,refund_request
i have got to update the info included on my user profile,account_access,account_management
The latest app update made the application unusable.,technical_support,technical_app_crash
want assistance to write an opinion about ur productd,other,product_information
checking purchase {{Order Number}} current status,delivery,track_order
want assistance to make a consumer reclamation,other,general_complaint
there is an error modifying the delivery address,delivery,delivery_address
can ya help me to see what payment option are allowed,payment,payment_methods
help  with cancelling order {{Order Number}},other,order_cancellation
could you help me to request a compensation of my money?,refund,refund_request
I do not know what to do to check the cancellation penalties,other,cancellation_fee
I need assistance seeing my reimbursement current status,refund,refund_pending
is it possible to notify of registration problems,account_access,account_access
I cannot sign up to the company newsletter,other,newsletter
want help seeing in what cases can i request a reimbursement,refund,refund_policy
I need assistance to chat with an operator,other,human_request
help to swap something of order {{Order Number}},other,order_change
can uhelp me to use the {{Account Category}} profile,account_access,account_management
want help checking ur reimbursement policy,refund,refund_policy
"I do not want the item I purchased, can I cancel the order?",other,order_cancellation
cfan you help me to unsubscribe from the newsletter?,other,newsletter
I want to check what hours I can contact customer support,other,human_request
I need help checking the allowed payment methods,payment,payment_methods
problems with a delivery address update,delivery,delivery_address
I want assistance to see your damn money back guarantee,refund,refund_policy
create nbew standard account,account_access,account_creation
I want help trying to update my shipping address,delivery,delivery_address
"I have to create a {{Account Category}} account, how do I do it?",account_access,account_creation
"I want to inform of a problem with online payments, help me",payment,payment_issue
The order page is not loading correctly in my browser.,technical_support,technical_website_error
i do not know how i can remove the premium account,account_access,account_management
could I see the current status of order {{Order Number}}?,delivery,track_order
need assistance to check when my product is gonna arrive,delivery,delivery_delay
can ya help me to check when my product is gonna arrive,delivery,delivery_delay
can i place a  fucking order from {{Delivery City}},delivery,delivery_options
wanna see order {{Order Number}} damn current status help me,delivery,track_order
help to make a consumer reclamation against your business,other,general_complaint
I need technical help because my new smart speaker will not turn on.,technical_support,technical_product_malfunction
I don't know what to do to see the delivery options,delivery,delivery_options
Checkout is broken and will not accept my selection on the website.,technical_support,technical_checkout_error
where do I check the payment modalities?,payment,payment_methods
lodging customer complaint against your company,other,general_complaint
help to report a problem with a registration,account_access,account_access
I don't know how I can speak with customer support,other,human_request
"my bloody delivery address changed, can I update it?",delivery,delivery_address
how do I check the current status of my restitution?,refund,refund_pending
i need help seeing ur payment methods,payment,payment_methods
I do not know how I could check the ETA of purchase {{Order Number}},delivery,track_order
I cannot complete device setup for the security camera.,technical_support,technical_device_setup
want supports trying to modify the address,delivery,delivery_address
I do not know how to get my bill #12588,other,invoice_request
where do I list the payment options?,payment,payment_methods
need help lpocating the bloody invoice from {{Person Name}},other,invoice_request
need help with canceling order {{Order Number}},other,order_cancellation
want assistance reporting a sign-up issue,account_access,account_access
Why does the customer portal show a blank screen when I sign in?,technical_support,technical_login_error
can uhelp me remove several articles from order {{Order Number}},other,order_change
can uhelp me check my refund current status,refund,refund_pending
any news on my bloody reimbursement,refund,refund_pending
"I forgot my account password, how t reset it?",account_access,account_access
I need to recover my user account access key,account_access,account_access
making customer reclamation against ur company,other,general_complaint
can you help me make a complaint against your company?,other,general_complaint
I try to check what hours I can contact customer support,other,human_request
closing {{Account Type}} account,account_access,account_management
change data on freemium account,account_access,account_management
I have got to chat with someone,other,human_request
I want to see if there is anything new on the restitution,refund,refund_pending
tell me about cancel the subscription to the newsletter,other,newsletter
how do i cancel purchase {{Order Number}},other,order_cancellation
need to create an {{Account Category}} account,account_access,account_creation
"I need to see how soon can I expect my order, help me",delivery,delivery_delay
i can no longer pay for purchase {{Order Number}},other,order_cancellation
I need help checking what payment methods are allowed,payment,payment_methods
what do I need to do to contact an operator?,other,human_request
i cannot check if there are any news on the compensation,refund,refund_pending
I can't check the status of purchase {{Order Number}},delivery,track_order
I don't know how to cancel my newsletter subscription,other,newsletter
need help to leave a comment for your productsa,other,product_information
I cannot use the web store because it keeps crashing.,technical_support,technical_app_crash
where to acquire several of your item?,other,product_information
i aint registered yet help me opening an {{Account Type}} account,account_access,account_creation
assistance to demand a rebate,refund,refund_request
"I cannot afford this article, cancel order {{Order Number}}",other,order_cancellation
assistance to check what methods for delivery I have,delivery,delivery_options
I want help to check the allowed payment options,payment,payment_methods
how to unsubscribe to the newsletter?,other,newsletter
where can I get information about modifying the address?,delivery,delivery_address
i dont know what i need to do to request rebates,refund,refund_request
My security camera stopped working after delivery.,technical_support,technical_product_malfunction
I do not know what I have to do to remove a {{Account Type}} account,account_access,account_management
need help with switching an item of purchase {{Order Number}},other,order_change
help me checking the current status of purchase {{Order Number}},delivery,track_order
"I need to speak with fucking customer assistance, help me",other,human_request
how do i retrieve my profile pin,account_access,account_access
help checking at what time I can contact customer support,other,human_request
"I want to check your money back guarantee, I need help",refund,refund_policy
where do I lodge a claim against your business?,other,general_complaint
I need to cancel order {{Order Number}},other,order_cancellation
I don't know what I need to do to download invoice #85632,other,invoice_request
how canI change order {{Order Number}}?,other,order_change
help speaking to a human agent,other,human_request
I have problems with the cancellation of a {{Account Type}} account,account_access,account_management
A technical issue stops me from placing my order.,technical_support,technical_checkout_error
"I can't pay for this item, cancel order {{Order Number}}",other,order_cancellation
i want assistance to inform of problwms with payment,payment,payment_issue
The mobile app crashes when I open my order history.,technical_support,technical_app_crash
mail me my invoice from {{Person Name}},other,invoice_request
help me submitting feedback about your company,other,product_information
i want help to close my {{Account Category}} accouny,account_access,account_management
i dont know what to do to locate my bill from {{Person Name}},other,invoice_request
can I check at what time I can call customer service?,other,human_request
assistance to see the accepted payment options,payment,payment_methods
assistance seeing if there is anything wrong with my refund,refund,refund_pending
i have lost my access key can i recover it,account_access,account_access
can you help me make a clain against your business?,other,general_complaint
need to locate the invoices from {{Person Name}} how do i do it,other,invoice_request
how could I check what shipping options are available?,delivery,delivery_options
I need assistanc with adding an item to order {{Order Number}},other,order_change
The delivery is late and I need my package urgently.,delivery,delivery_delay
I want assistance to submit my feedback for a product,other,product_information
want assistance to see what payment options uaccept,payment,payment_methods
question about the removal of my standard account,account_access,account_management
"I have got to talk to customer service, how can I do it?",other,human_request
help me check in what cases can I request my money back,refund,refund_policy
could I delete an item from purchase {{Order Number}}?,other,order_change
help to check in what situations can I request reimbursments,refund,refund_policy
can ya help me report an issue with signup,account_access,account_access
show me how long it normally takes for my item to arrive,delivery,delivery_delay
"I have to see the status of my rebate, how to do it?",refund,refund_pending
I do not know what I have to do to delete the pro account,account_access,account_management
can you help me unsubscribing from the newsletter?,other,newsletter
I want help checking the payment modalities,payment,payment_methods
I want assistance obtaining reimbursements,refund,refund_request
i need assistance downloading my invoices from {{Person Name}},other,invoice_request
is it possible to purchase an article?,other,product_information
help me notify of an sign-up error,account_access,account_access
i dont know what i need to do to obtain compensations,refund,refund_request
i want assistance checking what paytment methods ya accept,payment,payment_methods
can you help me cancelling purchase {{Order Number}}?,other,order_cancellation
is it possible to create a {{Account Category}} account?,account_access,account_creation
see early exit fee,other,cancellation_fee
open pro cacount for wife,account_access,account_creation
i cannot inform of a isgnup issue,account_access,account_access
"I expect a compensation of {{Currency Symbol}}{{Refund Amount}}, was it processed already",refund,refund_pending
where could I reset my profile PIN code?,account_access,account_access
I have got to see in which situations can I ask for a refund,refund,refund_policy
help to see the early exit fee,other,cancellation_fee
i want assistance canceling order {{Order Number}},other,order_cancellation
where to make a customer complaint against your company?,other,general_complaint
can i talk with an agent,other,human_request
how do I speak to someone?,other,human_request
The Bluetooth headset has a fault and I need troubleshooting steps.,technical_support,technical_product_malfunction
assistance talking with somebody,other,human_request
I cannot complete device setup for the fitness tracker.,technical_support,technical_device_setup
where could I get information about shipping period?,delivery,delivery_delay
I don't know how I can talk to cstomer support,other,human_request
show me in which situations can I ask to be reimbursed,refund,refund_policy
delete a product from order {{Order Number}},other,order_change
The shopping app will not let me log in after I enter my email.,technical_support,technical_login_error
how do i cyat with a person,other,human_request
I am trying to see the fucking withdrawal charges,other,cancellation_fee
I need help making a complaint,other,general_complaint
i bought some damn item help to cancep order {{Order Number}},other,order_cancellation
update info on {{Account Type}} account,account_access,account_management
The payment keeps getting declined at checkout,payment,payment_issue
"I have to unsubscribe to your newsletter, I need help",other,newsletter
I do not know how to check the withdrawal fees,other,cancellation_fee
Where is my order? It has been delayed for days.,delivery,delivery_delay
I do not know how I can purchase a few of your article,other,product_information
can you help me ask for a rebate of money?,refund,refund_request
i dont know what to do to speak with a human agent,other,human_request
I need to see if there is anything new on the compensation,refund,refund_pending
I try to check in which cases can I ask for a refund,refund,refund_policy
i have to see in what casescan i request a reimbursement,refund,refund_policy
I can't locate purchase {{Order Number}},delivery,track_order
I  need help asking for a restitution of my money,refund,refund_request
I don't know how to check the bloody shipping options,delivery,delivery_options
The checkout page will not complete my order in the mobile app.,technical_support,technical_checkout_error
update purchase {{Order Number}},other,order_change
how do I make a reclamation against your organization?,other,general_complaint
what do I have to do to get the bill #85632?,other,invoice_request
find information about shipping period,delivery,delivery_delay
want assistance to check the status of purchase {{Order Number}},delivery,track_order
assistance to see if there are any news on the reimbursement,refund,refund_pending
The robot vacuum will not connect to the shopping app.,technical_support,technical_device_setup
i dont know what to do to speak to customer support,other,human_request
show me purchase {{Order Number}} current status,delivery,track_order
"I want to see your refund policy, how to do it?",refund,refund_policy
need heop seeing the ETA of the purchase {{Order Number}},delivery,track_order
"I need to get my bill from {{Person Name}}, could you help me?",other,invoice_request
correct data on gold account,account_access,account_management
nded to check the termination penalties how to do it,other,cancellation_fee
"I am trying to find the shipping methods, I need help",delivery,delivery_options
I want a refund for the item I ordered.,refund,refund_request
The web store keeps rejecting my correct login details.,technical_support,technical_login_error
need help to check the eta  of purchase {{Order Number}},delivery,track_order
want help opening a {{Account Category}} account,account_access,account_creation
updating standard account,account_access,account_management
I need to file a customer complaint against your company,other,general_complaint
need help to file an customer claim against ur organization,other,general_complaint
"I have to see the early exit charge, how do I do it?",other,cancellation_fee
i have got to see ur refund policy can uhelp me,refund,refund_policy
help checking what shipping options are there,delivery,delivery_options
help to check what hours I can call customer service,other,human_request
I have a problem setting up a new shipping address,delivery,delivery_address
want assistance to notify of payment issues,payment,payment_issue
could ya help  me to report a payment problem,payment,payment_issue
do you edliver to {{Delivery Country}}?,delivery,delivery_options
I don't know how to see the shipping methods,delivery,delivery_options
need to check what shipping options are available,delivery,delivery_options
help to see if there is anything wrong with the refund,refund,refund_pending
want assistance cancelling purchase {{Order Number}},other,order_cancellation
I expect a reimbursmeent of {{Refund Amount}} dollars,refund,refund_pending
I want to file a consumer claim against your business,other,general_complaint
need to check under what circumstances can i request refunds,refund,refund_policy
can I receive the company newsletter?,other,newsletter
how do I file a consumer complaint against your company?,other,general_complaint
i have to contact an agent,other,human_request
will you show me what delivery methods I can choose?,delivery,delivery_options
I need technical help because my new security camera will not turn on.,technical_support,technical_product_malfunction
I try to seethe status of purchase {{Order Number}},delivery,track_order
Please show me the current shipment tracking status.,delivery,track_order
could you help me asking for a refund of my money?,refund,refund_request
check at what time customer support available is,other,human_request
I want help to check when will my purchase arrive,delivery,delivery_delay
can you help me to see the withdrawal fee?,other,cancellation_fee
i have to notify of errors with online payment,payment,payment_issue
I'm calling to leave a comment about a service,other,product_information
I try to file a reclamation against your business,other,general_complaint
would it be possible to inform of a bloody payment error?,payment,payment_issue
"I can't make a  payment, how do I notify of fucking errors?",payment,payment_issue
i try to report issues with payments,payment,payment_issue
can i take a quick look at my invoicr #00108,other,invoice_request
how do I shop a few of your item?,other,product_information
I would like to see the status of my compensation,refund,refund_pending
I am trying to see what hours customer service available is,other,human_request
How can I configure my new robot vacuum in the shopping app?,technical_support,technical_device_setup
can you give me information about delivery periods?,delivery,delivery_delay
assistance to update purchase {{Order Number}},other,order_change
can you show me how long the shipping takes?,delivery,delivery_delay
i have a problem with the termination of my {{Account Category}} account,account_access,account_management
"I want to see my reimbursement current status, help me",refund,refund_pending
I am trying to talk with customer support,other,human_request
"I would like to see what payment options you accept, help me",payment,payment_methods
Buttons on the web store do nothing when I click them.,technical_support,technical_website_error
can I check in which cases can I request a refund?,refund,refund_policy
i have to modify purchase {{Order Number}} help me,other,order_change
i have to check at what time i can contact custome support,other,human_request
i have to find the bill #37777,other,invoice_request
"I can't remember my bloody access key, can I restore it?",account_access,account_access
problems setting up the delivery address,delivery,delivery_address
how to  use the platinum account,account_access,account_management
where could I check the current status of the compensation?,refund,refund_pending
where can I see your available payment modalities?,payment,payment_methods
I need help to enter the delivery adress,delivery,delivery_address
help me requesting a bloody compensation,refund,refund_request
I want to see order {{Order Number}} bloody current status,delivery,track_order
want help to make a customer claim,other,general_complaint
I don't know how I can list the allowed payment methods,payment,payment_methods
where do i ask for a refund,refund,refund_request
check invoice from five months ago,other,invoice_request
where can I modify my delivery address?,delivery,delivery_address
canyou help me reset the access key of my user account?,account_access,account_access
creating new {{Account Type}} account for daughter,account_access,account_creation
wanna see ur available payment metods i need assistance,payment,payment_methods
i need assistance trying to edit my delivery address,delivery,delivery_address
"I would like to create a pro account, how do I do it?",account_access,account_creation
i do not know what to  do to list ur payment modalities,payment,payment_methods
The website is not loading correctly in my browser.,technical_support,technical_website_error
help me seeing the current status of my reimbursement,refund,refund_pending
I have to edit my delivery address,delivery,delivery_address
"I want to track purchase {{Order Number}}, how could I do it?",delivery,track_order
I want help notifying of troubles with payments,payment,payment_issue
can you help me to make a claim against your business?,other,general_complaint
i cannot pay want help to report errors with payments,payment,payment_issue
assistance seeing the bloody ETA of the purchase {{Order Number}},delivery,track_order
there are issues trying to edit my delivery address,delivery,delivery_address
"I am unhappy with your service, I have to file a reclamation",other,general_complaint
i dont know what i need to do to inform of payment errors,payment,payment_issue
i cannot find the invoice from {{Person Name}} find it for me,other,invoice_request
want assistance notifying of errors with payment,payment,payment_issue
can uhelp me to sign up to the newsletter,other,newsletter
I don't know how I can check the termination penalty,other,cancellation_fee
"I have to contact customer service, how can I do it?",other,human_request
where do I get rebates of my money?,refund,refund_request
I need help with adding a producft to order {{Order Number}},other,order_change
i have ot change to the standard account how do i do it,account_access,account_management
need help leaving my feedback about your company,other,product_information
I am trying to purchase several items,other,product_information
help me to submit my feedback for your products,other,product_information
can I check the early termination fee?,other,cancellation_fee
see the bill #00108,other,invoice_request
i need assistance reporting problems with a sign-up,account_access,account_access
what do i have to do to subscribe to ur company newsleter,other,newsletter
writing review for a service,other,product_information
"I have got to cancel my newsletter subscription, help me",other,newsletter
want assistance writing a comment about a service,other,product_information
I do not know how I ca cancel order {{Order Number}},other,order_cancellation
i want help asking for a reimbursement of my monney,refund,refund_request
can ya help me talk with a human agent,other,human_request
new bloody pro account,account_access,account_creation
problem witth cancelling order {{Order Number}},other,order_cancellation
where do i open a gold account for my fiance,account_access,account_creation
can ya hlp me talk to an assistant,other,human_request
problem with creating a gold account,account_access,account_creation
i  have got to inform of troubles with online payment,payment,payment_issue
"I am very unsatisfied with your work, make a fucking claim",other,general_complaint
will you show me how soon canh I expect my parcel?,delivery,delivery_delay
I want help to send my feedback about your services,other,product_information
where to file a customer complaint against ur business,other,general_complaint
report problems with payment,payment,payment_issue
can you help me subscribing to your corporate newsletter?,other,newsletter
i want help to check when will my product arrive,delivery,delivery_delay
how to see what methods for delivery I can choose?,delivery,delivery_options
i need help to add several product to order {{Order Number}},other,order_change
help me see the status of order {{Order Number}},delivery,track_order
The mobile app will not let me log in after I enter my email.,technical_support,technical_login_error
The password reset email is not arriving,account_access,account_access
icant see the eta of purchase {{Order Number}},delivery,track_order
i do not know how to unsubscribe from the company newsletter,other,newsletter
where can i check how soon can i expect my item,delivery,delivery_delay
could you help me leave feedback about a product?,other,product_information
I need help to switcdh to the freemium account,account_access,account_management
new pro acount for wife,account_access,account_creation
can you help me cancelling oredr {{Order Number}}?,other,order_cancellation
assistance seeing the cancellation charge,other,cancellation_fee
problem with cancelig order {{Order Number}},other,order_cancellation
I cannot place my order because checkout freezes on the customer portal.,technical_support,technical_checkout_error
I need assistnce seeing the termination penalty,other,cancellation_fee
i want help checking when my item is gonna arrive,delivery,delivery_delay
there is an issue submitting the secondary shipping address,delivery,delivery_address
I don't know how I can create a pro account for my dad,account_access,account_creation
status of order,delivery,track_order
how do I notify of an issue with payment?,payment,payment_issue
show me the fucking current status of order {{Order Number}},delivery,track_order
where do I cancel order {{Order Number}}?,other,order_cancellation
seeing order {{Order Number}} current status,delivery,track_order
I have problems setting up a secondary delivery address,delivery,delivery_address
would it be possible to see what shipping options are there?,delivery,delivery_options
I try to see the ETA of order {{Order Number}},delivery,track_order
i dont know how i can see ur reimbursement policy,refund,refund_policy
I want to create a {{Account Type}} account for my daughter,account_access,account_creation
i need help seeing the status of my compensation,refund,refund_pending
wannasee the cancellation penalties can uhelp me,other,cancellation_fee
I receive a a blank screen message whenever I try to access my account on the customer portal.,technical_support,technical_login_error
I need helpto cancel order {{Order Number}},other,order_cancellation
"my new shipping address is invalid, can you help me?",delivery,delivery_address
I need assistance to check my invoice from {{Person Name}},other,invoice_request
i need assistance notifying of  signup problems,account_access,account_access
where to notify of problems with an sign-up,account_access,account_access
"my experience with you was terrible, help me lodging a claim",other,general_complaint
i need help checking ur accepted payment methods,payment,payment_methods
can uhelp me swap some articles of purchase {{Order Number}},other,order_change
where could I see the early exit penalties?,other,cancellation_fee
I call to lodge a consumer claim against your organization,other,general_complaint
want help seeing the eta of  purchase {{Order Number}},delivery,track_order
I can't see the damn status of order {{Order Number}},delivery,track_order
can you hlp me seeing when my product is going to arrive?,delivery,delivery_delay
notifyu of payment issues,payment,payment_issue
can ya show me in what cases can i ask for a reimbursement,refund,refund_policy
help me to change the delivery address,delivery,delivery_address
I do not know what to do to acquire several damn products,other,product_information
The website keeps rejecting my correct login details.,technical_support,technical_login_error
help me making a customer complaint,other,general_complaint
I do not know how to look for the bill from {{Person Name}},other,invoice_request
uhave a way to submit an opinion about a product,other,product_information
Can I change my email preferences,other,general_complaint
The shopping app page displays a server error instead of my account.,technical_support,technical_website_error
I try to see the termination fee,other,cancellation_fee
how od i edit purchase {{Order Number}},other,order_change
assistance filing a customer complaint against your business,other,general_complaint
can you help me to see what delivery options I have?,delivery,delivery_options
i cannot make a payment help me inform of fucking issues,payment,payment_issue
where to check the available payment methods?,payment,payment_methods
i try to unsubscribe to ur companu newsletter,other,newsletter
i want assistance informing of  a sign-up issue,account_access,account_access
wanna nusubscribe from the company newsletter,other,newsletter
I need help cancelling purchase {{Order Number}},other,order_cancellation
I want help canceling my {{Account Type}} account,account_access,account_management
can you help me changing a product of a purchase?,other,order_change
how can i check ur accepted payment options,payment,payment_methods
what do i need to do to change to the pro account,account_access,account_management
need assistance locating purchase {{Order Number}},delivery,track_order
I don't know how I can request a rebate,refund,refund_request
where can I see the status of the restitution?,refund,refund_pending
where to lodge a complaint?,other,general_complaint
can you help me check what delivery methods are available?,delivery,delivery_options
where do I see my invoices from {{Person Name}}?,other,invoice_request
I don't know how to shop some items,other,product_information
I am trying to notify of problems with onine payments,payment,payment_issue
want assistance to reset the pin of my account,account_access,account_access
"I don't understand you, can you help me talk with an agent?",other,human_request
I have issues setting up a secondary shipping address,delivery,delivery_address
can ya help me to inform of a problem with payment,payment,payment_issue
where do I unsubscribe from the newsletter?,other,newsletter
how can i add some bloody products to order {{Order Number}},other,order_change
want assistance checking how soon can i expect the delivery,delivery,delivery_delay
where to change to the freemium account,account_access,account_management
I would like to list the payment modalities,payment,payment_methods
Why is my refund still being processed?,refund,refund_pending
help to see in which cases can i request my money back,refund,refund_policy
help me check how long it takes for the package to arrive,delivery,delivery_delay
can i add some products to purchase {{Order Number}},other,order_change
how to switch an item of purchase {{Order Number}},other,order_change
"I need to check the cancellation penalties, help me",other,cancellation_fee
I don't know how I can cotnact somebody,other,human_request
I am trying to inform of an issue with registrations,account_access,account_access
could you help me listing your accepted payment methods?,payment,payment_methods
I want help to see if there are any news on the compensation,refund,refund_pending
I have got to see in which cases can I ask to be reimbursed,refund,refund_policy
I have problem with creating a {{Account Category}} account,account_access,account_creation
what do i need to do to buy a product,other,product_information
I have got to check the status of purchase {{Order Number}},delivery,track_order
i have got to set up my secondary deliver address,delivery,delivery_address
